  0
SECTION
  2
HEADER
  9
$ACADVER
  1
AC1024
  9
$ACADMAINTVER
 70
6
  9
$DWGCODEPAGE
  3
ANSI_1252
  9
$LASTSAVEDBY
  1
ezdxf
  9
$INSBASE
 10
0.0
 20
0.0
 30
0.0
  9
$EXTMIN
 10
1e+20
 20
1e+20
 30
1e+20
  9
$EXTMAX
 10
-1e+20
 20
-1e+20
 30
-1e+20
  9
$LIMMIN
 10
0.0
 20
0.0
  9
$LIMMAX
 10
420.0
 20
297.0
  9
$ORTHOMODE
 70
0
  9
$REGENMODE
 70
1
  9
$FILLMODE
 70
1
  9
$QTEXTMODE
 70
0
  9
$MIRRTEXT
 70
1
  9
$LTSCALE
 40
1.0
  9
$ATTMODE
 70
1
  9
$TEXTSIZE
 40
2.5
  9
$TRACEWID
 40
1.0
  9
$TEXTSTYLE
  7
Standard
  9
$CLAYER
  8
0
  9
$CELTYPE
  6
ByLayer
  9
$CECOLOR
 62
256
  9
$CELTSCALE
 40
1.0
  9
$DISPSILH
 70
0
  9
$DIMSCALE
 40
1.0
  9
$DIMASZ
 40
2.5
  9
$DIMEXO
 40
0.625
  9
$DIMDLI
 40
3.75
  9
$DIMRND
 40
0.0
  9
$DIMDLE
 40
0.0
  9
$DIMEXE
 40
1.25
  9
$DIMTP
 40
0.0
  9
$DIMTM
 40
0.0
  9
$DIMTXT
 40
2.5
  9
$DIMCEN
 40
2.5
  9
$DIMTSZ
 40
0.0
  9
$DIMTOL
 70
0
  9
$DIMLIM
 70
0
  9
$DIMTIH
 70
0
  9
$DIMTOH
 70
0
  9
$DIMSE1
 70
0
  9
$DIMSE2
 70
0
  9
$DIMTAD
 70
1
  9
$DIMZIN
 70
8
  9
$DIMBLK
  1

  9
$DIMASO
 70
1
  9
$DIMSHO
 70
1
  9
$DIMPOST
  1

  9
$DIMAPOST
  1

  9
$DIMALT
 70
0
  9
$DIMALTD
 70
3
  9
$DIMALTF
 40
0.03937007874
  9
$DIMLFAC
 40
1.0
  9
$DIMTOFL
 70
1
  9
$DIMTVP
 40
0.0
  9
$DIMTIX
 70
0
  9
$DIMSOXD
 70
0
  9
$DIMSAH
 70
0
  9
$DIMBLK1
  1

  9
$DIMBLK2
  1

  9
$DIMSTYLE
  2
ISO-25
  9
$DIMCLRD
 70
0
  9
$DIMCLRE
 70
0
  9
$DIMCLRT
 70
0
  9
$DIMTFAC
 40
1.0
  9
$DIMGAP
 40
0.625
  9
$DIMJUST
 70
0
  9
$DIMSD1
 70
0
  9
$DIMSD2
 70
0
  9
$DIMTOLJ
 70
0
  9
$DIMTZIN
 70
8
  9
$DIMALTZ
 70
0
  9
$DIMALTTZ
 70
0
  9
$DIMUPT
 70
0
  9
$DIMDEC
 70
2
  9
$DIMTDEC
 70
2
  9
$DIMALTU
 70
2
  9
$DIMALTTD
 70
3
  9
$DIMTXSTY
  7
Standard
  9
$DIMAUNIT
 70
0
  9
$DIMADEC
 70
0
  9
$DIMALTRND
 40
0.0
  9
$DIMAZIN
 70
0
  9
$DIMDSEP
 70
44
  9
$DIMATFIT
 70
3
  9
$DIMFRAC
 70
0
  9
$DIMLDRBLK
  1

  9
$DIMLUNIT
 70
2
  9
$DIMLWD
 70
-2
  9
$DIMLWE
 70
-2
  9
$DIMTMOVE
 70
0
  9
$DIMFXL
 40
1.0
  9
$DIMFXLON
 70
0
  9
$DIMJOGANG
 40
0.785398163397
  9
$DIMTFILL
 70
0
  9
$DIMTFILLCLR
 70
0
  9
$DIMARCSYM
 70
0
  9
$DIMLTYPE
  6

  9
$DIMLTEX1
  6

  9
$DIMLTEX2
  6

  9
$DIMTXTDIRECTION
 70
0
  9
$LUNITS
 70
2
  9
$LUPREC
 70
4
  9
$SKETCHINC
 40
1.0
  9
$FILLETRAD
 40
10.0
  9
$AUNITS
 70
0
  9
$AUPREC
 70
2
  9
$MENU
  1
.
  9
$ELEVATION
 40
0.0
  9
$PELEVATION
 40
0.0
  9
$THICKNESS
 40
0.0
  9
$LIMCHECK
 70
0
  9
$CHAMFERA
 40
0.0
  9
$CHAMFERB
 40
0.0
  9
$CHAMFERC
 40
0.0
  9
$CHAMFERD
 40
0.0
  9
$SKPOLY
 70
0
  9
$TDCREATE
 40
2461302.5864236113
  9
$TDUCREATE
 40
2458532.153996898
  9
$TDUPDATE
 40
2461302.5864236113
  9
$TDUUPDATE
 40
2458532.1544311
  9
$TDINDWG
 40
0.0
  9
$TDUSRTIMER
 40
0.0
  9
$USRTIMER
 70
1
  9
$ANGBASE
 50
0.0
  9
$ANGDIR
 70
0
  9
$PDMODE
 70
0
  9
$PDSIZE
 40
0.0
  9
$PLINEWID
 40
0.0
  9
$SPLFRAME
 70
0
  9
$SPLINETYPE
 70
6
  9
$SPLINESEGS
 70
8
  9
$HANDSEED
  5
660
  9
$SURFTAB1
 70
6
  9
$SURFTAB2
 70
6
  9
$SURFTYPE
 70
6
  9
$SURFU
 70
6
  9
$SURFV
 70
6
  9
$UCSBASE
  2

  9
$UCSNAME
  2

  9
$UCSORG
 10
0.0
 20
0.0
 30
0.0
  9
$UCSXDIR
 10
1.0
 20
0.0
 30
0.0
  9
$UCSYDIR
 10
0.0
 20
1.0
 30
0.0
  9
$UCSORTHOREF
  2

  9
$UCSORTHOVIEW
 70
0
  9
$UCSORGTOP
 10
0.0
 20
0.0
 30
0.0
  9
$UCSORGBOTTOM
 10
0.0
 20
0.0
 30
0.0
  9
$UCSORGLEFT
 10
0.0
 20
0.0
 30
0.0
  9
$UCSORGRIGHT
 10
0.0
 20
0.0
 30
0.0
  9
$UCSORGFRONT
 10
0.0
 20
0.0
 30
0.0
  9
$UCSORGBACK
 10
0.0
 20
0.0
 30
0.0
  9
$PUCSBASE
  2

  9
$PUCSNAME
  2

  9
$PUCSORG
 10
0.0
 20
0.0
 30
0.0
  9
$PUCSXDIR
 10
1.0
 20
0.0
 30
0.0
  9
$PUCSYDIR
 10
0.0
 20
1.0
 30
0.0
  9
$PUCSORTHOREF
  2

  9
$PUCSORTHOVIEW
 70
0
  9
$PUCSORGTOP
 10
0.0
 20
0.0
 30
0.0
  9
$PUCSORGBOTTOM
 10
0.0
 20
0.0
 30
0.0
  9
$PUCSORGLEFT
 10
0.0
 20
0.0
 30
0.0
  9
$PUCSORGRIGHT
 10
0.0
 20
0.0
 30
0.0
  9
$PUCSORGFRONT
 10
0.0
 20
0.0
 30
0.0
  9
$PUCSORGBACK
 10
0.0
 20
0.0
 30
0.0
  9
$USERI1
 70
0
  9
$USERI2
 70
0
  9
$USERI3
 70
0
  9
$USERI4
 70
0
  9
$USERI5
 70
0
  9
$USERR1
 40
0.0
  9
$USERR2
 40
0.0
  9
$USERR3
 40
0.0
  9
$USERR4
 40
0.0
  9
$USERR5
 40
0.0
  9
$WORLDVIEW
 70
1
  9
$SHADEDGE
 70
3
  9
$SHADEDIF
 70
70
  9
$TILEMODE
 70
1
  9
$MAXACTVP
 70
64
  9
$PINSBASE
 10
0.0
 20
0.0
 30
0.0
  9
$PLIMCHECK
 70
0
  9
$PEXTMIN
 10
1e+20
 20
1e+20
 30
1e+20
  9
$PEXTMAX
 10
-1e+20
 20
-1e+20
 30
-1e+20
  9
$PLIMMIN
 10
0.0
 20
0.0
  9
$PLIMMAX
 10
420.0
 20
297.0
  9
$UNITMODE
 70
0
  9
$VISRETAIN
 70
1
  9
$PLINEGEN
 70
0
  9
$PSLTSCALE
 70
1
  9
$TREEDEPTH
 70
3020
  9
$CMLSTYLE
  2
Standard
  9
$CMLJUST
 70
0
  9
$CMLSCALE
 40
20.0
  9
$PROXYGRAPHICS
 70
1
  9
$MEASUREMENT
 70
1
  9
$CELWEIGHT
370
-1
  9
$ENDCAPS
280
0
  9
$JOINSTYLE
280
0
  9
$LWDISPLAY
290
0
  9
$INSUNITS
 70
4
  9
$HYPERLINKBASE
  1

  9
$STYLESHEET
  1

  9
$XEDIT
290
1
  9
$CEPSNTYPE
380
0
  9
$PSTYLEMODE
290
1
  9
$FINGERPRINTGUID
  2
{6060E7A6-0D48-4C91-BEEC-BF1BEAEC0EE3}
  9
$VERSIONGUID
  2
{5EE57387-9182-4E94-97CE-B06D95D2366D}
  9
$EXTNAMES
290
1
  9
$PSVPSCALE
 40
0.0
  9
$OLESTARTUP
290
0
  9
$SORTENTS
280
127
  9
$INDEXCTL
280
0
  9
$HIDETEXT
280
1
  9
$XCLIPFRAME
280
1
  9
$HALOGAP
280
0
  9
$OBSCOLOR
 70
257
  9
$OBSLTYPE
280
0
  9
$INTERSECTIONDISPLAY
280
0
  9
$INTERSECTIONCOLOR
 70
257
  9
$DIMASSOC
280
2
  9
$PROJECTNAME
  1

  9
$CAMERADISPLAY
290
0
  9
$LENSLENGTH
 40
50.0
  9
$CAMERAHEIGHT
 40
0.0
  9
$STEPSPERSEC
 40
24.0
  9
$STEPSIZE
 40
100.0
  9
$3DDWFPREC
 40
2.0
  9
$PSOLWIDTH
 40
0.005
  9
$PSOLHEIGHT
 40
0.08
  9
$LOFTANG1
 40
1.570796326795
  9
$LOFTANG2
 40
1.570796326795
  9
$LOFTMAG1
 40
0.0
  9
$LOFTMAG2
 40
0.0
  9
$LOFTPARAM
 70
7
  9
$LOFTNORMALS
280
1
  9
$LATITUDE
 40
37.795
  9
$LONGITUDE
 40
-122.394
  9
$NORTHDIRECTION
 40
0.0
  9
$TIMEZONE
 70
-8000
  9
$LIGHTGLYPHDISPLAY
280
1
  9
$TILEMODELIGHTSYNCH
280
1
  9
$CMATERIAL
347
20
  9
$SOLIDHIST
280
0
  9
$SHOWHIST
280
1
  9
$DWFFRAME
280
2
  9
$DGNFRAME
280
2
  9
$REALWORLDSCALE
290
1
  9
$INTERFERECOLOR
 62
256
  9
$CSHADOW
280
0
  9
$SHADOWPLANELOCATION
 40
0.0
  0
ENDSEC
  0
SECTION
  2
CLASSES
  0
CLASS
  1
ACDBDICTIONARYWDFLT
  2
AcDbDictionaryWithDefault
  3
ObjectDBX Classes
 90
0
 91
0
280
0
281
0
  0
CLASS
  1
SUN
  2
AcDbSun
  3
SCENEOE
 90
1153
 91
0
280
0
281
0
  0
CLASS
  1
VISUALSTYLE
  2
AcDbVisualStyle
  3
ObjectDBX Classes
 90
4095
 91
0
280
0
281
0
  0
CLASS
  1
MATERIAL
  2
AcDbMaterial
  3
ObjectDBX Classes
 90
1153
 91
0
280
0
281
0
  0
CLASS
  1
SCALE
  2
AcDbScale
  3
ObjectDBX Classes
 90
1153
 91
0
280
0
281
0
  0
CLASS
  1
TABLESTYLE
  2
AcDbTableStyle
  3
ObjectDBX Classes
 90
4095
 91
0
280
0
281
0
  0
CLASS
  1
MLEADERSTYLE
  2
AcDbMLeaderStyle
  3
ACDB_MLEADERSTYLE_CLASS
 90
4095
 91
0
280
0
281
0
  0
CLASS
  1
DICTIONARYVAR
  2
AcDbDictionaryVar
  3
ObjectDBX Classes
 90
0
 91
0
280
0
281
0
  0
CLASS
  1
CELLSTYLEMAP
  2
AcDbCellStyleMap
  3
ObjectDBX Classes
 90
1152
 91
0
280
0
281
0
  0
CLASS
  1
MENTALRAYRENDERSETTINGS
  2
AcDbMentalRayRenderSettings
  3
SCENEOE
 90
1024
 91
0
280
0
281
0
  0
CLASS
  1
ACDBDETAILVIEWSTYLE
  2
AcDbDetailViewStyle
  3
ObjectDBX Classes
 90
1025
 91
0
280
0
281
0
  0
CLASS
  1
ACDBSECTIONVIEWSTYLE
  2
AcDbSectionViewStyle
  3
ObjectDBX Classes
 90
1025
 91
0
280
0
281
0
  0
CLASS
  1
RASTERVARIABLES
  2
AcDbRasterVariables
  3
ISM
 90
0
 91
0
280
0
281
0
  0
CLASS
  1
ACDBPLACEHOLDER
  2
AcDbPlaceHolder
  3
ObjectDBX Classes
 90
0
 91
0
280
0
281
0
  0
CLASS
  1
LAYOUT
  2
AcDbLayout
  3
ObjectDBX Classes
 90
0
 91
0
280
0
281
0
  0
ENDSEC
  0
SECTION
  2
TABLES
  0
TABLE
  2
VPORT
  5
8
330
0
100
AcDbSymbolTable
 70
1
  0
VPORT
  5
23
330
8
100
AcDbSymbolTableRecord
100
AcDbViewportTableRecord
  2
*Active
 70
0
 10
0.0
 20
0.0
 11
1.0
 21
1.0
 12
0.0
 22
0.0
 13
0.0
 23
0.0
 14
0.5
 24
0.5
 15
0.5
 25
0.5
 16
0.0
 26
0.0
 36
1.0
 17
0.0
 27
0.0
 37
0.0
 40
1000.0
 41
1.34
 42
50.0
 43
0.0
 44
0.0
 50
0.0
 51
0.0
 71
0
 72
1000
 73
1
 74
3
 75
0
 76
0
 77
0
 78
0
281
0
 65
0
146
0.0
  0
ENDTAB
  0
TABLE
  2
LTYPE
  5
2
330
0
100
AcDbSymbolTable
 70
3
  0
LTYPE
  5
24
330
2
100
AcDbSymbolTableRecord
100
AcDbLinetypeTableRecord
  2
ByBlock
 70
0
  3

 72
65
 73
0
 40
0.0
  0
LTYPE
  5
25
330
2
100
AcDbSymbolTableRecord
100
AcDbLinetypeTableRecord
  2
ByLayer
 70
0
  3

 72
65
 73
0
 40
0.0
  0
LTYPE
  5
26
330
2
100
AcDbSymbolTableRecord
100
AcDbLinetypeTableRecord
  2
Continuous
 70
0
  3

 72
65
 73
0
 40
0.0
  0
ENDTAB
  0
TABLE
  2
LAYER
  5
1
330
0
100
AcDbSymbolTable
 70
10
  0
LAYER
  5
27
330
1
100
AcDbSymbolTableRecord
100
AcDbLayerTableRecord
  2
0
 70
0
 62
7
  6
Continuous
370
-3
390
13
347
21
  0
LAYER
  5
28
330
1
100
AcDbSymbolTableRecord
100
AcDbLayerTableRecord
  2
Defpoints
 70
0
 62
7
  6
Continuous
290
0
370
-3
390
13
347
21
  0
LAYER
  5
2F
330
1
100
AcDbSymbolTableRecord
100
AcDbLayerTableRecord
  2
纵断面_表格线框
 70
0
 62
7
  6
Continuous
370
-3
390
13
347
21
  0
LAYER
  5
30
330
1
100
AcDbSymbolTableRecord
100
AcDbLayerTableRecord
  2
纵断面_渠底高程线
 70
0
 62
3
  6
Continuous
370
-3
390
13
347
21
  0
LAYER
  5
31
330
1
100
AcDbSymbolTableRecord
100
AcDbLayerTableRecord
  2
纵断面_渠顶高程线
 70
0
 62
1
  6
Continuous
370
-3
390
13
347
21
  0
LAYER
  5
32
330
1
100
AcDbSymbolTableRecord
100
AcDbLayerTableRecord
  2
纵断面_设计水位线
 70
0
 62
5
  6
Continuous
370
-3
390
13
347
21
  0
LAYER
  5
33
330
1
100
AcDbSymbolTableRecord
100
AcDbLayerTableRecord
  2
纵断面_管中心线
 70
0
 62
2
  6
Continuous
370
-3
390
13
347
21
  0
LAYER
  5
34
330
1
100
AcDbSymbolTableRecord
100
AcDbLayerTableRecord
  2
纵断面_文字标注
 70
0
 62
7
  6
Continuous
370
-3
390
13
347
21
  0
LAYER
  5
35
330
1
100
AcDbSymbolTableRecord
100
AcDbLayerTableRecord
  2
断面汇总表
 70
0
 62
7
  6
Continuous
370
-3
390
13
347
21
  0
LAYER
  5
36
330
1
100
AcDbSymbolTableRecord
100
AcDbLayerTableRecord
  2
IP坐标表
 70
0
 62
7
  6
Continuous
370
-3
390
13
347
21
  0
ENDTAB
  0
TABLE
  2
STYLE
  5
5
330
0
100
AcDbSymbolTable
 70
1
  0
STYLE
  5
29
330
5
100
AcDbSymbolTableRecord
100
AcDbTextStyleTableRecord
  2
Standard
 70
0
 40
0.0
 41
0.7
 50
0.0
 71
0
 42
2.5
  3

  4

1001
ACAD
1000
仿宋
1071
0
  0
ENDTAB
  0
TABLE
  2
VIEW
  5
7
330
0
100
AcDbSymbolTable
 70
0
  0
ENDTAB
  0
TABLE
  2
UCS
  5
6
330
0
100
AcDbSymbolTable
 70
0
  0
ENDTAB
  0
TABLE
  2
APPID
  5
3
330
0
100
AcDbSymbolTable
 70
3
  0
APPID
  5
2A
330
3
100
AcDbSymbolTableRecord
100
AcDbRegAppTableRecord
  2
ACAD
 70
0
  0
APPID
  5
65D
330
3
100
AcDbSymbolTableRecord
100
AcDbRegAppTableRecord
  2
HATCHBACKGROUNDCOLOR
 70
0
  0
APPID
  5
65E
330
3
100
AcDbSymbolTableRecord
100
AcDbRegAppTableRecord
  2
EZDXF
 70
0
  0
ENDTAB
  0
TABLE
  2
DIMSTYLE
  5
4
330
0
100
AcDbSymbolTable
 70
1
100
AcDbDimStyleTable
  0
DIMSTYLE
105
2B
330
4
100
AcDbSymbolTableRecord
100
AcDbDimStyleTableRecord
  2
Standard
 70
0
 40
1.0
 41
2.5
 42
0.625
 43
3.75
 44
1.25
 45
0.0
 46
0.0
 47
0.0
 48
0.0
 49
2.5
140
2.5
141
2.5
142
0.0
143
0.03937007874
144
1.0
145
0.0
146
1.0
147
0.625
148
0.0
 69
0
 70
0
 71
0
 72
0
 73
0
 74
0
 75
0
 76
0
 77
1
 78
8
 79
3
170
0
171
3
172
1
173
0
174
0
175
0
176
0
177
0
178
0
179
2
271
2
272
2
273
2
274
3
275
0
276
0
277
2
278
44
279
0
280
0
281
0
282
0
283
0
284
8
285
0
286
0
288
0
289
3
290
0
371
-2
372
-2
  0
ENDTAB
  0
TABLE
  2
BLOCK_RECORD
  5
9
330
0
100
AcDbSymbolTable
 70
2
  0
BLOCK_RECORD
  5
17
330
9
100
AcDbSymbolTableRecord
100
AcDbBlockTableRecord
  2
*Model_Space
340
1A
 70
0
280
1
281
0
  0
BLOCK_RECORD
  5
1B
330
9
100
AcDbSymbolTableRecord
100
AcDbBlockTableRecord
  2
*Paper_Space
340
1E
 70
0
280
1
281
0
  0
ENDTAB
  0
ENDSEC
  0
SECTION
  2
BLOCKS
  0
BLOCK
  5
18
330
17
100
AcDbEntity
  8
0
100
AcDbBlockBegin
  2
*Model_Space
 70
0
 10
0.0
 20
0.0
 30
0.0
  3
*Model_Space
  1

  0
ENDBLK
  5
19
330
17
100
AcDbEntity
  8
0
100
AcDbBlockEnd
  0
BLOCK
  5
1C
330
1B
100
AcDbEntity
  8
0
100
AcDbBlockBegin
  2
*Paper_Space
 70
0
 10
0.0
 20
0.0
 30
0.0
  3
*Paper_Space
  1

  0
ENDBLK
  5
1D
330
1B
100
AcDbEntity
  8
0
100
AcDbBlockEnd
  0
ENDSEC
  0
SECTION
  2
ENTITIES
  0
TEXT
  5
37
330
17
100
AcDbEntity
  8
纵断面_文字标注
100
AcDbText
 10
0.0
 20
10.0
 30
0.0
 40
2.8
  1
蒲家湾支管
 11
0.0
 21
10.0
 31
0.0
100
AcDbText
  0
LINE
  5
38
330
17
100
AcDbEntity
  8
纵断面_表格线框
100
AcDbLine
 10
-40.0
 20
0.0
 30
0.0
 11
0.0
 21
0.0
 31
0.0
  0
LINE
  5
39
330
17
100
AcDbEntity
  8
纵断面_表格线框
100
AcDbLine
 10
-40.0
 20
15.0
 30
0.0
 11
0.0
 21
15.0
 31
0.0
  0
LINE
  5
3A
330
17
100
AcDbEntity
  8
纵断面_表格线框
100
AcDbLine
 10
-40.0
 20
30.0
 30
0.0
 11
0.0
 21
30.0
 31
0.0
  0
LINE
  5
3B
330
17
100
AcDbEntity
  8
纵断面_表格线框
100
AcDbLine
 10
-40.0
 20
45.0
 30
0.0
 11
0.0
 21
45.0
 31
0.0
  0
LINE
  5
3C
330
17
100
AcDbEntity
  8
纵断面_表格线框
100
AcDbLine
 10
-40.0
 20
75.0
 30
0.0
 11
0.0
 21
75.0
 31
0.0
  0
LINE
  5
3D
330
17
100
AcDbEntity
  8
纵断面_表格线框
100
AcDbLine
 10
-40.0
 20
115.0
 30
0.0
 11
0.0
 21
115.0
 31
0.0
  0
LINE
  5
3E
330
17
100
AcDbEntity
  8
纵断面_表格线框
100
AcDbLine
 10
-40.0
 20
125.0
 30
0.0
 11
0.0
 21
125.0
 31
0.0
  0
LINE
  5
3F
330
17
100
AcDbEntity
  8
纵断面_表格线框
100
AcDbLine
 10
-40.0
 20
135.0
 30
0.0
 11
0.0
 21
135.0
 31
0.0
  0
LINE
  5
40
330
17
100
AcDbEntity
  8
纵断面_表格线框
100
AcDbLine
 10
-40.0
 20
0.0
 30
0.0
 11
-40.0
 21
135.0
 31
0.0
  0
LINE
  5
41
330
17
100
AcDbEntity
  8
纵断面_表格线框
100
AcDbLine
 10
0.0
 20
0.0
 30
0.0
 11
0.0
 21
135.0
 31
0.0
  0
LINE
  5
42
330
17
100
AcDbEntity
  8
纵断面_表格线框
100
AcDbLine
 10
0.0
 20
0.0
 30
0.0
 11
0.0
 21
135.0
 31
0.0
  0
LINE
  5
43
330
17
100
AcDbEntity
  8
纵断面_表格线框
100
AcDbLine
 10
941.8499999999999
 20
0.0
 30
0.0
 11
941.8499999999999
 21
135.0
 31
0.0
  0
LINE
  5
44
330
17
100
AcDbEntity
  8
纵断面_表格线框
100
AcDbLine
 10
0.0
 20
0.0
 30
0.0
 11
941.8499999999999
 21
0.0
 31
0.0
  0
LINE
  5
45
330
17
100
AcDbEntity
  8
纵断面_表格线框
100
AcDbLine
 10
0.0
 20
15.0
 30
0.0
 11
941.8499999999999
 21
15.0
 31
0.0
  0
LINE
  5
46
330
17
100
AcDbEntity
  8
纵断面_表格线框
100
AcDbLine
 10
0.0
 20
30.0
 30
0.0
 11
941.8499999999999
 21
30.0
 31
0.0
  0
LINE
  5
47
330
17
100
AcDbEntity
  8
纵断面_表格线框
100
AcDbLine
 10
0.0
 20
45.0
 30
0.0
 11
941.8499999999999
 21
45.0
 31
0.0
  0
LINE
  5
48
330
17
100
AcDbEntity
  8
纵断面_表格线框
100
AcDbLine
 10
0.0
 20
75.0
 30
0.0
 11
941.8499999999999
 21
75.0
 31
0.0
  0
LINE
  5
49
330
17
100
AcDbEntity
  8
纵断面_表格线框
100
AcDbLine
 10
0.0
 20
115.0
 30
0.0
 11
941.8499999999999
 21
115.0
 31
0.0
  0
LINE
  5
4A
330
17
100
AcDbEntity
  8
纵断面_表格线框
100
AcDbLine
 10
0.0
 20
125.0
 30
0.0
 11
941.8499999999999
 21
125.0
 31
0.0
  0
LINE
  5
4B
330
17
100
AcDbEntity
  8
纵断面_表格线框
100
AcDbLine
 10
0.0
 20
135.0
 30
0.0
 11
941.8499999999999
 21
135.0
 31
0.0
  0
LWPOLYLINE
  5
4C
330
17
100
AcDbEntity
  8
纵断面_渠底高程线
100
AcDbPolyline
 90
2
 70
0
 10
0.0
 20
352.667
 10
941.8499999999999
 20
351.725
  0
LWPOLYLINE
  5
4D
330
17
100
AcDbEntity
  8
纵断面_渠顶高程线
100
AcDbPolyline
 90
2
 70
0
 10
0.0
 20
354.667
 10
941.8499999999999
 20
353.725
  0
LWPOLYLINE
  5
4E
330
17
100
AcDbEntity
  8
纵断面_设计水位线
100
AcDbPolyline
 90
2
 70
0
 10
0.0
 20
352.88
 10
941.8499999999999
 20
351.938
  0
TEXT
  5
4F
330
17
100
AcDbEntity
  8
纵断面_文字标注
100
AcDbText
 10
470.92499999999995
 20
130.0
 30
0.0
 40
3.5
  1
罗家湾隧洞
 41
0.7
 72
4
 11
470.92499999999995
 21
130.0
 31
0.0
100
AcDbText
  0
TEXT
  5
50
330
17
100
AcDbEntity
  8
纵断面_文字标注
100
AcDbText
 10
470.92499999999995
 20
120.0
 30
0.0
 40
3.5
  1
1/2000
 41
0.7
 72
4
 11
470.92499999999995
 21
120.0
 31
0.0
100
AcDbText
  0
TEXT
  5
51
330
17
100
AcDbEntity
  8
纵断面_文字标注
100
AcDbText
 10
4.8
 20
77.0
 30
0.0
 40
3.5
  1
罗家湾隧进
 50
90.0
 41
0.7
 11
4.8
 21
77.0
 31
0.0
100
AcDbText
  0
TEXT
  5
52
330
17
100
AcDbEntity
  8
纵断面_文字标注
100
AcDbText
 10
940.8499999999999
 20
77.0
 30
0.0
 40
3.5
  1
罗家湾隧出
 50
90.0
 41
0.7
 11
940.8499999999999
 21
77.0
 31
0.0
100
AcDbText
  0
TEXT
  5
53
330
17
100
AcDbEntity
  8
纵断面_文字标注
100
AcDbText
 10
4.8
 20
47.0
 30
0.0
 40
3.5
  1
蒲支0+789.41
 50
90.0
 41
0.7
 11
4.8
 21
47.0
 31
0.0
100
AcDbText
  0
TEXT
  5
54
330
17
100
AcDbEntity
  8
纵断面_文字标注
100
AcDbText
 10
940.8499999999999
 20
47.0
 30
0.0
 40
3.5
  1
蒲支2+673.11
 50
90.0
 41
0.7
 11
940.8499999999999
 21
47.0
 31
0.0
100
AcDbText
  0
TEXT
  5
55
330
17
100
AcDbEntity
  8
纵断面_文字标注
100
AcDbText
 10
4.8
 20
31.0
 30
0.0
 40
3.5
  1
354.667
 50
90.0
 41
0.7
 11
4.8
 21
31.0
 31
0.0
100
AcDbText
  0
TEXT
  5
56
330
17
100
AcDbEntity
  8
纵断面_文字标注
100
AcDbText
 10
940.8499999999999
 20
31.0
 30
0.0
 40
3.5
  1
353.725
 50
90.0
 41
0.7
 11
940.8499999999999
 21
31.0
 31
0.0
100
AcDbText
  0
TEXT
  5
57
330
17
100
AcDbEntity
  8
纵断面_文字标注
100
AcDbText
 10
4.8
 20
16.0
 30
0.0
 40
3.5
  1
352.880
 50
90.0
 41
0.7
 11
4.8
 21
16.0
 31
0.0
100
AcDbText
  0
TEXT
  5
58
330
17
100
AcDbEntity
  8
纵断面_文字标注
100
AcDbText
 10
940.8499999999999
 20
16.0
 30
0.0
 40
3.5
  1
351.938
 50
90.0
 41
0.7
 11
940.8499999999999
 21
16.0
 31
0.0
100
AcDbText
  0
TEXT
  5
59
330
17
100
AcDbEntity
  8
纵断面_文字标注
100
AcDbText
 10
4.8
 20
1.0
 30
0.0
 40
3.5
  1
352.667
 50
90.0
 41
0.7
 11
4.8
 21
1.0
 31
0.0
100
AcDbText
  0
TEXT
  5
5A
330
17
100
AcDbEntity
  8
纵断面_文字标注
100
AcDbText
 10
940.8499999999999
 20
1.0
 30
0.0
 40
3.5
  1
351.725
 50
90.0
 41
0.7
 11
940.8499999999999
 21
1.0
 31
0.0
100
AcDbText
  0
TEXT
  5
5B
330
17
100
AcDbEntity
  8
纵断面_文字标注
100
AcDbText
 10
-20.0
 20
130.0
 30
0.0
 40
3.5
  1
建筑物名称
 41
0.7
 72
1
 11
-20.0
 21
130.0
 31
0.0
100
AcDbText
 73
2
  0
TEXT
  5
5C
330
17
100
AcDbEntity
  8
纵断面_文字标注
100
AcDbText
 10
-20.0
 20
120.0
 30
0.0
 40
3.5
  1
坡降
 41
0.7
 72
1
 11
-20.0
 21
120.0
 31
0.0
100
AcDbText
 73
2
  0
TEXT
  5
5D
330
17
100
AcDbEntity
  8
纵断面_文字标注
100
AcDbText
 10
-20.0
 20
95.0
 30
0.0
 40
3.5
  1
IP点名称
 41
0.7
 72
1
 11
-20.0
 21
95.0
 31
0.0
100
AcDbText
 73
2
  0
TEXT
  5
5E
330
17
100
AcDbEntity
  8
纵断面_文字标注
100
AcDbText
 10
-20.0
 20
64.375
 30
0.0
 40
3.5
  1
里程桩号
 41
0.7
 72
1
 11
-20.0
 21
64.375
 31
0.0
100
AcDbText
 73
2
  0
TEXT
  5
5F
330
17
100
AcDbEntity
  8
纵断面_文字标注
100
AcDbText
 10
-20.0
 20
55.625
 30
0.0
 40
3.5
  1
（千米+米）
 41
0.7
 72
1
 11
-20.0
 21
55.625
 31
0.0
100
AcDbText
 73
2
  0
TEXT
  5
60
330
17
100
AcDbEntity
  8
纵断面_文字标注
100
AcDbText
 10
-20.0
 20
37.5
 30
0.0
 40
3.5
  1
渠顶高程(m)
 41
0.7
 72
1
 11
-20.0
 21
37.5
 31
0.0
100
AcDbText
 73
2
  0
TEXT
  5
61
330
17
100
AcDbEntity
  8
纵断面_文字标注
100
AcDbText
 10
-20.0
 20
22.5
 30
0.0
 40
3.5
  1
设计水位(m)
 41
0.7
 72
1
 11
-20.0
 21
22.5
 31
0.0
100
AcDbText
 73
2
  0
TEXT
  5
62
330
17
100
AcDbEntity
  8
纵断面_文字标注
100
AcDbText
 10
-20.0
 20
7.5
 30
0.0
 40
3.5
  1
渠底高程(m)
 41
0.7
 72
1
 11
-20.0
 21
7.5
 31
0.0
100
AcDbText
 73
2
  0
LINE
  5
63
330
17
100
AcDbEntity
  8
纵断面_表格线框
100
AcDbLine
 10
-40.0
 20
-150.0
 30
0.0
 11
0.0
 21
-150.0
 31
0.0
  0
LINE
  5
64
330
17
100
AcDbEntity
  8
纵断面_表格线框
100
AcDbLine
 10
-40.0
 20
-130.0
 30
0.0
 11
0.0
 21
-130.0
 31
0.0
  0
LINE
  5
65
330
17
100
AcDbEntity
  8
纵断面_表格线框
100
AcDbLine
 10
-40.0
 20
-110.0
 30
0.0
 11
0.0
 21
-110.0
 31
0.0
  0
LINE
  5
66
330
17
100
AcDbEntity
  8
纵断面_表格线框
100
AcDbLine
 10
-40.0
 20
-80.0
 30
0.0
 11
0.0
 21
-80.0
 31
0.0
  0
LINE
  5
67
330
17
100
AcDbEntity
  8
纵断面_表格线框
100
AcDbLine
 10
-40.0
 20
-40.0
 30
0.0
 11
0.0
 21
-40.0
 31
0.0
  0
LINE
  5
68
330
17
100
AcDbEntity
  8
纵断面_表格线框
100
AcDbLine
 10
-40.0
 20
-20.0
 30
0.0
 11
0.0
 21
-20.0
 31
0.0
  0
LINE
  5
69
330
17
100
AcDbEntity
  8
纵断面_表格线框
100
AcDbLine
 10
-40.0
 20
-150.0
 30
0.0
 11
-40.0
 21
-20.0
 31
0.0
  0
LINE
  5
6A
330
17
100
AcDbEntity
  8
纵断面_表格线框
100
AcDbLine
 10
0.0
 20
-150.0
 30
0.0
 11
0.0
 21
-20.0
 31
0.0
  0
LINE
  5
6B
330
17
100
AcDbEntity
  8
纵断面_表格线框
100
AcDbLine
 10
0.0
 20
-150.0
 30
0.0
 11
0.0
 21
-20.0
 31
0.0
  0
LINE
  5
6C
330
17
100
AcDbEntity
  8
纵断面_表格线框
100
AcDbLine
 10
14.274
 20
-130.0
 30
0.0
 11
14.274
 21
-40.0
 31
0.0
  0
LINE
  5
6D
330
17
100
AcDbEntity
  8
纵断面_表格线框
100
AcDbLine
 10
24.991
 20
-130.0
 30
0.0
 11
24.991
 21
-40.0
 31
0.0
  0
LINE
  5
6E
330
17
100
AcDbEntity
  8
纵断面_表格线框
100
AcDbLine
 10
43.243
 20
-130.0
 30
0.0
 11
43.243
 21
-40.0
 31
0.0
  0
LINE
  5
6F
330
17
100
AcDbEntity
  8
纵断面_表格线框
100
AcDbLine
 10
71.2565
 20
-130.0
 30
0.0
 11
71.2565
 21
-40.0
 31
0.0
  0
LINE
  5
70
330
17
100
AcDbEntity
  8
纵断面_表格线框
100
AcDbLine
 10
89.835
 20
-130.0
 30
0.0
 11
89.835
 21
-40.0
 31
0.0
  0
LINE
  5
71
330
17
100
AcDbEntity
  8
纵断面_表格线框
100
AcDbLine
 10
99.1895
 20
-130.0
 30
0.0
 11
99.1895
 21
-40.0
 31
0.0
  0
LINE
  5
72
330
17
100
AcDbEntity
  8
纵断面_表格线框
100
AcDbLine
 10
122.5925
 20
-130.0
 30
0.0
 11
122.5925
 21
-40.0
 31
0.0
  0
LINE
  5
73
330
17
100
AcDbEntity
  8
纵断面_表格线框
100
AcDbLine
 10
128.5085
 20
-130.0
 30
0.0
 11
128.5085
 21
-40.0
 31
0.0
  0
LINE
  5
74
330
17
100
AcDbEntity
  8
纵断面_表格线框
100
AcDbLine
 10
154.9385
 20
-130.0
 30
0.0
 11
154.9385
 21
-40.0
 31
0.0
  0
LINE
  5
75
330
17
100
AcDbEntity
  8
纵断面_表格线框
100
AcDbLine
 10
162.9825
 20
-130.0
 30
0.0
 11
162.9825
 21
-40.0
 31
0.0
  0
LINE
  5
76
330
17
100
AcDbEntity
  8
纵断面_表格线框
100
AcDbLine
 10
170.5095
 20
-130.0
 30
0.0
 11
170.5095
 21
-40.0
 31
0.0
  0
LINE
  5
77
330
17
100
AcDbEntity
  8
纵断面_表格线框
100
AcDbLine
 10
194.5305
 20
-130.0
 30
0.0
 11
194.5305
 21
-40.0
 31
0.0
  0
LINE
  5
78
330
17
100
AcDbEntity
  8
纵断面_表格线框
100
AcDbLine
 10
251.494
 20
-130.0
 30
0.0
 11
251.494
 21
-40.0
 31
0.0
  0
LINE
  5
79
330
17
100
AcDbEntity
  8
纵断面_表格线框
100
AcDbLine
 10
302.3215
 20
-130.0
 30
0.0
 11
302.3215
 21
-40.0
 31
0.0
  0
LINE
  5
7A
330
17
100
AcDbEntity
  8
纵断面_表格线框
100
AcDbLine
 10
322.763
 20
-130.0
 30
0.0
 11
322.763
 21
-40.0
 31
0.0
  0
LINE
  5
7B
330
17
100
AcDbEntity
  8
纵断面_表格线框
100
AcDbLine
 10
394.7075
 20
-150.0
 30
0.0
 11
394.7075
 21
-20.0
 31
0.0
  0
LINE
  5
7C
330
17
100
AcDbEntity
  8
纵断面_表格线框
100
AcDbLine
 10
414.7075
 20
-150.0
 30
0.0
 11
414.7075
 21
-20.0
 31
0.0
  0
LINE
  5
7D
330
17
100
AcDbEntity
  8
纵断面_表格线框
100
AcDbLine
 10
448.0425
 20
-130.0
 30
0.0
 11
448.0425
 21
-40.0
 31
0.0
  0
LINE
  5
7E
330
17
100
AcDbEntity
  8
纵断面_表格线框
100
AcDbLine
 10
463.7515000000001
 20
-130.0
 30
0.0
 11
463.7515000000001
 21
-40.0
 31
0.0
  0
LINE
  5
7F
330
17
100
AcDbEntity
  8
纵断面_表格线框
100
AcDbLine
 10
474.52600000000007
 20
-130.0
 30
0.0
 11
474.52600000000007
 21
-40.0
 31
0.0
  0
LINE
  5
80
330
17
100
AcDbEntity
  8
纵断面_表格线框
100
AcDbLine
 10
486.8470000000002
 20
-130.0
 30
0.0
 11
486.8470000000002
 21
-40.0
 31
0.0
  0
LINE
  5
81
330
17
100
AcDbEntity
  8
纵断面_表格线框
100
AcDbLine
 10
510.66049999999996
 20
-130.0
 30
0.0
 11
510.66049999999996
 21
-40.0
 31
0.0
  0
LINE
  5
82
330
17
100
AcDbEntity
  8
纵断面_表格线框
100
AcDbLine
 10
541.8810000000001
 20
-130.0
 30
0.0
 11
541.8810000000001
 21
-40.0
 31
0.0
  0
LINE
  5
83
330
17
100
AcDbEntity
  8
纵断面_表格线框
100
AcDbLine
 10
559.1325000000002
 20
-130.0
 30
0.0
 11
559.1325000000002
 21
-40.0
 31
0.0
  0
LINE
  5
84
330
17
100
AcDbEntity
  8
纵断面_表格线框
100
AcDbLine
 10
599.1380000000001
 20
-130.0
 30
0.0
 11
599.1380000000001
 21
-40.0
 31
0.0
  0
LINE
  5
85
330
17
100
AcDbEntity
  8
纵断面_表格线框
100
AcDbLine
 10
621.9585000000002
 20
-130.0
 30
0.0
 11
621.9585000000002
 21
-40.0
 31
0.0
  0
LINE
  5
86
330
17
100
AcDbEntity
  8
纵断面_表格线框
100
AcDbLine
 10
645.8875
 20
-130.0
 30
0.0
 11
645.8875
 21
-40.0
 31
0.0
  0
LINE
  5
87
330
17
100
AcDbEntity
  8
纵断面_表格线框
100
AcDbLine
 10
699.9060000000002
 20
-130.0
 30
0.0
 11
699.9060000000002
 21
-40.0
 31
0.0
  0
LINE
  5
88
330
17
100
AcDbEntity
  8
纵断面_表格线框
100
AcDbLine
 10
711.364
 20
-130.0
 30
0.0
 11
711.364
 21
-40.0
 31
0.0
  0
LINE
  5
89
330
17
100
AcDbEntity
  8
纵断面_表格线框
100
AcDbLine
 10
766.1075000000001
 20
-130.0
 30
0.0
 11
766.1075000000001
 21
-40.0
 31
0.0
  0
LINE
  5
8A
330
17
100
AcDbEntity
  8
纵断面_表格线框
100
AcDbLine
 10
827.229
 20
-130.0
 30
0.0
 11
827.229
 21
-40.0
 31
0.0
  0
LINE
  5
8B
330
17
100
AcDbEntity
  8
纵断面_表格线框
100
AcDbLine
 10
903.0710000000001
 20
-130.0
 30
0.0
 11
903.0710000000001
 21
-40.0
 31
0.0
  0
LINE
  5
8C
330
17
100
AcDbEntity
  8
纵断面_表格线框
100
AcDbLine
 10
929.4805000000001
 20
-130.0
 30
0.0
 11
929.4805000000001
 21
-40.0
 31
0.0
  0
LINE
  5
8D
330
17
100
AcDbEntity
  8
纵断面_表格线框
100
AcDbLine
 10
941.2625
 20
-130.0
 30
0.0
 11
941.2625
 21
-40.0
 31
0.0
  0
LINE
  5
8E
330
17
100
AcDbEntity
  8
纵断面_表格线框
100
AcDbLine
 10
1021.9010000000001
 20
-130.0
 30
0.0
 11
1021.9010000000001
 21
-40.0
 31
0.0
  0
LINE
  5
8F
330
17
100
AcDbEntity
  8
纵断面_表格线框
100
AcDbLine
 10
1049.1770000000001
 20
-130.0
 30
0.0
 11
1049.1770000000001
 21
-40.0
 31
0.0
  0
LINE
  5
90
330
17
100
AcDbEntity
  8
纵断面_表格线框
100
AcDbLine
 10
1057.284
 20
-130.0
 30
0.0
 11
1057.284
 21
-40.0
 31
0.0
  0
LINE
  5
91
330
17
100
AcDbEntity
  8
纵断面_表格线框
100
AcDbLine
 10
1072.2645000000002
 20
-130.0
 30
0.0
 11
1072.2645000000002
 21
-40.0
 31
0.0
  0
LINE
  5
92
330
17
100
AcDbEntity
  8
纵断面_表格线框
100
AcDbLine
 10
1159.4165000000003
 20
-130.0
 30
0.0
 11
1159.4165000000003
 21
-40.0
 31
0.0
  0
LINE
  5
93
330
17
100
AcDbEntity
  8
纵断面_表格线框
100
AcDbLine
 10
1199.0585
 20
-130.0
 30
0.0
 11
1199.0585
 21
-40.0
 31
0.0
  0
LINE
  5
94
330
17
100
AcDbEntity
  8
纵断面_表格线框
100
AcDbLine
 10
1212.6020000000003
 20
-130.0
 30
0.0
 11
1212.6020000000003
 21
-40.0
 31
0.0
  0
LINE
  5
95
330
17
100
AcDbEntity
  8
纵断面_表格线框
100
AcDbLine
 10
1230.0145000000002
 20
-130.0
 30
0.0
 11
1230.0145000000002
 21
-40.0
 31
0.0
  0
LINE
  5
96
330
17
100
AcDbEntity
  8
纵断面_表格线框
100
AcDbLine
 10
1281.748
 20
-130.0
 30
0.0
 11
1281.748
 21
-40.0
 31
0.0
  0
LINE
  5
97
330
17
100
AcDbEntity
  8
纵断面_表格线框
100
AcDbLine
 10
1309.071
 20
-130.0
 30
0.0
 11
1309.071
 21
-40.0
 31
0.0
  0
LINE
  5
98
330
17
100
AcDbEntity
  8
纵断面_表格线框
100
AcDbLine
 10
1316.855
 20
-130.0
 30
0.0
 11
1316.855
 21
-40.0
 31
0.0
  0
LINE
  5
99
330
17
100
AcDbEntity
  8
纵断面_表格线框
100
AcDbLine
 10
1331.1264999999999
 20
-130.0
 30
0.0
 11
1331.1264999999999
 21
-40.0
 31
0.0
  0
LINE
  5
9A
330
17
100
AcDbEntity
  8
纵断面_表格线框
100
AcDbLine
 10
1338.891
 20
-130.0
 30
0.0
 11
1338.891
 21
-40.0
 31
0.0
  0
LINE
  5
9B
330
17
100
AcDbEntity
  8
纵断面_表格线框
100
AcDbLine
 10
1354.8830000000003
 20
-130.0
 30
0.0
 11
1354.8830000000003
 21
-40.0
 31
0.0
  0
LINE
  5
9C
330
17
100
AcDbEntity
  8
纵断面_表格线框
100
AcDbLine
 10
1360.2645000000002
 20
-130.0
 30
0.0
 11
1360.2645000000002
 21
-40.0
 31
0.0
  0
LINE
  5
9D
330
17
100
AcDbEntity
  8
纵断面_表格线框
100
AcDbLine
 10
1390.1200000000003
 20
-130.0
 30
0.0
 11
1390.1200000000003
 21
-40.0
 31
0.0
  0
LINE
  5
9E
330
17
100
AcDbEntity
  8
纵断面_表格线框
100
AcDbLine
 10
1408.9569999999999
 20
-130.0
 30
0.0
 11
1408.9569999999999
 21
-40.0
 31
0.0
  0
LINE
  5
9F
330
17
100
AcDbEntity
  8
纵断面_表格线框
100
AcDbLine
 10
1427.7715000000003
 20
-130.0
 30
0.0
 11
1427.7715000000003
 21
-40.0
 31
0.0
  0
LINE
  5
A0
330
17
100
AcDbEntity
  8
纵断面_表格线框
100
AcDbLine
 10
1458.7310000000002
 20
-130.0
 30
0.0
 11
1458.7310000000002
 21
-40.0
 31
0.0
  0
LINE
  5
A1
330
17
100
AcDbEntity
  8
纵断面_表格线框
100
AcDbLine
 10
1472.7620000000002
 20
-130.0
 30
0.0
 11
1472.7620000000002
 21
-40.0
 31
0.0
  0
LINE
  5
A2
330
17
100
AcDbEntity
  8
纵断面_表格线框
100
AcDbLine
 10
1531.895
 20
-130.0
 30
0.0
 11
1531.895
 21
-40.0
 31
0.0
  0
LINE
  5
A3
330
17
100
AcDbEntity
  8
纵断面_表格线框
100
AcDbLine
 10
1611.8375
 20
-130.0
 30
0.0
 11
1611.8375
 21
-40.0
 31
0.0
  0
LINE
  5
A4
330
17
100
AcDbEntity
  8
纵断面_表格线框
100
AcDbLine
 10
1702.482
 20
-130.0
 30
0.0
 11
1702.482
 21
-40.0
 31
0.0
  0
LINE
  5
A5
330
17
100
AcDbEntity
  8
纵断面_表格线框
100
AcDbLine
 10
1741.094
 20
-130.0
 30
0.0
 11
1741.094
 21
-40.0
 31
0.0
  0
LINE
  5
A6
330
17
100
AcDbEntity
  8
纵断面_表格线框
100
AcDbLine
 10
1793.9650000000001
 20
-130.0
 30
0.0
 11
1793.9650000000001
 21
-40.0
 31
0.0
  0
LINE
  5
A7
330
17
100
AcDbEntity
  8
纵断面_表格线框
100
AcDbLine
 10
1853.0695
 20
-130.0
 30
0.0
 11
1853.0695
 21
-40.0
 31
0.0
  0
LINE
  5
A8
330
17
100
AcDbEntity
  8
纵断面_表格线框
100
AcDbLine
 10
1863.1799999999998
 20
-130.0
 30
0.0
 11
1863.1799999999998
 21
-40.0
 31
0.0
  0
LINE
  5
A9
330
17
100
AcDbEntity
  8
纵断面_表格线框
100
AcDbLine
 10
1897.6515
 20
-150.0
 30
0.0
 11
1897.6515
 21
-40.0
 31
0.0
  0
LINE
  5
AA
330
17
100
AcDbEntity
  8
纵断面_表格线框
100
AcDbLine
 10
2107.7555
 20
-150.0
 30
0.0
 11
2107.7555
 21
-20.0
 31
0.0
  0
LINE
  5
AB
330
17
100
AcDbEntity
  8
纵断面_表格线框
100
AcDbLine
 10
2119.6805
 20
-150.0
 30
0.0
 11
2119.6805
 21
-20.0
 31
0.0
  0
LINE
  5
AC
330
17
100
AcDbEntity
  8
纵断面_表格线框
100
AcDbLine
 10
2133.1865000000003
 20
-150.0
 30
0.0
 11
2133.1865000000003
 21
-40.0
 31
0.0
  0
LINE
  5
AD
330
17
100
AcDbEntity
  8
纵断面_表格线框
100
AcDbLine
 10
2158.804
 20
-130.0
 30
0.0
 11
2158.804
 21
-40.0
 31
0.0
  0
LINE
  5
AE
330
17
100
AcDbEntity
  8
纵断面_表格线框
100
AcDbLine
 10
2192.217
 20
-130.0
 30
0.0
 11
2192.217
 21
-40.0
 31
0.0
  0
LINE
  5
AF
330
17
100
AcDbEntity
  8
纵断面_表格线框
100
AcDbLine
 10
2202.9055000000003
 20
-130.0
 30
0.0
 11
2202.9055000000003
 21
-40.0
 31
0.0
  0
LINE
  5
B0
330
17
100
AcDbEntity
  8
纵断面_表格线框
100
AcDbLine
 10
2212.195
 20
-130.0
 30
0.0
 11
2212.195
 21
-40.0
 31
0.0
  0
LINE
  5
B1
330
17
100
AcDbEntity
  8
纵断面_表格线框
100
AcDbLine
 10
2269.1110000000003
 20
-130.0
 30
0.0
 11
2269.1110000000003
 21
-40.0
 31
0.0
  0
LINE
  5
B2
330
17
100
AcDbEntity
  8
纵断面_表格线框
100
AcDbLine
 10
2308.193
 20
-150.0
 30
0.0
 11
2308.193
 21
-20.0
 31
0.0
  0
LINE
  5
B3
330
17
100
AcDbEntity
  8
纵断面_表格线框
100
AcDbLine
 10
0.0
 20
-150.0
 30
0.0
 11
394.7075
 21
-150.0
 31
0.0
  0
LINE
  5
B4
330
17
100
AcDbEntity
  8
纵断面_表格线框
100
AcDbLine
 10
414.7075
 20
-150.0
 30
0.0
 11
2308.193
 21
-150.0
 31
0.0
  0
LINE
  5
B5
330
17
100
AcDbEntity
  8
纵断面_表格线框
100
AcDbLine
 10
0.0
 20
-130.0
 30
0.0
 11
394.7075
 21
-130.0
 31
0.0
  0
LINE
  5
B6
330
17
100
AcDbEntity
  8
纵断面_表格线框
100
AcDbLine
 10
414.7075
 20
-130.0
 30
0.0
 11
2308.193
 21
-130.0
 31
0.0
  0
LINE
  5
B7
330
17
100
AcDbEntity
  8
纵断面_表格线框
100
AcDbLine
 10
0.0
 20
-110.0
 30
0.0
 11
394.7075
 21
-110.0
 31
0.0
  0
LINE
  5
B8
330
17
100
AcDbEntity
  8
纵断面_表格线框
100
AcDbLine
 10
414.7075
 20
-110.0
 30
0.0
 11
2308.193
 21
-110.0
 31
0.0
  0
LINE
  5
B9
330
17
100
AcDbEntity
  8
纵断面_表格线框
100
AcDbLine
 10
0.0
 20
-80.0
 30
0.0
 11
394.7075
 21
-80.0
 31
0.0
  0
LINE
  5
BA
330
17
100
AcDbEntity
  8
纵断面_表格线框
100
AcDbLine
 10
414.7075
 20
-80.0
 30
0.0
 11
2308.193
 21
-80.0
 31
0.0
  0
LINE
  5
BB
330
17
100
AcDbEntity
  8
纵断面_表格线框
100
AcDbLine
 10
0.0
 20
-40.0
 30
0.0
 11
394.7075
 21
-40.0
 31
0.0
  0
LINE
  5
BC
330
17
100
AcDbEntity
  8
纵断面_表格线框
100
AcDbLine
 10
414.7075
 20
-40.0
 30
0.0
 11
2308.193
 21
-40.0
 31
0.0
  0
LINE
  5
BD
330
17
100
AcDbEntity
  8
纵断面_表格线框
100
AcDbLine
 10
0.0
 20
-20.0
 30
0.0
 11
394.7075
 21
-20.0
 31
0.0
  0
LINE
  5
BE
330
17
100
AcDbEntity
  8
纵断面_表格线框
100
AcDbLine
 10
414.7075
 20
-20.0
 30
0.0
 11
2308.193
 21
-20.0
 31
0.0
  0
LWPOLYLINE
  5
BF
330
17
100
AcDbEntity
  8
纵断面_管中心线
100
AcDbPolyline
 90
17
 70
0
 10
0.0
 20
192.1220499987058
 10
14.273926740512248
 20
189.71552225642802
 10
24.99135925370504
 20
189.71552225642802
 10
43.24314761732239
 20
197.28263123308272
 10
71.25667903380234
 20
197.28263123308272
 10
89.83548200712539
 20
197.28263123308272
 10
99.18934605404498
 20
201.3303632756971
 10
122.5924681474571
 20
201.3303632756971
 10
128.5088913567015
 20
199.3101618846223
 10
154.93834927282296
 20
199.3101618846223
 10
162.98262870387404
 20
193.70040000018628
 10
170.50929026963416
 20
193.70040000018628
 10
194.53086913784495
 20
193.70040000018628
 10
251.49415586108807
 20
193.70040000018628
 10
302.32188650936587
 20
196.1624471570642
 10
322.7630553487688
 20
197.15259802502538
 10
394.7075
 20
200.63753205186651
  0
LWPOLYLINE
  5
C0
330
17
100
AcDbEntity
  8
纵断面_管中心线
100
AcDbPolyline
 90
55
 70
0
 10
414.7075
 20
198.2337498573861
 10
448.0428349158376
 20
195.67423640538902
 10
463.75157997871315
 20
195.67423640538902
 10
474.5260080623325
 20
198.40064571027608
 10
486.84730195368206
 20
198.29148117148293
 10
510.6605331177475
 20
198.08050005019618
 10
541.881189490645
 20
197.8038904194065
 10
559.1322046119956
 20
197.651049400428
 10
599.1380979794546
 20
197.2966040849961
 10
621.9586905900276
 20
193.70040000018628
 10
645.8876762015045
 20
193.70040000018628
 10
699.9058771478947
 20
189.70040000018628
 10
711.36367634926
 20
189.70040000018628
 10
766.107573864085
 20
194.1598526069239
 10
827.229247139802
 20
194.1598526069239
 10
903.0712759656367
 20
189.70040000018628
 10
929.4806488148522
 20
189.70040000018628
 10
941.262553471583
 20
187.70040000018628
 10
1021.9008465612192
 20
187.70040000018628
 10
1049.177237362112
 20
193.12923882271127
 10
1057.2839101881607
 20
193.1434455259979
 10
1072.2646384133611
 20
187.05523406269918
 10
1159.4161530440674
 20
187.19856747494038
 10
1199.0587576022722
 20
194.1042650819101
 10
1212.6019506695798
 20
194.1042650819101
 10
1230.0143090732513
 20
189.7009330282263
 10
1281.7477611684353
 20
189.7009330282263
 10
1309.0711292289548
 20
189.7009330282263
 10
1316.8546326026908
 20
186.68458385367842
 10
1331.126716344128
 20
186.68458385367842
 10
1338.8908656149629
 20
186.68458385367842
 10
1354.882889159233
 20
193.8226410017624
 10
1360.2644384179498
 20
196.22470138196798
 10
1390.119728839351
 20
196.22470138196798
 10
1408.956993060047
 20
196.22470138196798
 10
1427.7715979554114
 20
191.97220750966068
 10
1458.7304781418416
 20
191.97220750966068
 10
1472.7615071461537
 20
182.70210999690892
 10
1531.895153490745
 20
180.32701229651423
 10
1611.8373151748442
 20
179.2263596246296
 10
1702.481707804522
 20
177.97835743308963
 10
1741.09347068941
 20
177.44674633976967
 10
1793.9650962031797
 20
176.7188038539416
 10
1853.0692254681258
 20
175.90505155569838
 10
1863.1796487231395
 20
175.76585011112468
 10
1897.6511248309753
 20
194.77722717470448
 10
2107.755121761968
 20
194.77722717470448
 10
2119.68008190397
 20
186.83491290335508
 10
2133.185926703422
 20
186.83491290335508
 10
2158.804102302738
 20
182.0466614488788
 10
2192.216571404286
 20
182.0466614488788
 10
2202.9052948417725
 20
187.73900297957442
 10
2212.1946402534722
 20
192.686097643552
 10
2269.110941425932
 20
192.686097643552
 10
2308.1925332445885
 20
192.686097643552
  0
TEXT
  5
C1
330
17
100
AcDbEntity
  8
纵断面_文字标注
100
AcDbText
 10
2113.7180000000003
 20
-30.0
 30
0.0
 40
3.5
  1
1#
 41
0.7
 72
4
 11
2113.7180000000003
 21
-30.0
 31
0.0
100
AcDbText
  0
TEXT
  5
C2
330
17
100
AcDbEntity
  8
纵断面_文字标注
100
AcDbText
 10
4.8
 20
-78.0
 30
0.0
 40
3.5
  1
IP0
 50
90.0
 41
0.7
 11
4.8
 21
-78.0
 31
0.0
100
AcDbText
  0
TEXT
  5
C3
330
17
100
AcDbEntity
  8
纵断面_文字标注
100
AcDbText
 10
13.274
 20
-78.0
 30
0.0
 40
3.5
  1
IP1
 50
90.0
 41
0.7
 11
13.274
 21
-78.0
 31
0.0
100
AcDbText
  0
TEXT
  5
C4
330
17
100
AcDbEntity
  8
纵断面_文字标注
100
AcDbText
 10
23.991
 20
-78.0
 30
0.0
 40
3.5
  1
IP2
 50
90.0
 41
0.7
 11
23.991
 21
-78.0
 31
0.0
100
AcDbText
  0
TEXT
  5
C5
330
17
100
AcDbEntity
  8
纵断面_文字标注
100
AcDbText
 10
42.243
 20
-78.0
 30
0.0
 40
3.5
  1
IP3
 50
90.0
 41
0.7
 11
42.243
 21
-78.0
 31
0.0
100
AcDbText
  0
TEXT
  5
C6
330
17
100
AcDbEntity
  8
纵断面_文字标注
100
AcDbText
 10
70.2565
 20
-78.0
 30
0.0
 40
3.5
  1
IP4
 50
90.0
 41
0.7
 11
70.2565
 21
-78.0
 31
0.0
100
AcDbText
  0
TEXT
  5
C7
330
17
100
AcDbEntity
  8
纵断面_文字标注
100
AcDbText
 10
88.835
 20
-78.0
 30
0.0
 40
3.5
  1
IP5
 50
90.0
 41
0.7
 11
88.835
 21
-78.0
 31
0.0
100
AcDbText
  0
TEXT
  5
C8
330
17
100
AcDbEntity
  8
纵断面_文字标注
100
AcDbText
 10
98.1895
 20
-78.0
 30
0.0
 40
3.5
  1
IP6
 50
90.0
 41
0.7
 11
98.1895
 21
-78.0
 31
0.0
100
AcDbText
  0
TEXT
  5
C9
330
17
100
AcDbEntity
  8
纵断面_文字标注
100
AcDbText
 10
121.5925
 20
-78.0
 30
0.0
 40
3.5
  1
IP7
 50
90.0
 41
0.7
 11
121.5925
 21
-78.0
 31
0.0
100
AcDbText
  0
TEXT
  5
CA
330
17
100
AcDbEntity
  8
纵断面_文字标注
100
AcDbText
 10
127.5085
 20
-78.0
 30
0.0
 40
3.5
  1
IP8
 50
90.0
 41
0.7
 11
127.5085
 21
-78.0
 31
0.0
100
AcDbText
  0
TEXT
  5
CB
330
17
100
AcDbEntity
  8
纵断面_文字标注
100
AcDbText
 10
153.9385
 20
-78.0
 30
0.0
 40
3.5
  1
IP9
 50
90.0
 41
0.7
 11
153.9385
 21
-78.0
 31
0.0
100
AcDbText
  0
TEXT
  5
CC
330
17
100
AcDbEntity
  8
纵断面_文字标注
100
AcDbText
 10
161.9825
 20
-78.0
 30
0.0
 40
3.5
  1
IP10
 50
90.0
 41
0.7
 11
161.9825
 21
-78.0
 31
0.0
100
AcDbText
  0
TEXT
  5
CD
330
17
100
AcDbEntity
  8
纵断面_文字标注
100
AcDbText
 10
169.5095
 20
-78.0
 30
0.0
 40
3.5
  1
IP11
 50
90.0
 41
0.7
 11
169.5095
 21
-78.0
 31
0.0
100
AcDbText
  0
TEXT
  5
CE
330
17
100
AcDbEntity
  8
纵断面_文字标注
100
AcDbText
 10
193.5305
 20
-78.0
 30
0.0
 40
3.5
  1
IP12
 50
90.0
 41
0.7
 11
193.5305
 21
-78.0
 31
0.0
100
AcDbText
  0
TEXT
  5
CF
330
17
100
AcDbEntity
  8
纵断面_文字标注
100
AcDbText
 10
250.494
 20
-78.0
 30
0.0
 40
3.5
  1
IP13
 50
90.0
 41
0.7
 11
250.494
 21
-78.0
 31
0.0
100
AcDbText
  0
TEXT
  5
D0
330
17
100
AcDbEntity
  8
纵断面_文字标注
100
AcDbText
 10
301.3215
 20
-78.0
 30
0.0
 40
3.5
  1
IP14
 50
90.0
 41
0.7
 11
301.3215
 21
-78.0
 31
0.0
100
AcDbText
  0
TEXT
  5
D1
330
17
100
AcDbEntity
  8
纵断面_文字标注
100
AcDbText
 10
321.763
 20
-78.0
 30
0.0
 40
3.5
  1
IP15
 50
90.0
 41
0.7
 11
321.763
 21
-78.0
 31
0.0
100
AcDbText
  0
TEXT
  5
D2
330
17
100
AcDbEntity
  8
纵断面_文字标注
100
AcDbText
 10
393.7075
 20
-78.0
 30
0.0
 40
3.5
  1
IP16
 50
90.0
 41
0.7
 11
393.7075
 21
-78.0
 31
0.0
100
AcDbText
  0
TEXT
  5
D3
330
17
100
AcDbEntity
  8
纵断面_文字标注
100
AcDbText
 10
419.5075
 20
-78.0
 30
0.0
 40
3.5
  1
IP17
 50
90.0
 41
0.7
 11
419.5075
 21
-78.0
 31
0.0
100
AcDbText
  0
TEXT
  5
D4
330
17
100
AcDbEntity
  8
纵断面_文字标注
100
AcDbText
 10
447.0425
 20
-78.0
 30
0.0
 40
3.5
  1
IP16
 50
90.0
 41
0.7
 11
447.0425
 21
-78.0
 31
0.0
100
AcDbText
  0
TEXT
  5
D5
330
17
100
AcDbEntity
  8
纵断面_文字标注
100
AcDbText
 10
462.7515000000001
 20
-78.0
 30
0.0
 40
3.5
  1
IP17
 50
90.0
 41
0.7
 11
462.7515000000001
 21
-78.0
 31
0.0
100
AcDbText
  0
TEXT
  5
D6
330
17
100
AcDbEntity
  8
纵断面_文字标注
100
AcDbText
 10
473.52600000000007
 20
-78.0
 30
0.0
 40
3.5
  1
IP18
 50
90.0
 41
0.7
 11
473.52600000000007
 21
-78.0
 31
0.0
100
AcDbText
  0
TEXT
  5
D7
330
17
100
AcDbEntity
  8
纵断面_文字标注
100
AcDbText
 10
485.8470000000002
 20
-78.0
 30
0.0
 40
3.5
  1
IP19
 50
90.0
 41
0.7
 11
485.8470000000002
 21
-78.0
 31
0.0
100
AcDbText
  0
TEXT
  5
D8
330
17
100
AcDbEntity
  8
纵断面_文字标注
100
AcDbText
 10
509.66049999999996
 20
-78.0
 30
0.0
 40
3.5
  1
IP20
 50
90.0
 41
0.7
 11
509.66049999999996
 21
-78.0
 31
0.0
100
AcDbText
  0
TEXT
  5
D9
330
17
100
AcDbEntity
  8
纵断面_文字标注
100
AcDbText
 10
540.8810000000001
 20
-78.0
 30
0.0
 40
3.5
  1
IP21
 50
90.0
 41
0.7
 11
540.8810000000001
 21
-78.0
 31
0.0
100
AcDbText
  0
TEXT
  5
DA
330
17
100
AcDbEntity
  8
纵断面_文字标注
100
AcDbText
 10
558.1325000000002
 20
-78.0
 30
0.0
 40
3.5
  1
IP22
 50
90.0
 41
0.7
 11
558.1325000000002
 21
-78.0
 31
0.0
100
AcDbText
  0
TEXT
  5
DB
330
17
100
AcDbEntity
  8
纵断面_文字标注
100
AcDbText
 10
598.1380000000001
 20
-78.0
 30
0.0
 40
3.5
  1
IP23
 50
90.0
 41
0.7
 11
598.1380000000001
 21
-78.0
 31
0.0
100
AcDbText
  0
TEXT
  5
DC
330
17
100
AcDbEntity
  8
纵断面_文字标注
100
AcDbText
 10
620.9585000000002
 20
-78.0
 30
0.0
 40
3.5
  1
IP24
 50
90.0
 41
0.7
 11
620.9585000000002
 21
-78.0
 31
0.0
100
AcDbText
  0
TEXT
  5
DD
330
17
100
AcDbEntity
  8
纵断面_文字标注
100
AcDbText
 10
644.8875
 20
-78.0
 30
0.0
 40
3.5
  1
IP25
 50
90.0
 41
0.7
 11
644.8875
 21
-78.0
 31
0.0
100
AcDbText
  0
TEXT
  5
DE
330
17
100
AcDbEntity
  8
纵断面_文字标注
100
AcDbText
 10
698.9060000000002
 20
-78.0
 30
0.0
 40
3.5
  1
IP26
 50
90.0
 41
0.7
 11
698.9060000000002
 21
-78.0
 31
0.0
100
AcDbText
  0
TEXT
  5
DF
330
17
100
AcDbEntity
  8
纵断面_文字标注
100
AcDbText
 10
710.364
 20
-78.0
 30
0.0
 40
3.5
  1
IP27
 50
90.0
 41
0.7
 11
710.364
 21
-78.0
 31
0.0
100
AcDbText
  0
TEXT
  5
E0
330
17
100
AcDbEntity
  8
纵断面_文字标注
100
AcDbText
 10
765.1075000000001
 20
-78.0
 30
0.0
 40
3.5
  1
IP28
 50
90.0
 41
0.7
 11
765.1075000000001
 21
-78.0
 31
0.0
100
AcDbText
  0
TEXT
  5
E1
330
17
100
AcDbEntity
  8
纵断面_文字标注
100
AcDbText
 10
826.229
 20
-78.0
 30
0.0
 40
3.5
  1
IP29
 50
90.0
 41
0.7
 11
826.229
 21
-78.0
 31
0.0
100
AcDbText
  0
TEXT
  5
E2
330
17
100
AcDbEntity
  8
纵断面_文字标注
100
AcDbText
 10
902.0710000000001
 20
-78.0
 30
0.0
 40
3.5
  1
IP30
 50
90.0
 41
0.7
 11
902.0710000000001
 21
-78.0
 31
0.0
100
AcDbText
  0
TEXT
  5
E3
330
17
100
AcDbEntity
  8
纵断面_文字标注
100
AcDbText
 10
928.4805000000001
 20
-78.0
 30
0.0
 40
3.5
  1
IP31
 50
90.0
 41
0.7
 11
928.4805000000001
 21
-78.0
 31
0.0
100
AcDbText
  0
TEXT
  5
E4
330
17
100
AcDbEntity
  8
纵断面_文字标注
100
AcDbText
 10
940.2625
 20
-78.0
 30
0.0
 40
3.5
  1
IP32
 50
90.0
 41
0.7
 11
940.2625
 21
-78.0
 31
0.0
100
AcDbText
  0
TEXT
  5
E5
330
17
100
AcDbEntity
  8
纵断面_文字标注
100
AcDbText
 10
1020.9010000000001
 20
-78.0
 30
0.0
 40
3.5
  1
IP33
 50
90.0
 41
0.7
 11
1020.9010000000001
 21
-78.0
 31
0.0
100
AcDbText
  0
TEXT
  5
E6
330
17
100
AcDbEntity
  8
纵断面_文字标注
100
AcDbText
 10
1048.1770000000001
 20
-78.0
 30
0.0
 40
3.5
  1
IP34
 50
90.0
 41
0.7
 11
1048.1770000000001
 21
-78.0
 31
0.0
100
AcDbText
  0
TEXT
  5
E7
330
17
100
AcDbEntity
  8
纵断面_文字标注
100
AcDbText
 10
1056.284
 20
-78.0
 30
0.0
 40
3.5
  1
IP35
 50
90.0
 41
0.7
 11
1056.284
 21
-78.0
 31
0.0
100
AcDbText
  0
TEXT
  5
E8
330
17
100
AcDbEntity
  8
纵断面_文字标注
100
AcDbText
 10
1071.2645000000002
 20
-78.0
 30
0.0
 40
3.5
  1
IP36
 50
90.0
 41
0.7
 11
1071.2645000000002
 21
-78.0
 31
0.0
100
AcDbText
  0
TEXT
  5
E9
330
17
100
AcDbEntity
  8
纵断面_文字标注
100
AcDbText
 10
1158.4165000000003
 20
-78.0
 30
0.0
 40
3.5
  1
IP37
 50
90.0
 41
0.7
 11
1158.4165000000003
 21
-78.0
 31
0.0
100
AcDbText
  0
TEXT
  5
EA
330
17
100
AcDbEntity
  8
纵断面_文字标注
100
AcDbText
 10
1198.0585
 20
-78.0
 30
0.0
 40
3.5
  1
IP38
 50
90.0
 41
0.7
 11
1198.0585
 21
-78.0
 31
0.0
100
AcDbText
  0
TEXT
  5
EB
330
17
100
AcDbEntity
  8
纵断面_文字标注
100
AcDbText
 10
1211.6020000000003
 20
-78.0
 30
0.0
 40
3.5
  1
IP39
 50
90.0
 41
0.7
 11
1211.6020000000003
 21
-78.0
 31
0.0
100
AcDbText
  0
TEXT
  5
EC
330
17
100
AcDbEntity
  8
纵断面_文字标注
100
AcDbText
 10
1229.0145000000002
 20
-78.0
 30
0.0
 40
3.5
  1
IP40
 50
90.0
 41
0.7
 11
1229.0145000000002
 21
-78.0
 31
0.0
100
AcDbText
  0
TEXT
  5
ED
330
17
100
AcDbEntity
  8
纵断面_文字标注
100
AcDbText
 10
1280.748
 20
-78.0
 30
0.0
 40
3.5
  1
IP41
 50
90.0
 41
0.7
 11
1280.748
 21
-78.0
 31
0.0
100
AcDbText
  0
TEXT
  5
EE
330
17
100
AcDbEntity
  8
纵断面_文字标注
100
AcDbText
 10
1308.071
 20
-78.0
 30
0.0
 40
3.5
  1
IP42
 50
90.0
 41
0.7
 11
1308.071
 21
-78.0
 31
0.0
100
AcDbText
  0
TEXT
  5
EF
330
17
100
AcDbEntity
  8
纵断面_文字标注
100
AcDbText
 10
1315.855
 20
-78.0
 30
0.0
 40
3.5
  1
IP43
 50
90.0
 41
0.7
 11
1315.855
 21
-78.0
 31
0.0
100
AcDbText
  0
TEXT
  5
F0
330
17
100
AcDbEntity
  8
纵断面_文字标注
100
AcDbText
 10
1330.1264999999999
 20
-78.0
 30
0.0
 40
3.5
  1
IP44
 50
90.0
 41
0.7
 11
1330.1264999999999
 21
-78.0
 31
0.0
100
AcDbText
  0
TEXT
  5
F1
330
17
100
AcDbEntity
  8
纵断面_文字标注
100
AcDbText
 10
1337.891
 20
-78.0
 30
0.0
 40
3.5
  1
IP45
 50
90.0
 41
0.7
 11
1337.891
 21
-78.0
 31
0.0
100
AcDbText
  0
TEXT
  5
F2
330
17
100
AcDbEntity
  8
纵断面_文字标注
100
AcDbText
 10
1353.8830000000003
 20
-78.0
 30
0.0
 40
3.5
  1
IP46
 50
90.0
 41
0.7
 11
1353.8830000000003
 21
-78.0
 31
0.0
100
AcDbText
  0
TEXT
  5
F3
330
17
100
AcDbEntity
  8
纵断面_文字标注
100
AcDbText
 10
1359.2645000000002
 20
-78.0
 30
0.0
 40
3.5
  1
IP47
 50
90.0
 41
0.7
 11
1359.2645000000002
 21
-78.0
 31
0.0
100
AcDbText
  0
TEXT
  5
F4
330
17
100
AcDbEntity
  8
纵断面_文字标注
100
AcDbText
 10
1389.1200000000003
 20
-78.0
 30
0.0
 40
3.5
  1
IP48
 50
90.0
 41
0.7
 11
1389.1200000000003
 21
-78.0
 31
0.0
100
AcDbText
  0
TEXT
  5
F5
330
17
100
AcDbEntity
  8
纵断面_文字标注
100
AcDbText
 10
1407.9569999999999
 20
-78.0
 30
0.0
 40
3.5
  1
IP49
 50
90.0
 41
0.7
 11
1407.9569999999999
 21
-78.0
 31
0.0
100
AcDbText
  0
TEXT
  5
F6
330
17
100
AcDbEntity
  8
纵断面_文字标注
100
AcDbText
 10
1426.7715000000003
 20
-78.0
 30
0.0
 40
3.5
  1
IP50
 50
90.0
 41
0.7
 11
1426.7715000000003
 21
-78.0
 31
0.0
100
AcDbText
  0
TEXT
  5
F7
330
17
100
AcDbEntity
  8
纵断面_文字标注
100
AcDbText
 10
1457.7310000000002
 20
-78.0
 30
0.0
 40
3.5
  1
IP51
 50
90.0
 41
0.7
 11
1457.7310000000002
 21
-78.0
 31
0.0
100
AcDbText
  0
TEXT
  5
F8
330
17
100
AcDbEntity
  8
纵断面_文字标注
100
AcDbText
 10
1471.7620000000002
 20
-78.0
 30
0.0
 40
3.5
  1
IP52
 50
90.0
 41
0.7
 11
1471.7620000000002
 21
-78.0
 31
0.0
100
AcDbText
  0
TEXT
  5
F9
330
17
100
AcDbEntity
  8
纵断面_文字标注
100
AcDbText
 10
1530.895
 20
-78.0
 30
0.0
 40
3.5
  1
IP53
 50
90.0
 41
0.7
 11
1530.895
 21
-78.0
 31
0.0
100
AcDbText
  0
TEXT
  5
FA
330
17
100
AcDbEntity
  8
纵断面_文字标注
100
AcDbText
 10
1610.8375
 20
-78.0
 30
0.0
 40
3.5
  1
IP54
 50
90.0
 41
0.7
 11
1610.8375
 21
-78.0
 31
0.0
100
AcDbText
  0
TEXT
  5
FB
330
17
100
AcDbEntity
  8
纵断面_文字标注
100
AcDbText
 10
1701.482
 20
-78.0
 30
0.0
 40
3.5
  1
IP55
 50
90.0
 41
0.7
 11
1701.482
 21
-78.0
 31
0.0
100
AcDbText
  0
TEXT
  5
FC
330
17
100
AcDbEntity
  8
纵断面_文字标注
100
AcDbText
 10
1740.094
 20
-78.0
 30
0.0
 40
3.5
  1
IP56
 50
90.0
 41
0.7
 11
1740.094
 21
-78.0
 31
0.0
100
AcDbText
  0
TEXT
  5
FD
330
17
100
AcDbEntity
  8
纵断面_文字标注
100
AcDbText
 10
1792.9650000000001
 20
-78.0
 30
0.0
 40
3.5
  1
IP57
 50
90.0
 41
0.7
 11
1792.9650000000001
 21
-78.0
 31
0.0
100
AcDbText
  0
TEXT
  5
FE
330
17
100
AcDbEntity
  8
纵断面_文字标注
100
AcDbText
 10
1852.0695
 20
-78.0
 30
0.0
 40
3.5
  1
IP58
 50
90.0
 41
0.7
 11
1852.0695
 21
-78.0
 31
0.0
100
AcDbText
  0
TEXT
  5
FF
330
17
100
AcDbEntity
  8
纵断面_文字标注
100
AcDbText
 10
1862.1799999999998
 20
-78.0
 30
0.0
 40
3.5
  1
IP59
 50
90.0
 41
0.7
 11
1862.1799999999998
 21
-78.0
 31
0.0
100
AcDbText
  0
TEXT
  5
100
330
17
100
AcDbEntity
  8
纵断面_文字标注
100
AcDbText
 10
1896.6515
 20
-78.0
 30
0.0
 40
3.5
  1
IP60
 50
90.0
 41
0.7
 11
1896.6515
 21
-78.0
 31
0.0
100
AcDbText
  0
TEXT
  5
101
330
17
100
AcDbEntity
  8
纵断面_文字标注
100
AcDbText
 10
2106.7555
 20
-78.0
 30
0.0
 40
3.5
  1
1#定向钻进
 50
90.0
 41
0.7
 11
2106.7555
 21
-78.0
 31
0.0
100
AcDbText
  0
TEXT
  5
102
330
17
100
AcDbEntity
  8
纵断面_文字标注
100
AcDbText
 10
2118.6805
 20
-78.0
 30
0.0
 40
3.5
  1
1#定向钻出
 50
90.0
 41
0.7
 11
2118.6805
 21
-78.0
 31
0.0
100
AcDbText
  0
TEXT
  5
103
330
17
100
AcDbEntity
  8
纵断面_文字标注
100
AcDbText
 10
2132.1865000000003
 20
-78.0
 30
0.0
 40
3.5
  1
IP61
 50
90.0
 41
0.7
 11
2132.1865000000003
 21
-78.0
 31
0.0
100
AcDbText
  0
TEXT
  5
104
330
17
100
AcDbEntity
  8
纵断面_文字标注
100
AcDbText
 10
2157.804
 20
-78.0
 30
0.0
 40
3.5
  1
IP62
 50
90.0
 41
0.7
 11
2157.804
 21
-78.0
 31
0.0
100
AcDbText
  0
TEXT
  5
105
330
17
100
AcDbEntity
  8
纵断面_文字标注
100
AcDbText
 10
2191.217
 20
-78.0
 30
0.0
 40
3.5
  1
IP63
 50
90.0
 41
0.7
 11
2191.217
 21
-78.0
 31
0.0
100
AcDbText
  0
TEXT
  5
106
330
17
100
AcDbEntity
  8
纵断面_文字标注
100
AcDbText
 10
2201.9055000000003
 20
-78.0
 30
0.0
 40
3.5
  1
IP64
 50
90.0
 41
0.7
 11
2201.9055000000003
 21
-78.0
 31
0.0
100
AcDbText
  0
TEXT
  5
107
330
17
100
AcDbEntity
  8
纵断面_文字标注
100
AcDbText
 10
2211.195
 20
-78.0
 30
0.0
 40
3.5
  1
IP65
 50
90.0
 41
0.7
 11
2211.195
 21
-78.0
 31
0.0
100
AcDbText
  0
TEXT
  5
108
330
17
100
AcDbEntity
  8
纵断面_文字标注
100
AcDbText
 10
2268.1110000000003
 20
-78.0
 30
0.0
 40
3.5
  1
IP66
 50
90.0
 41
0.7
 11
2268.1110000000003
 21
-78.0
 31
0.0
100
AcDbText
  0
TEXT
  5
109
330
17
100
AcDbEntity
  8
纵断面_文字标注
100
AcDbText
 10
2307.193
 20
-78.0
 30
0.0
 40
3.5
  1
IP67
 50
90.0
 41
0.7
 11
2307.193
 21
-78.0
 31
0.0
100
AcDbText
  0
TEXT
  5
10A
330
17
100
AcDbEntity
  8
纵断面_文字标注
100
AcDbText
 10
4.8
 20
-108.0
 30
0.0
 40
3.5
  1
蒲支0+000.00
 50
90.0
 41
0.7
 11
4.8
 21
-108.0
 31
0.0
100
AcDbText
  0
TEXT
  5
10B
330
17
100
AcDbEntity
  8
纵断面_文字标注
100
AcDbText
 10
13.274
 20
-108.0
 30
0.0
 40
3.5
  1
蒲支0+028.55
 50
90.0
 41
0.7
 11
13.274
 21
-108.0
 31
0.0
100
AcDbText
  0
TEXT
  5
10C
330
17
100
AcDbEntity
  8
纵断面_文字标注
100
AcDbText
 10
23.991
 20
-108.0
 30
0.0
 40
3.5
  1
蒲支0+049.98
 50
90.0
 41
0.7
 11
23.991
 21
-108.0
 31
0.0
100
AcDbText
  0
TEXT
  5
10D
330
17
100
AcDbEntity
  8
纵断面_文字标注
100
AcDbText
 10
42.243
 20
-108.0
 30
0.0
 40
3.5
  1
蒲支0+086.49
 50
90.0
 41
0.7
 11
42.243
 21
-108.0
 31
0.0
100
AcDbText
  0
TEXT
  5
10E
330
17
100
AcDbEntity
  8
纵断面_文字标注
100
AcDbText
 10
70.2565
 20
-108.0
 30
0.0
 40
3.5
  1
蒲支0+142.51
 50
90.0
 41
0.7
 11
70.2565
 21
-108.0
 31
0.0
100
AcDbText
  0
TEXT
  5
10F
330
17
100
AcDbEntity
  8
纵断面_文字标注
100
AcDbText
 10
88.835
 20
-108.0
 30
0.0
 40
3.5
  1
蒲支0+179.67
 50
90.0
 41
0.7
 11
88.835
 21
-108.0
 31
0.0
100
AcDbText
  0
TEXT
  5
110
330
17
100
AcDbEntity
  8
纵断面_文字标注
100
AcDbText
 10
98.1895
 20
-108.0
 30
0.0
 40
3.5
  1
蒲支0+198.38
 50
90.0
 41
0.7
 11
98.1895
 21
-108.0
 31
0.0
100
AcDbText
  0
TEXT
  5
111
330
17
100
AcDbEntity
  8
纵断面_文字标注
100
AcDbText
 10
121.5925
 20
-108.0
 30
0.0
 40
3.5
  1
蒲支0+245.19
 50
90.0
 41
0.7
 11
121.5925
 21
-108.0
 31
0.0
100
AcDbText
  0
TEXT
  5
112
330
17
100
AcDbEntity
  8
纵断面_文字标注
100
AcDbText
 10
127.5085
 20
-108.0
 30
0.0
 40
3.5
  1
蒲支0+257.02
 50
90.0
 41
0.7
 11
127.5085
 21
-108.0
 31
0.0
100
AcDbText
  0
TEXT
  5
113
330
17
100
AcDbEntity
  8
纵断面_文字标注
100
AcDbText
 10
153.9385
 20
-108.0
 30
0.0
 40
3.5
  1
蒲支0+309.88
 50
90.0
 41
0.7
 11
153.9385
 21
-108.0
 31
0.0
100
AcDbText
  0
TEXT
  5
114
330
17
100
AcDbEntity
  8
纵断面_文字标注
100
AcDbText
 10
161.9825
 20
-108.0
 30
0.0
 40
3.5
  1
蒲支0+325.96
 50
90.0
 41
0.7
 11
161.9825
 21
-108.0
 31
0.0
100
AcDbText
  0
TEXT
  5
115
330
17
100
AcDbEntity
  8
纵断面_文字标注
100
AcDbText
 10
169.5095
 20
-108.0
 30
0.0
 40
3.5
  1
蒲支0+341.02
 50
90.0
 41
0.7
 11
169.5095
 21
-108.0
 31
0.0
100
AcDbText
  0
TEXT
  5
116
330
17
100
AcDbEntity
  8
纵断面_文字标注
100
AcDbText
 10
193.5305
 20
-108.0
 30
0.0
 40
3.5
  1
蒲支0+389.06
 50
90.0
 41
0.7
 11
193.5305
 21
-108.0
 31
0.0
100
AcDbText
  0
TEXT
  5
117
330
17
100
AcDbEntity
  8
纵断面_文字标注
100
AcDbText
 10
250.494
 20
-108.0
 30
0.0
 40
3.5
  1
蒲支0+502.99
 50
90.0
 41
0.7
 11
250.494
 21
-108.0
 31
0.0
100
AcDbText
  0
TEXT
  5
118
330
17
100
AcDbEntity
  8
纵断面_文字标注
100
AcDbText
 10
301.3215
 20
-108.0
 30
0.0
 40
3.5
  1
蒲支0+604.64
 50
90.0
 41
0.7
 11
301.3215
 21
-108.0
 31
0.0
100
AcDbText
  0
TEXT
  5
119
330
17
100
AcDbEntity
  8
纵断面_文字标注
100
AcDbText
 10
321.763
 20
-108.0
 30
0.0
 40
3.5
  1
蒲支0+645.53
 50
90.0
 41
0.7
 11
321.763
 21
-108.0
 31
0.0
100
AcDbText
  0
TEXT
  5
11A
330
17
100
AcDbEntity
  8
纵断面_文字标注
100
AcDbText
 10
393.7075
 20
-108.0
 30
0.0
 40
3.5
  1
蒲支0+789.41
 50
90.0
 41
0.7
 11
393.7075
 21
-108.0
 31
0.0
100
AcDbText
  0
TEXT
  5
11B
330
17
100
AcDbEntity
  8
纵断面_文字标注
100
AcDbText
 10
419.5075
 20
-108.0
 30
0.0
 40
3.5
  1
蒲支2+673.11
 50
90.0
 41
0.7
 11
419.5075
 21
-108.0
 31
0.0
100
AcDbText
  0
TEXT
  5
11C
330
17
100
AcDbEntity
  8
纵断面_文字标注
100
AcDbText
 10
447.0425
 20
-108.0
 30
0.0
 40
3.5
  1
蒲支2+739.78
 50
90.0
 41
0.7
 11
447.0425
 21
-108.0
 31
0.0
100
AcDbText
  0
TEXT
  5
11D
330
17
100
AcDbEntity
  8
纵断面_文字标注
100
AcDbText
 10
462.7515000000001
 20
-108.0
 30
0.0
 40
3.5
  1
蒲支2+771.20
 50
90.0
 41
0.7
 11
462.7515000000001
 21
-108.0
 31
0.0
100
AcDbText
  0
TEXT
  5
11E
330
17
100
AcDbEntity
  8
纵断面_文字标注
100
AcDbText
 10
473.52600000000007
 20
-108.0
 30
0.0
 40
3.5
  1
蒲支2+792.75
 50
90.0
 41
0.7
 11
473.52600000000007
 21
-108.0
 31
0.0
100
AcDbText
  0
TEXT
  5
11F
330
17
100
AcDbEntity
  8
纵断面_文字标注
100
AcDbText
 10
485.8470000000002
 20
-108.0
 30
0.0
 40
3.5
  1
蒲支2+817.39
 50
90.0
 41
0.7
 11
485.8470000000002
 21
-108.0
 31
0.0
100
AcDbText
  0
TEXT
  5
120
330
17
100
AcDbEntity
  8
纵断面_文字标注
100
AcDbText
 10
509.66049999999996
 20
-108.0
 30
0.0
 40
3.5
  1
蒲支2+865.02
 50
90.0
 41
0.7
 11
509.66049999999996
 21
-108.0
 31
0.0
100
AcDbText
  0
TEXT
  5
121
330
17
100
AcDbEntity
  8
纵断面_文字标注
100
AcDbText
 10
540.8810000000001
 20
-108.0
 30
0.0
 40
3.5
  1
蒲支2+927.46
 50
90.0
 41
0.7
 11
540.8810000000001
 21
-108.0
 31
0.0
100
AcDbText
  0
TEXT
  5
122
330
17
100
AcDbEntity
  8
纵断面_文字标注
100
AcDbText
 10
558.1325000000002
 20
-108.0
 30
0.0
 40
3.5
  1
蒲支2+961.97
 50
90.0
 41
0.7
 11
558.1325000000002
 21
-108.0
 31
0.0
100
AcDbText
  0
TEXT
  5
123
330
17
100
AcDbEntity
  8
纵断面_文字标注
100
AcDbText
 10
598.1380000000001
 20
-108.0
 30
0.0
 40
3.5
  1
蒲支3+041.98
 50
90.0
 41
0.7
 11
598.1380000000001
 21
-108.0
 31
0.0
100
AcDbText
  0
TEXT
  5
124
330
17
100
AcDbEntity
  8
纵断面_文字标注
100
AcDbText
 10
620.9585000000002
 20
-108.0
 30
0.0
 40
3.5
  1
蒲支3+087.62
 50
90.0
 41
0.7
 11
620.9585000000002
 21
-108.0
 31
0.0
100
AcDbText
  0
TEXT
  5
125
330
17
100
AcDbEntity
  8
纵断面_文字标注
100
AcDbText
 10
644.8875
 20
-108.0
 30
0.0
 40
3.5
  1
蒲支3+135.47
 50
90.0
 41
0.7
 11
644.8875
 21
-108.0
 31
0.0
100
AcDbText
  0
TEXT
  5
126
330
17
100
AcDbEntity
  8
纵断面_文字标注
100
AcDbText
 10
698.9060000000002
 20
-108.0
 30
0.0
 40
3.5
  1
蒲支3+243.51
 50
90.0
 41
0.7
 11
698.9060000000002
 21
-108.0
 31
0.0
100
AcDbText
  0
TEXT
  5
127
330
17
100
AcDbEntity
  8
纵断面_文字标注
100
AcDbText
 10
710.364
 20
-108.0
 30
0.0
 40
3.5
  1
蒲支3+266.43
 50
90.0
 41
0.7
 11
710.364
 21
-108.0
 31
0.0
100
AcDbText
  0
TEXT
  5
128
330
17
100
AcDbEntity
  8
纵断面_文字标注
100
AcDbText
 10
765.1075000000001
 20
-108.0
 30
0.0
 40
3.5
  1
蒲支3+375.91
 50
90.0
 41
0.7
 11
765.1075000000001
 21
-108.0
 31
0.0
100
AcDbText
  0
TEXT
  5
129
330
17
100
AcDbEntity
  8
纵断面_文字标注
100
AcDbText
 10
826.229
 20
-108.0
 30
0.0
 40
3.5
  1
蒲支3+498.16
 50
90.0
 41
0.7
 11
826.229
 21
-108.0
 31
0.0
100
AcDbText
  0
TEXT
  5
12A
330
17
100
AcDbEntity
  8
纵断面_文字标注
100
AcDbText
 10
902.0710000000001
 20
-108.0
 30
0.0
 40
3.5
  1
蒲支3+649.84
 50
90.0
 41
0.7
 11
902.0710000000001
 21
-108.0
 31
0.0
100
AcDbText
  0
TEXT
  5
12B
330
17
100
AcDbEntity
  8
纵断面_文字标注
100
AcDbText
 10
928.4805000000001
 20
-108.0
 30
0.0
 40
3.5
  1
蒲支3+702.66
 50
90.0
 41
0.7
 11
928.4805000000001
 21
-108.0
 31
0.0
100
AcDbText
  0
TEXT
  5
12C
330
17
100
AcDbEntity
  8
纵断面_文字标注
100
AcDbText
 10
940.2625
 20
-108.0
 30
0.0
 40
3.5
  1
蒲支3+726.22
 50
90.0
 41
0.7
 11
940.2625
 21
-108.0
 31
0.0
100
AcDbText
  0
TEXT
  5
12D
330
17
100
AcDbEntity
  8
纵断面_文字标注
100
AcDbText
 10
1020.9010000000001
 20
-108.0
 30
0.0
 40
3.5
  1
蒲支3+887.50
 50
90.0
 41
0.7
 11
1020.9010000000001
 21
-108.0
 31
0.0
100
AcDbText
  0
TEXT
  5
12E
330
17
100
AcDbEntity
  8
纵断面_文字标注
100
AcDbText
 10
1048.1770000000001
 20
-108.0
 30
0.0
 40
3.5
  1
蒲支3+942.05
 50
90.0
 41
0.7
 11
1048.1770000000001
 21
-108.0
 31
0.0
100
AcDbText
  0
TEXT
  5
12F
330
17
100
AcDbEntity
  8
纵断面_文字标注
100
AcDbText
 10
1056.284
 20
-108.0
 30
0.0
 40
3.5
  1
蒲支3+958.27
 50
90.0
 41
0.7
 11
1056.284
 21
-108.0
 31
0.0
100
AcDbText
  0
TEXT
  5
130
330
17
100
AcDbEntity
  8
纵断面_文字标注
100
AcDbText
 10
1071.2645000000002
 20
-108.0
 30
0.0
 40
3.5
  1
蒲支3+988.23
 50
90.0
 41
0.7
 11
1071.2645000000002
 21
-108.0
 31
0.0
100
AcDbText
  0
TEXT
  5
131
330
17
100
AcDbEntity
  8
纵断面_文字标注
100
AcDbText
 10
1158.4165000000003
 20
-108.0
 30
0.0
 40
3.5
  1
蒲支4+162.53
 50
90.0
 41
0.7
 11
1158.4165000000003
 21
-108.0
 31
0.0
100
AcDbText
  0
TEXT
  5
132
330
17
100
AcDbEntity
  8
纵断面_文字标注
100
AcDbText
 10
1198.0585
 20
-108.0
 30
0.0
 40
3.5
  1
蒲支4+241.82
 50
90.0
 41
0.7
 11
1198.0585
 21
-108.0
 31
0.0
100
AcDbText
  0
TEXT
  5
133
330
17
100
AcDbEntity
  8
纵断面_文字标注
100
AcDbText
 10
1211.6020000000003
 20
-108.0
 30
0.0
 40
3.5
  1
蒲支4+268.90
 50
90.0
 41
0.7
 11
1211.6020000000003
 21
-108.0
 31
0.0
100
AcDbText
  0
TEXT
  5
134
330
17
100
AcDbEntity
  8
纵断面_文字标注
100
AcDbText
 10
1229.0145000000002
 20
-108.0
 30
0.0
 40
3.5
  1
蒲支4+303.73
 50
90.0
 41
0.7
 11
1229.0145000000002
 21
-108.0
 31
0.0
100
AcDbText
  0
TEXT
  5
135
330
17
100
AcDbEntity
  8
纵断面_文字标注
100
AcDbText
 10
1280.748
 20
-108.0
 30
0.0
 40
3.5
  1
蒲支4+407.20
 50
90.0
 41
0.7
 11
1280.748
 21
-108.0
 31
0.0
100
AcDbText
  0
TEXT
  5
136
330
17
100
AcDbEntity
  8
纵断面_文字标注
100
AcDbText
 10
1308.071
 20
-108.0
 30
0.0
 40
3.5
  1
蒲支4+461.84
 50
90.0
 41
0.7
 11
1308.071
 21
-108.0
 31
0.0
100
AcDbText
  0
TEXT
  5
137
330
17
100
AcDbEntity
  8
纵断面_文字标注
100
AcDbText
 10
1315.855
 20
-108.0
 30
0.0
 40
3.5
  1
蒲支4+477.41
 50
90.0
 41
0.7
 11
1315.855
 21
-108.0
 31
0.0
100
AcDbText
  0
TEXT
  5
138
330
17
100
AcDbEntity
  8
纵断面_文字标注
100
AcDbText
 10
1330.1264999999999
 20
-108.0
 30
0.0
 40
3.5
  1
蒲支4+505.95
 50
90.0
 41
0.7
 11
1330.1264999999999
 21
-108.0
 31
0.0
100
AcDbText
  0
TEXT
  5
139
330
17
100
AcDbEntity
  8
纵断面_文字标注
100
AcDbText
 10
1337.891
 20
-108.0
 30
0.0
 40
3.5
  1
蒲支4+521.48
 50
90.0
 41
0.7
 11
1337.891
 21
-108.0
 31
0.0
100
AcDbText
  0
TEXT
  5
13A
330
17
100
AcDbEntity
  8
纵断面_文字标注
100
AcDbText
 10
1353.8830000000003
 20
-108.0
 30
0.0
 40
3.5
  1
蒲支4+553.47
 50
90.0
 41
0.7
 11
1353.8830000000003
 21
-108.0
 31
0.0
100
AcDbText
  0
TEXT
  5
13B
330
17
100
AcDbEntity
  8
纵断面_文字标注
100
AcDbText
 10
1359.2645000000002
 20
-108.0
 30
0.0
 40
3.5
  1
蒲支4+564.23
 50
90.0
 41
0.7
 11
1359.2645000000002
 21
-108.0
 31
0.0
100
AcDbText
  0
TEXT
  5
13C
330
17
100
AcDbEntity
  8
纵断面_文字标注
100
AcDbText
 10
1389.1200000000003
 20
-108.0
 30
0.0
 40
3.5
  1
蒲支4+623.94
 50
90.0
 41
0.7
 11
1389.1200000000003
 21
-108.0
 31
0.0
100
AcDbText
  0
TEXT
  5
13D
330
17
100
AcDbEntity
  8
纵断面_文字标注
100
AcDbText
 10
1407.9569999999999
 20
-108.0
 30
0.0
 40
3.5
  1
蒲支4+661.61
 50
90.0
 41
0.7
 11
1407.9569999999999
 21
-108.0
 31
0.0
100
AcDbText
  0
TEXT
  5
13E
330
17
100
AcDbEntity
  8
纵断面_文字标注
100
AcDbText
 10
1426.7715000000003
 20
-108.0
 30
0.0
 40
3.5
  1
蒲支4+699.24
 50
90.0
 41
0.7
 11
1426.7715000000003
 21
-108.0
 31
0.0
100
AcDbText
  0
TEXT
  5
13F
330
17
100
AcDbEntity
  8
纵断面_文字标注
100
AcDbText
 10
1457.7310000000002
 20
-108.0
 30
0.0
 40
3.5
  1
蒲支4+761.16
 50
90.0
 41
0.7
 11
1457.7310000000002
 21
-108.0
 31
0.0
100
AcDbText
  0
TEXT
  5
140
330
17
100
AcDbEntity
  8
纵断面_文字标注
100
AcDbText
 10
1471.7620000000002
 20
-108.0
 30
0.0
 40
3.5
  1
蒲支4+789.22
 50
90.0
 41
0.7
 11
1471.7620000000002
 21
-108.0
 31
0.0
100
AcDbText
  0
TEXT
  5
141
330
17
100
AcDbEntity
  8
纵断面_文字标注
100
AcDbText
 10
1530.895
 20
-108.0
 30
0.0
 40
3.5
  1
蒲支4+907.49
 50
90.0
 41
0.7
 11
1530.895
 21
-108.0
 31
0.0
100
AcDbText
  0
TEXT
  5
142
330
17
100
AcDbEntity
  8
纵断面_文字标注
100
AcDbText
 10
1610.8375
 20
-108.0
 30
0.0
 40
3.5
  1
蒲支5+067.38
 50
90.0
 41
0.7
 11
1610.8375
 21
-108.0
 31
0.0
100
AcDbText
  0
TEXT
  5
143
330
17
100
AcDbEntity
  8
纵断面_文字标注
100
AcDbText
 10
1701.482
 20
-108.0
 30
0.0
 40
3.5
  1
蒲支5+248.66
 50
90.0
 41
0.7
 11
1701.482
 21
-108.0
 31
0.0
100
AcDbText
  0
TEXT
  5
144
330
17
100
AcDbEntity
  8
纵断面_文字标注
100
AcDbText
 10
1740.094
 20
-108.0
 30
0.0
 40
3.5
  1
蒲支5+325.89
 50
90.0
 41
0.7
 11
1740.094
 21
-108.0
 31
0.0
100
AcDbText
  0
TEXT
  5
145
330
17
100
AcDbEntity
  8
纵断面_文字标注
100
AcDbText
 10
1792.9650000000001
 20
-108.0
 30
0.0
 40
3.5
  1
蒲支5+431.63
 50
90.0
 41
0.7
 11
1792.9650000000001
 21
-108.0
 31
0.0
100
AcDbText
  0
TEXT
  5
146
330
17
100
AcDbEntity
  8
纵断面_文字标注
100
AcDbText
 10
1852.0695
 20
-108.0
 30
0.0
 40
3.5
  1
蒲支5+549.84
 50
90.0
 41
0.7
 11
1852.0695
 21
-108.0
 31
0.0
100
AcDbText
  0
TEXT
  5
147
330
17
100
AcDbEntity
  8
纵断面_文字标注
100
AcDbText
 10
1862.1799999999998
 20
-108.0
 30
0.0
 40
3.5
  1
蒲支5+570.06
 50
90.0
 41
0.7
 11
1862.1799999999998
 21
-108.0
 31
0.0
100
AcDbText
  0
TEXT
  5
148
330
17
100
AcDbEntity
  8
纵断面_文字标注
100
AcDbText
 10
1896.6515
 20
-108.0
 30
0.0
 40
3.5
  1
蒲支5+639.00
 50
90.0
 41
0.7
 11
1896.6515
 21
-108.0
 31
0.0
100
AcDbText
  0
TEXT
  5
149
330
17
100
AcDbEntity
  8
纵断面_文字标注
100
AcDbText
 10
2106.7555
 20
-108.0
 30
0.0
 40
3.5
  1
蒲支6+059.21
 50
90.0
 41
0.7
 11
2106.7555
 21
-108.0
 31
0.0
100
AcDbText
  0
TEXT
  5
14A
330
17
100
AcDbEntity
  8
纵断面_文字标注
100
AcDbText
 10
2118.6805
 20
-108.0
 30
0.0
 40
3.5
  1
蒲支6+083.06
 50
90.0
 41
0.7
 11
2118.6805
 21
-108.0
 31
0.0
100
AcDbText
  0
TEXT
  5
14B
330
17
100
AcDbEntity
  8
纵断面_文字标注
100
AcDbText
 10
2132.1865000000003
 20
-108.0
 30
0.0
 40
3.5
  1
蒲支6+110.07
 50
90.0
 41
0.7
 11
2132.1865000000003
 21
-108.0
 31
0.0
100
AcDbText
  0
TEXT
  5
14C
330
17
100
AcDbEntity
  8
纵断面_文字标注
100
AcDbText
 10
2157.804
 20
-108.0
 30
0.0
 40
3.5
  1
蒲支6+161.31
 50
90.0
 41
0.7
 11
2157.804
 21
-108.0
 31
0.0
100
AcDbText
  0
TEXT
  5
14D
330
17
100
AcDbEntity
  8
纵断面_文字标注
100
AcDbText
 10
2191.217
 20
-108.0
 30
0.0
 40
3.5
  1
蒲支6+228.13
 50
90.0
 41
0.7
 11
2191.217
 21
-108.0
 31
0.0
100
AcDbText
  0
TEXT
  5
14E
330
17
100
AcDbEntity
  8
纵断面_文字标注
100
AcDbText
 10
2201.9055000000003
 20
-108.0
 30
0.0
 40
3.5
  1
蒲支6+249.51
 50
90.0
 41
0.7
 11
2201.9055000000003
 21
-108.0
 31
0.0
100
AcDbText
  0
TEXT
  5
14F
330
17
100
AcDbEntity
  8
纵断面_文字标注
100
AcDbText
 10
2211.195
 20
-108.0
 30
0.0
 40
3.5
  1
蒲支6+268.09
 50
90.0
 41
0.7
 11
2211.195
 21
-108.0
 31
0.0
100
AcDbText
  0
TEXT
  5
150
330
17
100
AcDbEntity
  8
纵断面_文字标注
100
AcDbText
 10
2268.1110000000003
 20
-108.0
 30
0.0
 40
3.5
  1
蒲支6+381.92
 50
90.0
 41
0.7
 11
2268.1110000000003
 21
-108.0
 31
0.0
100
AcDbText
  0
TEXT
  5
151
330
17
100
AcDbEntity
  8
纵断面_文字标注
100
AcDbText
 10
2307.193
 20
-108.0
 30
0.0
 40
3.5
  1
蒲支6+460.09
 50
90.0
 41
0.7
 11
2307.193
 21
-108.0
 31
0.0
100
AcDbText
  0
TEXT
  5
152
330
17
100
AcDbEntity
  8
纵断面_文字标注
100
AcDbText
 10
4.8
 20
-129.0
 30
0.0
 40
3.5
  1
342.12
 50
90.0
 41
0.7
 11
4.8
 21
-129.0
 31
0.0
100
AcDbText
  0
TEXT
  5
153
330
17
100
AcDbEntity
  8
纵断面_文字标注
100
AcDbText
 10
13.274
 20
-129.0
 30
0.0
 40
3.5
  1
339.72
 50
90.0
 41
0.7
 11
13.274
 21
-129.0
 31
0.0
100
AcDbText
  0
TEXT
  5
154
330
17
100
AcDbEntity
  8
纵断面_文字标注
100
AcDbText
 10
23.991
 20
-129.0
 30
0.0
 40
3.5
  1
339.72
 50
90.0
 41
0.7
 11
23.991
 21
-129.0
 31
0.0
100
AcDbText
  0
TEXT
  5
155
330
17
100
AcDbEntity
  8
纵断面_文字标注
100
AcDbText
 10
42.243
 20
-129.0
 30
0.0
 40
3.5
  1
347.28
 50
90.0
 41
0.7
 11
42.243
 21
-129.0
 31
0.0
100
AcDbText
  0
TEXT
  5
156
330
17
100
AcDbEntity
  8
纵断面_文字标注
100
AcDbText
 10
70.2565
 20
-129.0
 30
0.0
 40
3.5
  1
347.28
 50
90.0
 41
0.7
 11
70.2565
 21
-129.0
 31
0.0
100
AcDbText
  0
TEXT
  5
157
330
17
100
AcDbEntity
  8
纵断面_文字标注
100
AcDbText
 10
88.835
 20
-129.0
 30
0.0
 40
3.5
  1
347.28
 50
90.0
 41
0.7
 11
88.835
 21
-129.0
 31
0.0
100
AcDbText
  0
TEXT
  5
158
330
17
100
AcDbEntity
  8
纵断面_文字标注
100
AcDbText
 10
98.1895
 20
-129.0
 30
0.0
 40
3.5
  1
351.33
 50
90.0
 41
0.7
 11
98.1895
 21
-129.0
 31
0.0
100
AcDbText
  0
TEXT
  5
159
330
17
100
AcDbEntity
  8
纵断面_文字标注
100
AcDbText
 10
121.5925
 20
-129.0
 30
0.0
 40
3.5
  1
351.33
 50
90.0
 41
0.7
 11
121.5925
 21
-129.0
 31
0.0
100
AcDbText
  0
TEXT
  5
15A
330
17
100
AcDbEntity
  8
纵断面_文字标注
100
AcDbText
 10
127.5085
 20
-129.0
 30
0.0
 40
3.5
  1
349.31
 50
90.0
 41
0.7
 11
127.5085
 21
-129.0
 31
0.0
100
AcDbText
  0
TEXT
  5
15B
330
17
100
AcDbEntity
  8
纵断面_文字标注
100
AcDbText
 10
153.9385
 20
-129.0
 30
0.0
 40
3.5
  1
349.31
 50
90.0
 41
0.7
 11
153.9385
 21
-129.0
 31
0.0
100
AcDbText
  0
TEXT
  5
15C
330
17
100
AcDbEntity
  8
纵断面_文字标注
100
AcDbText
 10
161.9825
 20
-129.0
 30
0.0
 40
3.5
  1
343.70
 50
90.0
 41
0.7
 11
161.9825
 21
-129.0
 31
0.0
100
AcDbText
  0
TEXT
  5
15D
330
17
100
AcDbEntity
  8
纵断面_文字标注
100
AcDbText
 10
169.5095
 20
-129.0
 30
0.0
 40
3.5
  1
343.70
 50
90.0
 41
0.7
 11
169.5095
 21
-129.0
 31
0.0
100
AcDbText
  0
TEXT
  5
15E
330
17
100
AcDbEntity
  8
纵断面_文字标注
100
AcDbText
 10
193.5305
 20
-129.0
 30
0.0
 40
3.5
  1
343.70
 50
90.0
 41
0.7
 11
193.5305
 21
-129.0
 31
0.0
100
AcDbText
  0
TEXT
  5
15F
330
17
100
AcDbEntity
  8
纵断面_文字标注
100
AcDbText
 10
250.494
 20
-129.0
 30
0.0
 40
3.5
  1
343.70
 50
90.0
 41
0.7
 11
250.494
 21
-129.0
 31
0.0
100
AcDbText
  0
TEXT
  5
160
330
17
100
AcDbEntity
  8
纵断面_文字标注
100
AcDbText
 10
301.3215
 20
-129.0
 30
0.0
 40
3.5
  1
346.16
 50
90.0
 41
0.7
 11
301.3215
 21
-129.0
 31
0.0
100
AcDbText
  0
TEXT
  5
161
330
17
100
AcDbEntity
  8
纵断面_文字标注
100
AcDbText
 10
321.763
 20
-129.0
 30
0.0
 40
3.5
  1
347.15
 50
90.0
 41
0.7
 11
321.763
 21
-129.0
 31
0.0
100
AcDbText
  0
TEXT
  5
162
330
17
100
AcDbEntity
  8
纵断面_文字标注
100
AcDbText
 10
393.7075
 20
-129.0
 30
0.0
 40
3.5
  1
350.64
 50
90.0
 41
0.7
 11
393.7075
 21
-129.0
 31
0.0
100
AcDbText
  0
TEXT
  5
163
330
17
100
AcDbEntity
  8
纵断面_文字标注
100
AcDbText
 10
419.5075
 20
-129.0
 30
0.0
 40
3.5
  1
348.23
 50
90.0
 41
0.7
 11
419.5075
 21
-129.0
 31
0.0
100
AcDbText
  0
TEXT
  5
164
330
17
100
AcDbEntity
  8
纵断面_文字标注
100
AcDbText
 10
447.0425
 20
-129.0
 30
0.0
 40
3.5
  1
345.67
 50
90.0
 41
0.7
 11
447.0425
 21
-129.0
 31
0.0
100
AcDbText
  0
TEXT
  5
165
330
17
100
AcDbEntity
  8
纵断面_文字标注
100
AcDbText
 10
462.7515000000001
 20
-129.0
 30
0.0
 40
3.5
  1
345.67
 50
90.0
 41
0.7
 11
462.7515000000001
 21
-129.0
 31
0.0
100
AcDbText
  0
TEXT
  5
166
330
17
100
AcDbEntity
  8
纵断面_文字标注
100
AcDbText
 10
473.52600000000007
 20
-129.0
 30
0.0
 40
3.5
  1
348.40
 50
90.0
 41
0.7
 11
473.52600000000007
 21
-129.0
 31
0.0
100
AcDbText
  0
TEXT
  5
167
330
17
100
AcDbEntity
  8
纵断面_文字标注
100
AcDbText
 10
485.8470000000002
 20
-129.0
 30
0.0
 40
3.5
  1
348.29
 50
90.0
 41
0.7
 11
485.8470000000002
 21
-129.0
 31
0.0
100
AcDbText
  0
TEXT
  5
168
330
17
100
AcDbEntity
  8
纵断面_文字标注
100
AcDbText
 10
509.66049999999996
 20
-129.0
 30
0.0
 40
3.5
  1
348.08
 50
90.0
 41
0.7
 11
509.66049999999996
 21
-129.0
 31
0.0
100
AcDbText
  0
TEXT
  5
169
330
17
100
AcDbEntity
  8
纵断面_文字标注
100
AcDbText
 10
540.8810000000001
 20
-129.0
 30
0.0
 40
3.5
  1
347.80
 50
90.0
 41
0.7
 11
540.8810000000001
 21
-129.0
 31
0.0
100
AcDbText
  0
TEXT
  5
16A
330
17
100
AcDbEntity
  8
纵断面_文字标注
100
AcDbText
 10
558.1325000000002
 20
-129.0
 30
0.0
 40
3.5
  1
347.65
 50
90.0
 41
0.7
 11
558.1325000000002
 21
-129.0
 31
0.0
100
AcDbText
  0
TEXT
  5
16B
330
17
100
AcDbEntity
  8
纵断面_文字标注
100
AcDbText
 10
598.1380000000001
 20
-129.0
 30
0.0
 40
3.5
  1
347.30
 50
90.0
 41
0.7
 11
598.1380000000001
 21
-129.0
 31
0.0
100
AcDbText
  0
TEXT
  5
16C
330
17
100
AcDbEntity
  8
纵断面_文字标注
100
AcDbText
 10
620.9585000000002
 20
-129.0
 30
0.0
 40
3.5
  1
343.70
 50
90.0
 41
0.7
 11
620.9585000000002
 21
-129.0
 31
0.0
100
AcDbText
  0
TEXT
  5
16D
330
17
100
AcDbEntity
  8
纵断面_文字标注
100
AcDbText
 10
644.8875
 20
-129.0
 30
0.0
 40
3.5
  1
343.70
 50
90.0
 41
0.7
 11
644.8875
 21
-129.0
 31
0.0
100
AcDbText
  0
TEXT
  5
16E
330
17
100
AcDbEntity
  8
纵断面_文字标注
100
AcDbText
 10
698.9060000000002
 20
-129.0
 30
0.0
 40
3.5
  1
339.70
 50
90.0
 41
0.7
 11
698.9060000000002
 21
-129.0
 31
0.0
100
AcDbText
  0
TEXT
  5
16F
330
17
100
AcDbEntity
  8
纵断面_文字标注
100
AcDbText
 10
710.364
 20
-129.0
 30
0.0
 40
3.5
  1
339.70
 50
90.0
 41
0.7
 11
710.364
 21
-129.0
 31
0.0
100
AcDbText
  0
TEXT
  5
170
330
17
100
AcDbEntity
  8
纵断面_文字标注
100
AcDbText
 10
765.1075000000001
 20
-129.0
 30
0.0
 40
3.5
  1
344.16
 50
90.0
 41
0.7
 11
765.1075000000001
 21
-129.0
 31
0.0
100
AcDbText
  0
TEXT
  5
171
330
17
100
AcDbEntity
  8
纵断面_文字标注
100
AcDbText
 10
826.229
 20
-129.0
 30
0.0
 40
3.5
  1
344.16
 50
90.0
 41
0.7
 11
826.229
 21
-129.0
 31
0.0
100
AcDbText
  0
TEXT
  5
172
330
17
100
AcDbEntity
  8
纵断面_文字标注
100
AcDbText
 10
902.0710000000001
 20
-129.0
 30
0.0
 40
3.5
  1
339.70
 50
90.0
 41
0.7
 11
902.0710000000001
 21
-129.0
 31
0.0
100
AcDbText
  0
TEXT
  5
173
330
17
100
AcDbEntity
  8
纵断面_文字标注
100
AcDbText
 10
928.4805000000001
 20
-129.0
 30
0.0
 40
3.5
  1
339.70
 50
90.0
 41
0.7
 11
928.4805000000001
 21
-129.0
 31
0.0
100
AcDbText
  0
TEXT
  5
174
330
17
100
AcDbEntity
  8
纵断面_文字标注
100
AcDbText
 10
940.2625
 20
-129.0
 30
0.0
 40
3.5
  1
337.70
 50
90.0
 41
0.7
 11
940.2625
 21
-129.0
 31
0.0
100
AcDbText
  0
TEXT
  5
175
330
17
100
AcDbEntity
  8
纵断面_文字标注
100
AcDbText
 10
1020.9010000000001
 20
-129.0
 30
0.0
 40
3.5
  1
337.70
 50
90.0
 41
0.7
 11
1020.9010000000001
 21
-129.0
 31
0.0
100
AcDbText
  0
TEXT
  5
176
330
17
100
AcDbEntity
  8
纵断面_文字标注
100
AcDbText
 10
1048.1770000000001
 20
-129.0
 30
0.0
 40
3.5
  1
343.13
 50
90.0
 41
0.7
 11
1048.1770000000001
 21
-129.0
 31
0.0
100
AcDbText
  0
TEXT
  5
177
330
17
100
AcDbEntity
  8
纵断面_文字标注
100
AcDbText
 10
1056.284
 20
-129.0
 30
0.0
 40
3.5
  1
343.14
 50
90.0
 41
0.7
 11
1056.284
 21
-129.0
 31
0.0
100
AcDbText
  0
TEXT
  5
178
330
17
100
AcDbEntity
  8
纵断面_文字标注
100
AcDbText
 10
1071.2645000000002
 20
-129.0
 30
0.0
 40
3.5
  1
337.06
 50
90.0
 41
0.7
 11
1071.2645000000002
 21
-129.0
 31
0.0
100
AcDbText
  0
TEXT
  5
179
330
17
100
AcDbEntity
  8
纵断面_文字标注
100
AcDbText
 10
1158.4165000000003
 20
-129.0
 30
0.0
 40
3.5
  1
337.20
 50
90.0
 41
0.7
 11
1158.4165000000003
 21
-129.0
 31
0.0
100
AcDbText
  0
TEXT
  5
17A
330
17
100
AcDbEntity
  8
纵断面_文字标注
100
AcDbText
 10
1198.0585
 20
-129.0
 30
0.0
 40
3.5
  1
344.10
 50
90.0
 41
0.7
 11
1198.0585
 21
-129.0
 31
0.0
100
AcDbText
  0
TEXT
  5
17B
330
17
100
AcDbEntity
  8
纵断面_文字标注
100
AcDbText
 10
1211.6020000000003
 20
-129.0
 30
0.0
 40
3.5
  1
344.10
 50
90.0
 41
0.7
 11
1211.6020000000003
 21
-129.0
 31
0.0
100
AcDbText
  0
TEXT
  5
17C
330
17
100
AcDbEntity
  8
纵断面_文字标注
100
AcDbText
 10
1229.0145000000002
 20
-129.0
 30
0.0
 40
3.5
  1
339.70
 50
90.0
 41
0.7
 11
1229.0145000000002
 21
-129.0
 31
0.0
100
AcDbText
  0
TEXT
  5
17D
330
17
100
AcDbEntity
  8
纵断面_文字标注
100
AcDbText
 10
1280.748
 20
-129.0
 30
0.0
 40
3.5
  1
339.70
 50
90.0
 41
0.7
 11
1280.748
 21
-129.0
 31
0.0
100
AcDbText
  0
TEXT
  5
17E
330
17
100
AcDbEntity
  8
纵断面_文字标注
100
AcDbText
 10
1308.071
 20
-129.0
 30
0.0
 40
3.5
  1
339.70
 50
90.0
 41
0.7
 11
1308.071
 21
-129.0
 31
0.0
100
AcDbText
  0
TEXT
  5
17F
330
17
100
AcDbEntity
  8
纵断面_文字标注
100
AcDbText
 10
1315.855
 20
-129.0
 30
0.0
 40
3.5
  1
336.68
 50
90.0
 41
0.7
 11
1315.855
 21
-129.0
 31
0.0
100
AcDbText
  0
TEXT
  5
180
330
17
100
AcDbEntity
  8
纵断面_文字标注
100
AcDbText
 10
1330.1264999999999
 20
-129.0
 30
0.0
 40
3.5
  1
336.68
 50
90.0
 41
0.7
 11
1330.1264999999999
 21
-129.0
 31
0.0
100
AcDbText
  0
TEXT
  5
181
330
17
100
AcDbEntity
  8
纵断面_文字标注
100
AcDbText
 10
1337.891
 20
-129.0
 30
0.0
 40
3.5
  1
336.68
 50
90.0
 41
0.7
 11
1337.891
 21
-129.0
 31
0.0
100
AcDbText
  0
TEXT
  5
182
330
17
100
AcDbEntity
  8
纵断面_文字标注
100
AcDbText
 10
1353.8830000000003
 20
-129.0
 30
0.0
 40
3.5
  1
343.82
 50
90.0
 41
0.7
 11
1353.8830000000003
 21
-129.0
 31
0.0
100
AcDbText
  0
TEXT
  5
183
330
17
100
AcDbEntity
  8
纵断面_文字标注
100
AcDbText
 10
1359.2645000000002
 20
-129.0
 30
0.0
 40
3.5
  1
346.22
 50
90.0
 41
0.7
 11
1359.2645000000002
 21
-129.0
 31
0.0
100
AcDbText
  0
TEXT
  5
184
330
17
100
AcDbEntity
  8
纵断面_文字标注
100
AcDbText
 10
1389.1200000000003
 20
-129.0
 30
0.0
 40
3.5
  1
346.22
 50
90.0
 41
0.7
 11
1389.1200000000003
 21
-129.0
 31
0.0
100
AcDbText
  0
TEXT
  5
185
330
17
100
AcDbEntity
  8
纵断面_文字标注
100
AcDbText
 10
1407.9569999999999
 20
-129.0
 30
0.0
 40
3.5
  1
346.22
 50
90.0
 41
0.7
 11
1407.9569999999999
 21
-129.0
 31
0.0
100
AcDbText
  0
TEXT
  5
186
330
17
100
AcDbEntity
  8
纵断面_文字标注
100
AcDbText
 10
1426.7715000000003
 20
-129.0
 30
0.0
 40
3.5
  1
341.97
 50
90.0
 41
0.7
 11
1426.7715000000003
 21
-129.0
 31
0.0
100
AcDbText
  0
TEXT
  5
187
330
17
100
AcDbEntity
  8
纵断面_文字标注
100
AcDbText
 10
1457.7310000000002
 20
-129.0
 30
0.0
 40
3.5
  1
341.97
 50
90.0
 41
0.7
 11
1457.7310000000002
 21
-129.0
 31
0.0
100
AcDbText
  0
TEXT
  5
188
330
17
100
AcDbEntity
  8
纵断面_文字标注
100
AcDbText
 10
1471.7620000000002
 20
-129.0
 30
0.0
 40
3.5
  1
332.70
 50
90.0
 41
0.7
 11
1471.7620000000002
 21
-129.0
 31
0.0
100
AcDbText
  0
TEXT
  5
189
330
17
100
AcDbEntity
  8
纵断面_文字标注
100
AcDbText
 10
1530.895
 20
-129.0
 30
0.0
 40
3.5
  1
330.33
 50
90.0
 41
0.7
 11
1530.895
 21
-129.0
 31
0.0
100
AcDbText
  0
TEXT
  5
18A
330
17
100
AcDbEntity
  8
纵断面_文字标注
100
AcDbText
 10
1610.8375
 20
-129.0
 30
0.0
 40
3.5
  1
329.23
 50
90.0
 41
0.7
 11
1610.8375
 21
-129.0
 31
0.0
100
AcDbText
  0
TEXT
  5
18B
330
17
100
AcDbEntity
  8
纵断面_文字标注
100
AcDbText
 10
1701.482
 20
-129.0
 30
0.0
 40
3.5
  1
327.98
 50
90.0
 41
0.7
 11
1701.482
 21
-129.0
 31
0.0
100
AcDbText
  0
TEXT
  5
18C
330
17
100
AcDbEntity
  8
纵断面_文字标注
100
AcDbText
 10
1740.094
 20
-129.0
 30
0.0
 40
3.5
  1
327.45
 50
90.0
 41
0.7
 11
1740.094
 21
-129.0
 31
0.0
100
AcDbText
  0
TEXT
  5
18D
330
17
100
AcDbEntity
  8
纵断面_文字标注
100
AcDbText
 10
1792.9650000000001
 20
-129.0
 30
0.0
 40
3.5
  1
326.72
 50
90.0
 41
0.7
 11
1792.9650000000001
 21
-129.0
 31
0.0
100
AcDbText
  0
TEXT
  5
18E
330
17
100
AcDbEntity
  8
纵断面_文字标注
100
AcDbText
 10
1852.0695
 20
-129.0
 30
0.0
 40
3.5
  1
325.91
 50
90.0
 41
0.7
 11
1852.0695
 21
-129.0
 31
0.0
100
AcDbText
  0
TEXT
  5
18F
330
17
100
AcDbEntity
  8
纵断面_文字标注
100
AcDbText
 10
1862.1799999999998
 20
-129.0
 30
0.0
 40
3.5
  1
325.77
 50
90.0
 41
0.7
 11
1862.1799999999998
 21
-129.0
 31
0.0
100
AcDbText
  0
TEXT
  5
190
330
17
100
AcDbEntity
  8
纵断面_文字标注
100
AcDbText
 10
1896.6515
 20
-129.0
 30
0.0
 40
3.5
  1
344.78
 50
90.0
 41
0.7
 11
1896.6515
 21
-129.0
 31
0.0
100
AcDbText
  0
TEXT
  5
191
330
17
100
AcDbEntity
  8
纵断面_文字标注
100
AcDbText
 10
2106.7555
 20
-129.0
 30
0.0
 40
3.5
  1
344.78
 50
90.0
 41
0.7
 11
2106.7555
 21
-129.0
 31
0.0
100
AcDbText
  0
TEXT
  5
192
330
17
100
AcDbEntity
  8
纵断面_文字标注
100
AcDbText
 10
2118.6805
 20
-129.0
 30
0.0
 40
3.5
  1
336.83
 50
90.0
 41
0.7
 11
2118.6805
 21
-129.0
 31
0.0
100
AcDbText
  0
TEXT
  5
193
330
17
100
AcDbEntity
  8
纵断面_文字标注
100
AcDbText
 10
2132.1865000000003
 20
-129.0
 30
0.0
 40
3.5
  1
336.83
 50
90.0
 41
0.7
 11
2132.1865000000003
 21
-129.0
 31
0.0
100
AcDbText
  0
TEXT
  5
194
330
17
100
AcDbEntity
  8
纵断面_文字标注
100
AcDbText
 10
2157.804
 20
-129.0
 30
0.0
 40
3.5
  1
332.05
 50
90.0
 41
0.7
 11
2157.804
 21
-129.0
 31
0.0
100
AcDbText
  0
TEXT
  5
195
330
17
100
AcDbEntity
  8
纵断面_文字标注
100
AcDbText
 10
2191.217
 20
-129.0
 30
0.0
 40
3.5
  1
332.05
 50
90.0
 41
0.7
 11
2191.217
 21
-129.0
 31
0.0
100
AcDbText
  0
TEXT
  5
196
330
17
100
AcDbEntity
  8
纵断面_文字标注
100
AcDbText
 10
2201.9055000000003
 20
-129.0
 30
0.0
 40
3.5
  1
337.74
 50
90.0
 41
0.7
 11
2201.9055000000003
 21
-129.0
 31
0.0
100
AcDbText
  0
TEXT
  5
197
330
17
100
AcDbEntity
  8
纵断面_文字标注
100
AcDbText
 10
2211.195
 20
-129.0
 30
0.0
 40
3.5
  1
342.69
 50
90.0
 41
0.7
 11
2211.195
 21
-129.0
 31
0.0
100
AcDbText
  0
TEXT
  5
198
330
17
100
AcDbEntity
  8
纵断面_文字标注
100
AcDbText
 10
2268.1110000000003
 20
-129.0
 30
0.0
 40
3.5
  1
342.69
 50
90.0
 41
0.7
 11
2268.1110000000003
 21
-129.0
 31
0.0
100
AcDbText
  0
TEXT
  5
199
330
17
100
AcDbEntity
  8
纵断面_文字标注
100
AcDbText
 10
2307.193
 20
-129.0
 30
0.0
 40
3.5
  1
342.69
 50
90.0
 41
0.7
 11
2307.193
 21
-129.0
 31
0.0
100
AcDbText
  0
TEXT
  5
19A
330
17
100
AcDbEntity
  8
纵断面_文字标注
100
AcDbText
 10
197.35375
 20
-140.0
 30
0.0
 40
3.5
  1
HDPE管 DN500
 41
0.7
 72
4
 11
197.35375
 21
-140.0
 31
0.0
100
AcDbText
  0
TEXT
  5
19B
330
17
100
AcDbEntity
  8
纵断面_文字标注
100
AcDbText
 10
1156.1794999999997
 20
-140.0
 30
0.0
 40
3.5
  1
球墨铸铁管 DN600
 41
0.7
 72
4
 11
1156.1794999999997
 21
-140.0
 31
0.0
100
AcDbText
  0
TEXT
  5
19C
330
17
100
AcDbEntity
  8
纵断面_文字标注
100
AcDbText
 10
2113.7180000000003
 20
-140.0
 30
0.0
 40
3.5
  1
球墨铸铁管 DN600
 41
0.7
 72
4
 11
2113.7180000000003
 21
-140.0
 31
0.0
100
AcDbText
  0
TEXT
  5
19D
330
17
100
AcDbEntity
  8
纵断面_文字标注
100
AcDbText
 10
2220.68975
 20
-140.0
 30
0.0
 40
3.5
  1
球墨铸铁管 DN600
 41
0.7
 72
4
 11
2220.68975
 21
-140.0
 31
0.0
100
AcDbText
  0
TEXT
  5
19E
330
17
100
AcDbEntity
  8
纵断面_文字标注
100
AcDbText
 10
-20.0
 20
-30.0
 30
0.0
 40
3.5
  1
建筑物名称
 41
0.7
 72
1
 11
-20.0
 21
-30.0
 31
0.0
100
AcDbText
 73
2
  0
TEXT
  5
19F
330
17
100
AcDbEntity
  8
纵断面_文字标注
100
AcDbText
 10
-20.0
 20
-60.0
 30
0.0
 40
3.5
  1
IP点名称
 41
0.7
 72
1
 11
-20.0
 21
-60.0
 31
0.0
100
AcDbText
 73
2
  0
TEXT
  5
1A0
330
17
100
AcDbEntity
  8
纵断面_文字标注
100
AcDbText
 10
-20.0
 20
-90.625
 30
0.0
 40
3.5
  1
里程桩号
 41
0.7
 72
1
 11
-20.0
 21
-90.625
 31
0.0
100
AcDbText
 73
2
  0
TEXT
  5
1A1
330
17
100
AcDbEntity
  8
纵断面_文字标注
100
AcDbText
 10
-20.0
 20
-99.375
 30
0.0
 40
3.5
  1
（千米+米）
 41
0.7
 72
1
 11
-20.0
 21
-99.375
 31
0.0
100
AcDbText
 73
2
  0
TEXT
  5
1A2
330
17
100
AcDbEntity
  8
纵断面_文字标注
100
AcDbText
 10
-20.0
 20
-120.0
 30
0.0
 40
3.5
  1
管中心线高程（米）
 41
0.7
 72
1
 11
-20.0
 21
-120.0
 31
0.0
100
AcDbText
 73
2
  0
TEXT
  5
1A3
330
17
100
AcDbEntity
  8
纵断面_文字标注
100
AcDbText
 10
-20.0
 20
-140.0
 30
0.0
 40
3.5
  1
管材（管径）
 41
0.7
 72
1
 11
-20.0
 21
-140.0
 31
0.0
100
AcDbText
 73
2
  0
LINE
  5
1A4
330
17
100
AcDbEntity
  8
断面汇总表
100
AcDbLine
 10
0.0
 20
-170.0
 30
0.0
 11
254.09999999999997
 21
-170.0
 31
0.0
  0
LINE
  5
1A5
330
17
100
AcDbEntity
  8
断面汇总表
100
AcDbLine
 10
0.0
 20
-180.0
 30
0.0
 11
254.09999999999997
 21
-180.0
 31
0.0
  0
LINE
  5
1A6
330
17
100
AcDbEntity
  8
断面汇总表
100
AcDbLine
 10
0.0
 20
-170.0
 30
0.0
 11
0.0
 21
-180.0
 31
0.0
  0
LINE
  5
1A7
330
17
100
AcDbEntity
  8
断面汇总表
100
AcDbLine
 10
254.09999999999997
 20
-170.0
 30
0.0
 11
254.09999999999997
 21
-180.0
 31
0.0
  0
LINE
  5
1A8
330
17
100
AcDbEntity
  8
断面汇总表
100
AcDbLine
 10
21.0
 20
-190.0
 30
0.0
 11
38.5
 21
-190.0
 31
0.0
  0
LINE
  5
1A9
330
17
100
AcDbEntity
  8
断面汇总表
100
AcDbLine
 10
38.5
 20
-190.0
 30
0.0
 11
56.0
 21
-190.0
 31
0.0
  0
LINE
  5
1AA
330
17
100
AcDbEntity
  8
断面汇总表
100
AcDbLine
 10
103.6
 20
-190.0
 30
0.0
 11
116.19999999999999
 21
-190.0
 31
0.0
  0
LINE
  5
1AB
330
17
100
AcDbEntity
  8
断面汇总表
100
AcDbLine
 10
116.19999999999999
 20
-190.0
 30
0.0
 11
132.29999999999998
 21
-190.0
 31
0.0
  0
LINE
  5
1AC
330
17
100
AcDbEntity
  8
断面汇总表
100
AcDbLine
 10
132.29999999999998
 20
-190.0
 30
0.0
 11
151.89999999999998
 21
-190.0
 31
0.0
  0
LINE
  5
1AD
330
17
100
AcDbEntity
  8
断面汇总表
100
AcDbLine
 10
151.89999999999998
 20
-190.0
 30
0.0
 11
170.09999999999997
 21
-190.0
 31
0.0
  0
LINE
  5
1AE
330
17
100
AcDbEntity
  8
断面汇总表
100
AcDbLine
 10
170.09999999999997
 20
-190.0
 30
0.0
 11
193.19999999999996
 21
-190.0
 31
0.0
  0
LINE
  5
1AF
330
17
100
AcDbEntity
  8
断面汇总表
100
AcDbLine
 10
193.19999999999996
 20
-190.0
 30
0.0
 11
214.89999999999998
 21
-190.0
 31
0.0
  0
LINE
  5
1B0
330
17
100
AcDbEntity
  8
断面汇总表
100
AcDbLine
 10
214.89999999999998
 20
-190.0
 30
0.0
 11
236.59999999999997
 21
-190.0
 31
0.0
  0
LINE
  5
1B1
330
17
100
AcDbEntity
  8
断面汇总表
100
AcDbLine
 10
236.59999999999997
 20
-190.0
 30
0.0
 11
254.09999999999997
 21
-190.0
 31
0.0
  0
LINE
  5
1B2
330
17
100
AcDbEntity
  8
断面汇总表
100
AcDbLine
 10
0.0
 20
-200.0
 30
0.0
 11
254.09999999999997
 21
-200.0
 31
0.0
  0
LINE
  5
1B3
330
17
100
AcDbEntity
  8
断面汇总表
100
AcDbLine
 10
0.0
 20
-180.0
 30
0.0
 11
0.0
 21
-200.0
 31
0.0
  0
LINE
  5
1B4
330
17
100
AcDbEntity
  8
断面汇总表
100
AcDbLine
 10
21.0
 20
-180.0
 30
0.0
 11
21.0
 21
-200.0
 31
0.0
  0
LINE
  5
1B5
330
17
100
AcDbEntity
  8
断面汇总表
100
AcDbLine
 10
38.5
 20
-180.0
 30
0.0
 11
38.5
 21
-200.0
 31
0.0
  0
LINE
  5
1B6
330
17
100
AcDbEntity
  8
断面汇总表
100
AcDbLine
 10
56.0
 20
-180.0
 30
0.0
 11
56.0
 21
-200.0
 31
0.0
  0
LINE
  5
1B7
330
17
100
AcDbEntity
  8
断面汇总表
100
AcDbLine
 10
73.5
 20
-180.0
 30
0.0
 11
73.5
 21
-200.0
 31
0.0
  0
LINE
  5
1B8
330
17
100
AcDbEntity
  8
断面汇总表
100
AcDbLine
 10
89.6
 20
-180.0
 30
0.0
 11
89.6
 21
-200.0
 31
0.0
  0
LINE
  5
1B9
330
17
100
AcDbEntity
  8
断面汇总表
100
AcDbLine
 10
103.6
 20
-180.0
 30
0.0
 11
103.6
 21
-200.0
 31
0.0
  0
LINE
  5
1BA
330
17
100
AcDbEntity
  8
断面汇总表
100
AcDbLine
 10
116.19999999999999
 20
-180.0
 30
0.0
 11
116.19999999999999
 21
-200.0
 31
0.0
  0
LINE
  5
1BB
330
17
100
AcDbEntity
  8
断面汇总表
100
AcDbLine
 10
132.29999999999998
 20
-180.0
 30
0.0
 11
132.29999999999998
 21
-200.0
 31
0.0
  0
LINE
  5
1BC
330
17
100
AcDbEntity
  8
断面汇总表
100
AcDbLine
 10
151.89999999999998
 20
-180.0
 30
0.0
 11
151.89999999999998
 21
-200.0
 31
0.0
  0
LINE
  5
1BD
330
17
100
AcDbEntity
  8
断面汇总表
100
AcDbLine
 10
170.09999999999997
 20
-180.0
 30
0.0
 11
170.09999999999997
 21
-200.0
 31
0.0
  0
LINE
  5
1BE
330
17
100
AcDbEntity
  8
断面汇总表
100
AcDbLine
 10
193.19999999999996
 20
-180.0
 30
0.0
 11
193.19999999999996
 21
-200.0
 31
0.0
  0
LINE
  5
1BF
330
17
100
AcDbEntity
  8
断面汇总表
100
AcDbLine
 10
214.89999999999998
 20
-180.0
 30
0.0
 11
214.89999999999998
 21
-200.0
 31
0.0
  0
LINE
  5
1C0
330
17
100
AcDbEntity
  8
断面汇总表
100
AcDbLine
 10
236.59999999999997
 20
-180.0
 30
0.0
 11
236.59999999999997
 21
-200.0
 31
0.0
  0
LINE
  5
1C1
330
17
100
AcDbEntity
  8
断面汇总表
100
AcDbLine
 10
254.09999999999997
 20
-180.0
 30
0.0
 11
254.09999999999997
 21
-200.0
 31
0.0
  0
LINE
  5
1C2
330
17
100
AcDbEntity
  8
断面汇总表
100
AcDbLine
 10
0.0
 20
-200.0
 30
0.0
 11
254.09999999999997
 21
-200.0
 31
0.0
  0
LINE
  5
1C3
330
17
100
AcDbEntity
  8
断面汇总表
100
AcDbLine
 10
0.0
 20
-221.0
 30
0.0
 11
254.09999999999997
 21
-221.0
 31
0.0
  0
LINE
  5
1C4
330
17
100
AcDbEntity
  8
断面汇总表
100
AcDbLine
 10
56.0
 20
-207.0
 30
0.0
 11
254.09999999999997
 21
-207.0
 31
0.0
  0
LINE
  5
1C5
330
17
100
AcDbEntity
  8
断面汇总表
100
AcDbLine
 10
56.0
 20
-214.0
 30
0.0
 11
254.09999999999997
 21
-214.0
 31
0.0
  0
LINE
  5
1C6
330
17
100
AcDbEntity
  8
断面汇总表
100
AcDbLine
 10
0.0
 20
-200.0
 30
0.0
 11
0.0
 21
-221.0
 31
0.0
  0
LINE
  5
1C7
330
17
100
AcDbEntity
  8
断面汇总表
100
AcDbLine
 10
21.0
 20
-200.0
 30
0.0
 11
21.0
 21
-221.0
 31
0.0
  0
LINE
  5
1C8
330
17
100
AcDbEntity
  8
断面汇总表
100
AcDbLine
 10
38.5
 20
-200.0
 30
0.0
 11
38.5
 21
-221.0
 31
0.0
  0
LINE
  5
1C9
330
17
100
AcDbEntity
  8
断面汇总表
100
AcDbLine
 10
56.0
 20
-200.0
 30
0.0
 11
56.0
 21
-221.0
 31
0.0
  0
LINE
  5
1CA
330
17
100
AcDbEntity
  8
断面汇总表
100
AcDbLine
 10
73.5
 20
-200.0
 30
0.0
 11
73.5
 21
-221.0
 31
0.0
  0
LINE
  5
1CB
330
17
100
AcDbEntity
  8
断面汇总表
100
AcDbLine
 10
89.6
 20
-200.0
 30
0.0
 11
89.6
 21
-221.0
 31
0.0
  0
LINE
  5
1CC
330
17
100
AcDbEntity
  8
断面汇总表
100
AcDbLine
 10
103.6
 20
-200.0
 30
0.0
 11
103.6
 21
-221.0
 31
0.0
  0
LINE
  5
1CD
330
17
100
AcDbEntity
  8
断面汇总表
100
AcDbLine
 10
116.19999999999999
 20
-200.0
 30
0.0
 11
116.19999999999999
 21
-221.0
 31
0.0
  0
LINE
  5
1CE
330
17
100
AcDbEntity
  8
断面汇总表
100
AcDbLine
 10
132.29999999999998
 20
-200.0
 30
0.0
 11
132.29999999999998
 21
-221.0
 31
0.0
  0
LINE
  5
1CF
330
17
100
AcDbEntity
  8
断面汇总表
100
AcDbLine
 10
151.89999999999998
 20
-200.0
 30
0.0
 11
151.89999999999998
 21
-221.0
 31
0.0
  0
LINE
  5
1D0
330
17
100
AcDbEntity
  8
断面汇总表
100
AcDbLine
 10
170.09999999999997
 20
-200.0
 30
0.0
 11
170.09999999999997
 21
-221.0
 31
0.0
  0
LINE
  5
1D1
330
17
100
AcDbEntity
  8
断面汇总表
100
AcDbLine
 10
193.19999999999996
 20
-200.0
 30
0.0
 11
193.19999999999996
 21
-221.0
 31
0.0
  0
LINE
  5
1D2
330
17
100
AcDbEntity
  8
断面汇总表
100
AcDbLine
 10
214.89999999999998
 20
-200.0
 30
0.0
 11
214.89999999999998
 21
-221.0
 31
0.0
  0
LINE
  5
1D3
330
17
100
AcDbEntity
  8
断面汇总表
100
AcDbLine
 10
236.59999999999997
 20
-200.0
 30
0.0
 11
236.59999999999997
 21
-221.0
 31
0.0
  0
LINE
  5
1D4
330
17
100
AcDbEntity
  8
断面汇总表
100
AcDbLine
 10
254.09999999999997
 20
-200.0
 30
0.0
 11
254.09999999999997
 21
-221.0
 31
0.0
  0
TEXT
  5
1D5
330
17
100
AcDbEntity
  8
断面汇总表
100
AcDbText
 10
127.04999999999998
 20
-175.0
 30
0.0
 40
5.0
  1
圆拱直墙型隧洞断面尺寸及水力要素表
 41
0.7
 72
1
 11
127.04999999999998
 21
-175.0
 31
0.0
100
AcDbText
 73
2
  0
TEXT
  5
1D6
330
17
100
AcDbEntity
  8
断面汇总表
100
AcDbText
 10
10.5
 20
-190.0
 30
0.0
 40
3.5
  1
流量段
 41
0.7
 72
1
 11
10.5
 21
-190.0
 31
0.0
100
AcDbText
 73
2
  0
TEXT
  5
1D7
330
17
100
AcDbEntity
  8
断面汇总表
100
AcDbText
 10
29.75
 20
-185.0
 30
0.0
 40
3.5
  1
设计流量
 41
0.7
 72
1
 11
29.75
 21
-185.0
 31
0.0
100
AcDbText
 73
2
  0
MTEXT
  5
1D8
330
17
100
AcDbEntity
  8
断面汇总表
100
AcDbMText
 10
29.75
 20
-195.0
 30
0.0
 40
3.5
 71
5
  1
m{\H0.7x;\S3^ ;}/s
  0
TEXT
  5
1D9
330
17
100
AcDbEntity
  8
断面汇总表
100
AcDbText
 10
47.25
 20
-185.0
 30
0.0
 40
3.5
  1
加大流量
 41
0.7
 72
1
 11
47.25
 21
-185.0
 31
0.0
100
AcDbText
 73
2
  0
MTEXT
  5
1DA
330
17
100
AcDbEntity
  8
断面汇总表
100
AcDbMText
 10
47.25
 20
-195.0
 30
0.0
 40
3.5
 71
5
  1
m{\H0.7x;\S3^ ;}/s
  0
TEXT
  5
1DB
330
17
100
AcDbEntity
  8
断面汇总表
100
AcDbText
 10
64.75
 20
-190.0
 30
0.0
 40
3.5
  1
围岩类型
 41
0.7
 72
1
 11
64.75
 21
-190.0
 31
0.0
100
AcDbText
 73
2
  0
TEXT
  5
1DC
330
17
100
AcDbEntity
  8
断面汇总表
100
AcDbText
 10
81.55
 20
-190.0
 30
0.0
 40
3.5
  1
1/底坡
 41
0.7
 72
1
 11
81.55
 21
-190.0
 31
0.0
100
AcDbText
 73
2
  0
TEXT
  5
1DD
330
17
100
AcDbEntity
  8
断面汇总表
100
AcDbText
 10
96.6
 20
-190.0
 30
0.0
 40
3.5
  1
糙率
 41
0.7
 72
1
 11
96.6
 21
-190.0
 31
0.0
100
AcDbText
 73
2
  0
TEXT
  5
1DE
330
17
100
AcDbEntity
  8
断面汇总表
100
AcDbText
 10
109.89999999999999
 20
-185.0
 30
0.0
 40
3.5
  1
底宽B
 41
0.7
 72
1
 11
109.89999999999999
 21
-185.0
 31
0.0
100
AcDbText
 73
2
  0
TEXT
  5
1DF
330
17
100
AcDbEntity
  8
断面汇总表
100
AcDbText
 10
109.89999999999999
 20
-195.0
 30
0.0
 40
3.5
  1
m
 41
0.7
 72
1
 11
109.89999999999999
 21
-195.0
 31
0.0
100
AcDbText
 73
2
  0
TEXT
  5
1E0
330
17
100
AcDbEntity
  8
断面汇总表
100
AcDbText
 10
124.24999999999999
 20
-185.0
 30
0.0
 40
3.5
  1
直墙高H
 41
0.7
 72
1
 11
124.24999999999999
 21
-185.0
 31
0.0
100
AcDbText
 73
2
  0
TEXT
  5
1E1
330
17
100
AcDbEntity
  8
断面汇总表
100
AcDbText
 10
124.24999999999999
 20
-195.0
 30
0.0
 40
3.5
  1
m
 41
0.7
 72
1
 11
124.24999999999999
 21
-195.0
 31
0.0
100
AcDbText
 73
2
  0
TEXT
  5
1E2
330
17
100
AcDbEntity
  8
断面汇总表
100
AcDbText
 10
142.09999999999997
 20
-185.0
 30
0.0
 40
3.5
  1
顶拱半径R
 41
0.7
 72
1
 11
142.09999999999997
 21
-185.0
 31
0.0
100
AcDbText
 73
2
  0
TEXT
  5
1E3
330
17
100
AcDbEntity
  8
断面汇总表
100
AcDbText
 10
142.09999999999997
 20
-195.0
 30
0.0
 40
3.5
  1
m
 41
0.7
 72
1
 11
142.09999999999997
 21
-195.0
 31
0.0
100
AcDbText
 73
2
  0
MTEXT
  5
1E4
330
17
100
AcDbEntity
  8
断面汇总表
100
AcDbMText
 10
160.99999999999997
 20
-185.0
 30
0.0
 40
3.5
 71
5
  1
底板厚t{\H0.7x;\S^ 0;}
  0
TEXT
  5
1E5
330
17
100
AcDbEntity
  8
断面汇总表
100
AcDbText
 10
160.99999999999997
 20
-195.0
 30
0.0
 40
3.5
  1
m
 41
0.7
 72
1
 11
160.99999999999997
 21
-195.0
 31
0.0
100
AcDbText
 73
2
  0
TEXT
  5
1E6
330
17
100
AcDbEntity
  8
断面汇总表
100
AcDbText
 10
181.64999999999998
 20
-185.0
 30
0.0
 40
3.5
  1
边墙顶拱厚t
 41
0.7
 72
1
 11
181.64999999999998
 21
-185.0
 31
0.0
100
AcDbText
 73
2
  0
TEXT
  5
1E7
330
17
100
AcDbEntity
  8
断面汇总表
100
AcDbText
 10
181.64999999999998
 20
-195.0
 30
0.0
 40
3.5
  1
m
 41
0.7
 72
1
 11
181.64999999999998
 21
-195.0
 31
0.0
100
AcDbText
 73
2
  0
MTEXT
  5
1E8
330
17
100
AcDbEntity
  8
断面汇总表
100
AcDbMText
 10
204.04999999999995
 20
-185.0
 30
0.0
 40
3.5
 71
5
  1
设计水深H{\H0.7x;\S^ 1;}
  0
TEXT
  5
1E9
330
17
100
AcDbEntity
  8
断面汇总表
100
AcDbText
 10
204.04999999999995
 20
-195.0
 30
0.0
 40
3.5
  1
m
 41
0.7
 72
1
 11
204.04999999999995
 21
-195.0
 31
0.0
100
AcDbText
 73
2
  0
MTEXT
  5
1EA
330
17
100
AcDbEntity
  8
断面汇总表
100
AcDbMText
 10
225.74999999999997
 20
-185.0
 30
0.0
 40
3.5
 71
5
  1
加大水深H{\H0.7x;\S^ 2;}
  0
TEXT
  5
1EB
330
17
100
AcDbEntity
  8
断面汇总表
100
AcDbText
 10
225.74999999999997
 20
-195.0
 30
0.0
 40
3.5
  1
m
 41
0.7
 72
1
 11
225.74999999999997
 21
-195.0
 31
0.0
100
AcDbText
 73
2
  0
TEXT
  5
1EC
330
17
100
AcDbEntity
  8
断面汇总表
100
AcDbText
 10
245.34999999999997
 20
-185.0
 30
0.0
 40
3.5
  1
设计流速
 41
0.7
 72
1
 11
245.34999999999997
 21
-185.0
 31
0.0
100
AcDbText
 73
2
  0
TEXT
  5
1ED
330
17
100
AcDbEntity
  8
断面汇总表
100
AcDbText
 10
245.34999999999997
 20
-195.0
 30
0.0
 40
3.5
  1
m/s
 41
0.7
 72
1
 11
245.34999999999997
 21
-195.0
 31
0.0
100
AcDbText
 73
2
  0
TEXT
  5
1EE
330
17
100
AcDbEntity
  8
断面汇总表
100
AcDbText
 10
10.5
 20
-210.5
 30
0.0
 40
3.5
  1
第一流量段
 41
0.7
 72
1
 11
10.5
 21
-210.5
 31
0.0
100
AcDbText
 73
2
  0
TEXT
  5
1EF
330
17
100
AcDbEntity
  8
断面汇总表
100
AcDbText
 10
29.75
 20
-210.5
 30
0.0
 40
3.5
  1
0.19
 41
0.7
 72
1
 11
29.75
 21
-210.5
 31
0.0
100
AcDbText
 73
2
  0
TEXT
  5
1F0
330
17
100
AcDbEntity
  8
断面汇总表
100
AcDbText
 10
47.25
 20
-210.5
 30
0.0
 40
3.5
  1
0.247
 41
0.7
 72
1
 11
47.25
 21
-210.5
 31
0.0
100
AcDbText
 73
2
  0
TEXT
  5
1F1
330
17
100
AcDbEntity
  8
断面汇总表
100
AcDbText
 10
64.75
 20
-203.5
 30
0.0
 40
3.5
  1
III类
 41
0.7
 72
1
 11
64.75
 21
-203.5
 31
0.0
100
AcDbText
 73
2
  0
TEXT
  5
1F2
330
17
100
AcDbEntity
  8
断面汇总表
100
AcDbText
 10
81.55
 20
-203.5
 30
0.0
 40
3.5
  1
1/2000
 41
0.7
 72
1
 11
81.55
 21
-203.5
 31
0.0
100
AcDbText
 73
2
  0
TEXT
  5
1F3
330
17
100
AcDbEntity
  8
断面汇总表
100
AcDbText
 10
96.6
 20
-203.5
 30
0.0
 40
3.5
  1
0.014
 41
0.7
 72
1
 11
96.6
 21
-203.5
 31
0.0
100
AcDbText
 73
2
  0
TEXT
  5
1F4
330
17
100
AcDbEntity
  8
断面汇总表
100
AcDbText
 10
109.89999999999999
 20
-203.5
 30
0.0
 40
3.5
  1
1.8
 41
0.7
 72
1
 11
109.89999999999999
 21
-203.5
 31
0.0
100
AcDbText
 73
2
  0
TEXT
  5
1F5
330
17
100
AcDbEntity
  8
断面汇总表
100
AcDbText
 10
124.24999999999999
 20
-203.5
 30
0.0
 40
3.5
  1
1.1
 41
0.7
 72
1
 11
124.24999999999999
 21
-203.5
 31
0.0
100
AcDbText
 73
2
  0
TEXT
  5
1F6
330
17
100
AcDbEntity
  8
断面汇总表
100
AcDbText
 10
142.09999999999997
 20
-203.5
 30
0.0
 40
3.5
  1
0.9
 41
0.7
 72
1
 11
142.09999999999997
 21
-203.5
 31
0.0
100
AcDbText
 73
2
  0
TEXT
  5
1F7
330
17
100
AcDbEntity
  8
断面汇总表
100
AcDbText
 10
160.99999999999997
 20
-203.5
 30
0.0
 40
3.5
  1
0.35
 41
0.7
 72
1
 11
160.99999999999997
 21
-203.5
 31
0.0
100
AcDbText
 73
2
  0
TEXT
  5
1F8
330
17
100
AcDbEntity
  8
断面汇总表
100
AcDbText
 10
181.64999999999998
 20
-203.5
 30
0.0
 40
3.5
  1
0.3
 41
0.7
 72
1
 11
181.64999999999998
 21
-203.5
 31
0.0
100
AcDbText
 73
2
  0
TEXT
  5
1F9
330
17
100
AcDbEntity
  8
断面汇总表
100
AcDbText
 10
204.04999999999995
 20
-203.5
 30
0.0
 40
3.5
  1
0.213
 41
0.7
 72
1
 11
204.04999999999995
 21
-203.5
 31
0.0
100
AcDbText
 73
2
  0
TEXT
  5
1FA
330
17
100
AcDbEntity
  8
断面汇总表
100
AcDbText
 10
225.74999999999997
 20
-203.5
 30
0.0
 40
3.5
  1
0.25
 41
0.7
 72
1
 11
225.74999999999997
 21
-203.5
 31
0.0
100
AcDbText
 73
2
  0
TEXT
  5
1FB
330
17
100
AcDbEntity
  8
断面汇总表
100
AcDbText
 10
245.34999999999997
 20
-203.5
 30
0.0
 40
3.5
  1
0.495
 41
0.7
 72
1
 11
245.34999999999997
 21
-203.5
 31
0.0
100
AcDbText
 73
2
  0
TEXT
  5
1FC
330
17
100
AcDbEntity
  8
断面汇总表
100
AcDbText
 10
64.75
 20
-210.5
 30
0.0
 40
3.5
  1
IV类
 41
0.7
 72
1
 11
64.75
 21
-210.5
 31
0.0
100
AcDbText
 73
2
  0
TEXT
  5
1FD
330
17
100
AcDbEntity
  8
断面汇总表
100
AcDbText
 10
81.55
 20
-210.5
 30
0.0
 40
3.5
  1
1/2000
 41
0.7
 72
1
 11
81.55
 21
-210.5
 31
0.0
100
AcDbText
 73
2
  0
TEXT
  5
1FE
330
17
100
AcDbEntity
  8
断面汇总表
100
AcDbText
 10
96.6
 20
-210.5
 30
0.0
 40
3.5
  1
0.014
 41
0.7
 72
1
 11
96.6
 21
-210.5
 31
0.0
100
AcDbText
 73
2
  0
TEXT
  5
1FF
330
17
100
AcDbEntity
  8
断面汇总表
100
AcDbText
 10
109.89999999999999
 20
-210.5
 30
0.0
 40
3.5
  1
1.8
 41
0.7
 72
1
 11
109.89999999999999
 21
-210.5
 31
0.0
100
AcDbText
 73
2
  0
TEXT
  5
200
330
17
100
AcDbEntity
  8
断面汇总表
100
AcDbText
 10
124.24999999999999
 20
-210.5
 30
0.0
 40
3.5
  1
1.1
 41
0.7
 72
1
 11
124.24999999999999
 21
-210.5
 31
0.0
100
AcDbText
 73
2
  0
TEXT
  5
201
330
17
100
AcDbEntity
  8
断面汇总表
100
AcDbText
 10
142.09999999999997
 20
-210.5
 30
0.0
 40
3.5
  1
0.9
 41
0.7
 72
1
 11
142.09999999999997
 21
-210.5
 31
0.0
100
AcDbText
 73
2
  0
TEXT
  5
202
330
17
100
AcDbEntity
  8
断面汇总表
100
AcDbText
 10
160.99999999999997
 20
-210.5
 30
0.0
 40
3.5
  1
0.4
 41
0.7
 72
1
 11
160.99999999999997
 21
-210.5
 31
0.0
100
AcDbText
 73
2
  0
TEXT
  5
203
330
17
100
AcDbEntity
  8
断面汇总表
100
AcDbText
 10
181.64999999999998
 20
-210.5
 30
0.0
 40
3.5
  1
0.4
 41
0.7
 72
1
 11
181.64999999999998
 21
-210.5
 31
0.0
100
AcDbText
 73
2
  0
TEXT
  5
204
330
17
100
AcDbEntity
  8
断面汇总表
100
AcDbText
 10
204.04999999999995
 20
-210.5
 30
0.0
 40
3.5
  1
0.213
 41
0.7
 72
1
 11
204.04999999999995
 21
-210.5
 31
0.0
100
AcDbText
 73
2
  0
TEXT
  5
205
330
17
100
AcDbEntity
  8
断面汇总表
100
AcDbText
 10
225.74999999999997
 20
-210.5
 30
0.0
 40
3.5
  1
0.25
 41
0.7
 72
1
 11
225.74999999999997
 21
-210.5
 31
0.0
100
AcDbText
 73
2
  0
TEXT
  5
206
330
17
100
AcDbEntity
  8
断面汇总表
100
AcDbText
 10
245.34999999999997
 20
-210.5
 30
0.0
 40
3.5
  1
0.495
 41
0.7
 72
1
 11
245.34999999999997
 21
-210.5
 31
0.0
100
AcDbText
 73
2
  0
TEXT
  5
207
330
17
100
AcDbEntity
  8
断面汇总表
100
AcDbText
 10
64.75
 20
-217.5
 30
0.0
 40
3.5
  1
V类
 41
0.7
 72
1
 11
64.75
 21
-217.5
 31
0.0
100
AcDbText
 73
2
  0
TEXT
  5
208
330
17
100
AcDbEntity
  8
断面汇总表
100
AcDbText
 10
81.55
 20
-217.5
 30
0.0
 40
3.5
  1
1/2000
 41
0.7
 72
1
 11
81.55
 21
-217.5
 31
0.0
100
AcDbText
 73
2
  0
TEXT
  5
209
330
17
100
AcDbEntity
  8
断面汇总表
100
AcDbText
 10
96.6
 20
-217.5
 30
0.0
 40
3.5
  1
0.014
 41
0.7
 72
1
 11
96.6
 21
-217.5
 31
0.0
100
AcDbText
 73
2
  0
TEXT
  5
20A
330
17
100
AcDbEntity
  8
断面汇总表
100
AcDbText
 10
109.89999999999999
 20
-217.5
 30
0.0
 40
3.5
  1
1.8
 41
0.7
 72
1
 11
109.89999999999999
 21
-217.5
 31
0.0
100
AcDbText
 73
2
  0
TEXT
  5
20B
330
17
100
AcDbEntity
  8
断面汇总表
100
AcDbText
 10
124.24999999999999
 20
-217.5
 30
0.0
 40
3.5
  1
1.1
 41
0.7
 72
1
 11
124.24999999999999
 21
-217.5
 31
0.0
100
AcDbText
 73
2
  0
TEXT
  5
20C
330
17
100
AcDbEntity
  8
断面汇总表
100
AcDbText
 10
142.09999999999997
 20
-217.5
 30
0.0
 40
3.5
  1
0.9
 41
0.7
 72
1
 11
142.09999999999997
 21
-217.5
 31
0.0
100
AcDbText
 73
2
  0
TEXT
  5
20D
330
17
100
AcDbEntity
  8
断面汇总表
100
AcDbText
 10
160.99999999999997
 20
-217.5
 30
0.0
 40
3.5
  1
0.5
 41
0.7
 72
1
 11
160.99999999999997
 21
-217.5
 31
0.0
100
AcDbText
 73
2
  0
TEXT
  5
20E
330
17
100
AcDbEntity
  8
断面汇总表
100
AcDbText
 10
181.64999999999998
 20
-217.5
 30
0.0
 40
3.5
  1
0.5
 41
0.7
 72
1
 11
181.64999999999998
 21
-217.5
 31
0.0
100
AcDbText
 73
2
  0
TEXT
  5
20F
330
17
100
AcDbEntity
  8
断面汇总表
100
AcDbText
 10
204.04999999999995
 20
-217.5
 30
0.0
 40
3.5
  1
0.213
 41
0.7
 72
1
 11
204.04999999999995
 21
-217.5
 31
0.0
100
AcDbText
 73
2
  0
TEXT
  5
210
330
17
100
AcDbEntity
  8
断面汇总表
100
AcDbText
 10
225.74999999999997
 20
-217.5
 30
0.0
 40
3.5
  1
0.25
 41
0.7
 72
1
 11
225.74999999999997
 21
-217.5
 31
0.0
100
AcDbText
 73
2
  0
TEXT
  5
211
330
17
100
AcDbEntity
  8
断面汇总表
100
AcDbText
 10
245.34999999999997
 20
-217.5
 30
0.0
 40
3.5
  1
0.495
 41
0.7
 72
1
 11
245.34999999999997
 21
-217.5
 31
0.0
100
AcDbText
 73
2
  0
LINE
  5
212
330
17
100
AcDbEntity
  8
断面汇总表
100
AcDbLine
 10
0.0
 20
-229.0
 30
0.0
 11
292.59999999999997
 21
-229.0
 31
0.0
  0
LINE
  5
213
330
17
100
AcDbEntity
  8
断面汇总表
100
AcDbLine
 10
0.0
 20
-239.0
 30
0.0
 11
292.59999999999997
 21
-239.0
 31
0.0
  0
LINE
  5
214
330
17
100
AcDbEntity
  8
断面汇总表
100
AcDbLine
 10
0.0
 20
-229.0
 30
0.0
 11
0.0
 21
-239.0
 31
0.0
  0
LINE
  5
215
330
17
100
AcDbEntity
  8
断面汇总表
100
AcDbLine
 10
292.59999999999997
 20
-229.0
 30
0.0
 11
292.59999999999997
 21
-239.0
 31
0.0
  0
LINE
  5
216
330
17
100
AcDbEntity
  8
断面汇总表
100
AcDbLine
 10
21.0
 20
-249.0
 30
0.0
 11
67.9
 21
-249.0
 31
0.0
  0
LINE
  5
217
330
17
100
AcDbEntity
  8
断面汇总表
100
AcDbLine
 10
83.30000000000001
 20
-249.0
 30
0.0
 11
292.59999999999997
 21
-249.0
 31
0.0
  0
LINE
  5
218
330
17
100
AcDbEntity
  8
断面汇总表
100
AcDbLine
 10
111.30000000000001
 20
-259.0
 30
0.0
 11
292.59999999999997
 21
-259.0
 31
0.0
  0
LINE
  5
219
330
17
100
AcDbEntity
  8
断面汇总表
100
AcDbLine
 10
0.0
 20
-269.0
 30
0.0
 11
292.59999999999997
 21
-269.0
 31
0.0
  0
LINE
  5
21A
330
17
100
AcDbEntity
  8
断面汇总表
100
AcDbLine
 10
21.0
 20
-239.0
 30
0.0
 11
21.0
 21
-249.0
 31
0.0
  0
LINE
  5
21B
330
17
100
AcDbEntity
  8
断面汇总表
100
AcDbLine
 10
21.0
 20
-249.0
 30
0.0
 11
21.0
 21
-259.0
 31
0.0
  0
LINE
  5
21C
330
17
100
AcDbEntity
  8
断面汇总表
100
AcDbLine
 10
21.0
 20
-259.0
 30
0.0
 11
21.0
 21
-269.0
 31
0.0
  0
LINE
  5
21D
330
17
100
AcDbEntity
  8
断面汇总表
100
AcDbLine
 10
38.5
 20
-239.0
 30
0.0
 11
38.5
 21
-249.0
 31
0.0
  0
LINE
  5
21E
330
17
100
AcDbEntity
  8
断面汇总表
100
AcDbLine
 10
38.5
 20
-249.0
 30
0.0
 11
38.5
 21
-259.0
 31
0.0
  0
LINE
  5
21F
330
17
100
AcDbEntity
  8
断面汇总表
100
AcDbLine
 10
38.5
 20
-259.0
 30
0.0
 11
38.5
 21
-269.0
 31
0.0
  0
LINE
  5
220
330
17
100
AcDbEntity
  8
断面汇总表
100
AcDbLine
 10
56.0
 20
-239.0
 30
0.0
 11
56.0
 21
-249.0
 31
0.0
  0
LINE
  5
221
330
17
100
AcDbEntity
  8
断面汇总表
100
AcDbLine
 10
56.0
 20
-249.0
 30
0.0
 11
56.0
 21
-259.0
 31
0.0
  0
LINE
  5
222
330
17
100
AcDbEntity
  8
断面汇总表
100
AcDbLine
 10
56.0
 20
-259.0
 30
0.0
 11
56.0
 21
-269.0
 31
0.0
  0
LINE
  5
223
330
17
100
AcDbEntity
  8
断面汇总表
100
AcDbLine
 10
67.9
 20
-239.0
 30
0.0
 11
67.9
 21
-249.0
 31
0.0
  0
LINE
  5
224
330
17
100
AcDbEntity
  8
断面汇总表
100
AcDbLine
 10
67.9
 20
-249.0
 30
0.0
 11
67.9
 21
-259.0
 31
0.0
  0
LINE
  5
225
330
17
100
AcDbEntity
  8
断面汇总表
100
AcDbLine
 10
67.9
 20
-259.0
 30
0.0
 11
67.9
 21
-269.0
 31
0.0
  0
LINE
  5
226
330
17
100
AcDbEntity
  8
断面汇总表
100
AcDbLine
 10
83.30000000000001
 20
-239.0
 30
0.0
 11
83.30000000000001
 21
-249.0
 31
0.0
  0
LINE
  5
227
330
17
100
AcDbEntity
  8
断面汇总表
100
AcDbLine
 10
83.30000000000001
 20
-249.0
 30
0.0
 11
83.30000000000001
 21
-259.0
 31
0.0
  0
LINE
  5
228
330
17
100
AcDbEntity
  8
断面汇总表
100
AcDbLine
 10
83.30000000000001
 20
-259.0
 30
0.0
 11
83.30000000000001
 21
-269.0
 31
0.0
  0
LINE
  5
229
330
17
100
AcDbEntity
  8
断面汇总表
100
AcDbLine
 10
93.80000000000001
 20
-239.0
 30
0.0
 11
93.80000000000001
 21
-249.0
 31
0.0
  0
LINE
  5
22A
330
17
100
AcDbEntity
  8
断面汇总表
100
AcDbLine
 10
93.80000000000001
 20
-249.0
 30
0.0
 11
93.80000000000001
 21
-259.0
 31
0.0
  0
LINE
  5
22B
330
17
100
AcDbEntity
  8
断面汇总表
100
AcDbLine
 10
93.80000000000001
 20
-259.0
 30
0.0
 11
93.80000000000001
 21
-269.0
 31
0.0
  0
LINE
  5
22C
330
17
100
AcDbEntity
  8
断面汇总表
100
AcDbLine
 10
111.30000000000001
 20
-239.0
 30
0.0
 11
111.30000000000001
 21
-249.0
 31
0.0
  0
LINE
  5
22D
330
17
100
AcDbEntity
  8
断面汇总表
100
AcDbLine
 10
111.30000000000001
 20
-249.0
 30
0.0
 11
111.30000000000001
 21
-259.0
 31
0.0
  0
LINE
  5
22E
330
17
100
AcDbEntity
  8
断面汇总表
100
AcDbLine
 10
111.30000000000001
 20
-259.0
 30
0.0
 11
111.30000000000001
 21
-269.0
 31
0.0
  0
LINE
  5
22F
330
17
100
AcDbEntity
  8
断面汇总表
100
AcDbLine
 10
128.8
 20
-249.0
 30
0.0
 11
128.8
 21
-259.0
 31
0.0
  0
LINE
  5
230
330
17
100
AcDbEntity
  8
断面汇总表
100
AcDbLine
 10
128.8
 20
-259.0
 30
0.0
 11
128.8
 21
-269.0
 31
0.0
  0
LINE
  5
231
330
17
100
AcDbEntity
  8
断面汇总表
100
AcDbLine
 10
147.0
 20
-239.0
 30
0.0
 11
147.0
 21
-249.0
 31
0.0
  0
LINE
  5
232
330
17
100
AcDbEntity
  8
断面汇总表
100
AcDbLine
 10
147.0
 20
-249.0
 30
0.0
 11
147.0
 21
-259.0
 31
0.0
  0
LINE
  5
233
330
17
100
AcDbEntity
  8
断面汇总表
100
AcDbLine
 10
147.0
 20
-259.0
 30
0.0
 11
147.0
 21
-269.0
 31
0.0
  0
LINE
  5
234
330
17
100
AcDbEntity
  8
断面汇总表
100
AcDbLine
 10
164.5
 20
-259.0
 30
0.0
 11
164.5
 21
-269.0
 31
0.0
  0
LINE
  5
235
330
17
100
AcDbEntity
  8
断面汇总表
100
AcDbLine
 10
193.2
 20
-249.0
 30
0.0
 11
193.2
 21
-259.0
 31
0.0
  0
LINE
  5
236
330
17
100
AcDbEntity
  8
断面汇总表
100
AcDbLine
 10
193.2
 20
-259.0
 30
0.0
 11
193.2
 21
-269.0
 31
0.0
  0
LINE
  5
237
330
17
100
AcDbEntity
  8
断面汇总表
100
AcDbLine
 10
214.2
 20
-259.0
 30
0.0
 11
214.2
 21
-269.0
 31
0.0
  0
LINE
  5
238
330
17
100
AcDbEntity
  8
断面汇总表
100
AcDbLine
 10
246.39999999999998
 20
-249.0
 30
0.0
 11
246.39999999999998
 21
-259.0
 31
0.0
  0
LINE
  5
239
330
17
100
AcDbEntity
  8
断面汇总表
100
AcDbLine
 10
246.39999999999998
 20
-259.0
 30
0.0
 11
246.39999999999998
 21
-269.0
 31
0.0
  0
LINE
  5
23A
330
17
100
AcDbEntity
  8
断面汇总表
100
AcDbLine
 10
263.9
 20
-259.0
 30
0.0
 11
263.9
 21
-269.0
 31
0.0
  0
LINE
  5
23B
330
17
100
AcDbEntity
  8
断面汇总表
100
AcDbLine
 10
0.0
 20
-239.0
 30
0.0
 11
0.0
 21
-269.0
 31
0.0
  0
LINE
  5
23C
330
17
100
AcDbEntity
  8
断面汇总表
100
AcDbLine
 10
292.59999999999997
 20
-239.0
 30
0.0
 11
292.59999999999997
 21
-269.0
 31
0.0
  0
LINE
  5
23D
330
17
100
AcDbEntity
  8
断面汇总表
100
AcDbLine
 10
0.0
 20
-269.0
 30
0.0
 11
292.59999999999997
 21
-269.0
 31
0.0
  0
LINE
  5
23E
330
17
100
AcDbEntity
  8
断面汇总表
100
AcDbLine
 10
0.0
 20
-276.0
 30
0.0
 11
292.59999999999997
 21
-276.0
 31
0.0
  0
LINE
  5
23F
330
17
100
AcDbEntity
  8
断面汇总表
100
AcDbLine
 10
0.0
 20
-269.0
 30
0.0
 11
0.0
 21
-276.0
 31
0.0
  0
LINE
  5
240
330
17
100
AcDbEntity
  8
断面汇总表
100
AcDbLine
 10
21.0
 20
-269.0
 30
0.0
 11
21.0
 21
-276.0
 31
0.0
  0
LINE
  5
241
330
17
100
AcDbEntity
  8
断面汇总表
100
AcDbLine
 10
38.5
 20
-269.0
 30
0.0
 11
38.5
 21
-276.0
 31
0.0
  0
LINE
  5
242
330
17
100
AcDbEntity
  8
断面汇总表
100
AcDbLine
 10
56.0
 20
-269.0
 30
0.0
 11
56.0
 21
-276.0
 31
0.0
  0
LINE
  5
243
330
17
100
AcDbEntity
  8
断面汇总表
100
AcDbLine
 10
67.9
 20
-269.0
 30
0.0
 11
67.9
 21
-276.0
 31
0.0
  0
LINE
  5
244
330
17
100
AcDbEntity
  8
断面汇总表
100
AcDbLine
 10
83.30000000000001
 20
-269.0
 30
0.0
 11
83.30000000000001
 21
-276.0
 31
0.0
  0
LINE
  5
245
330
17
100
AcDbEntity
  8
断面汇总表
100
AcDbLine
 10
93.80000000000001
 20
-269.0
 30
0.0
 11
93.80000000000001
 21
-276.0
 31
0.0
  0
LINE
  5
246
330
17
100
AcDbEntity
  8
断面汇总表
100
AcDbLine
 10
111.30000000000001
 20
-269.0
 30
0.0
 11
111.30000000000001
 21
-276.0
 31
0.0
  0
LINE
  5
247
330
17
100
AcDbEntity
  8
断面汇总表
100
AcDbLine
 10
128.8
 20
-269.0
 30
0.0
 11
128.8
 21
-276.0
 31
0.0
  0
LINE
  5
248
330
17
100
AcDbEntity
  8
断面汇总表
100
AcDbLine
 10
147.0
 20
-269.0
 30
0.0
 11
147.0
 21
-276.0
 31
0.0
  0
LINE
  5
249
330
17
100
AcDbEntity
  8
断面汇总表
100
AcDbLine
 10
164.5
 20
-269.0
 30
0.0
 11
164.5
 21
-276.0
 31
0.0
  0
LINE
  5
24A
330
17
100
AcDbEntity
  8
断面汇总表
100
AcDbLine
 10
193.2
 20
-269.0
 30
0.0
 11
193.2
 21
-276.0
 31
0.0
  0
LINE
  5
24B
330
17
100
AcDbEntity
  8
断面汇总表
100
AcDbLine
 10
214.2
 20
-269.0
 30
0.0
 11
214.2
 21
-276.0
 31
0.0
  0
LINE
  5
24C
330
17
100
AcDbEntity
  8
断面汇总表
100
AcDbLine
 10
246.39999999999998
 20
-269.0
 30
0.0
 11
246.39999999999998
 21
-276.0
 31
0.0
  0
LINE
  5
24D
330
17
100
AcDbEntity
  8
断面汇总表
100
AcDbLine
 10
263.9
 20
-269.0
 30
0.0
 11
263.9
 21
-276.0
 31
0.0
  0
LINE
  5
24E
330
17
100
AcDbEntity
  8
断面汇总表
100
AcDbLine
 10
292.59999999999997
 20
-269.0
 30
0.0
 11
292.59999999999997
 21
-276.0
 31
0.0
  0
TEXT
  5
24F
330
17
100
AcDbEntity
  8
断面汇总表
100
AcDbText
 10
146.29999999999998
 20
-234.0
 30
0.0
 40
5.0
  1
压力管道特性表
 41
0.7
 72
1
 11
146.29999999999998
 21
-234.0
 31
0.0
100
AcDbText
 73
2
  0
TEXT
  5
250
330
17
100
AcDbEntity
  8
断面汇总表
100
AcDbText
 10
10.5
 20
-254.0
 30
0.0
 40
3.5
  1
流量段
 41
0.7
 72
1
 11
10.5
 21
-254.0
 31
0.0
100
AcDbText
 73
2
  0
TEXT
  5
251
330
17
100
AcDbEntity
  8
断面汇总表
100
AcDbText
 10
29.75
 20
-244.0
 30
0.0
 40
3.5
  1
设计流量
 41
0.7
 72
1
 11
29.75
 21
-244.0
 31
0.0
100
AcDbText
 73
2
  0
MTEXT
  5
252
330
17
100
AcDbEntity
  8
断面汇总表
100
AcDbMText
 10
29.75
 20
-259.0
 30
0.0
 40
3.5
 71
5
  1
m{\H0.7x;\S3^ ;}/s
  0
TEXT
  5
253
330
17
100
AcDbEntity
  8
断面汇总表
100
AcDbText
 10
47.25
 20
-244.0
 30
0.0
 40
3.5
  1
加大流量
 41
0.7
 72
1
 11
47.25
 21
-244.0
 31
0.0
100
AcDbText
 73
2
  0
MTEXT
  5
254
330
17
100
AcDbEntity
  8
断面汇总表
100
AcDbMText
 10
47.25
 20
-259.0
 30
0.0
 40
3.5
 71
5
  1
m{\H0.7x;\S3^ ;}/s
  0
TEXT
  5
255
330
17
100
AcDbEntity
  8
断面汇总表
100
AcDbText
 10
61.95
 20
-244.0
 30
0.0
 40
3.5
  1
长度
 41
0.7
 72
1
 11
61.95
 21
-244.0
 31
0.0
100
AcDbText
 73
2
  0
TEXT
  5
256
330
17
100
AcDbEntity
  8
断面汇总表
100
AcDbText
 10
61.95
 20
-259.0
 30
0.0
 40
3.5
  1
km
 41
0.7
 72
1
 11
61.95
 21
-259.0
 31
0.0
100
AcDbText
 73
2
  0
TEXT
  5
257
330
17
100
AcDbEntity
  8
断面汇总表
100
AcDbText
 10
75.60000000000001
 20
-254.0
 30
0.0
 40
3.5
  1
管材
 41
0.7
 72
1
 11
75.60000000000001
 21
-254.0
 31
0.0
100
AcDbText
 73
2
  0
TEXT
  5
258
330
17
100
AcDbEntity
  8
断面汇总表
100
AcDbText
 10
88.55000000000001
 20
-244.0
 30
0.0
 40
3.5
  1
管径
 41
0.7
 72
1
 11
88.55000000000001
 21
-244.0
 31
0.0
100
AcDbText
 73
2
  0
TEXT
  5
259
330
17
100
AcDbEntity
  8
断面汇总表
100
AcDbText
 10
88.55000000000001
 20
-259.0
 30
0.0
 40
3.5
  1
m
 41
0.7
 72
1
 11
88.55000000000001
 21
-259.0
 31
0.0
100
AcDbText
 73
2
  0
TEXT
  5
25A
330
17
100
AcDbEntity
  8
断面汇总表
100
AcDbText
 10
102.55000000000001
 20
-244.0
 30
0.0
 40
3.5
  1
设计流速
 41
0.7
 72
1
 11
102.55000000000001
 21
-244.0
 31
0.0
100
AcDbText
 73
2
  0
TEXT
  5
25B
330
17
100
AcDbEntity
  8
断面汇总表
100
AcDbText
 10
102.55000000000001
 20
-259.0
 30
0.0
 40
3.5
  1
m/s
 41
0.7
 72
1
 11
102.55000000000001
 21
-259.0
 31
0.0
100
AcDbText
 73
2
  0
TEXT
  5
25C
330
17
100
AcDbEntity
  8
断面汇总表
100
AcDbText
 10
129.15
 20
-244.0
 30
0.0
 40
3.5
  1
设计压力线
 41
0.7
 72
1
 11
129.15
 21
-244.0
 31
0.0
100
AcDbText
 73
2
  0
TEXT
  5
25D
330
17
100
AcDbEntity
  8
断面汇总表
100
AcDbText
 10
120.05000000000001
 20
-254.0
 30
0.0
 40
3.5
  1
渠首水位
 41
0.7
 72
1
 11
120.05000000000001
 21
-254.0
 31
0.0
100
AcDbText
 73
2
  0
TEXT
  5
25E
330
17
100
AcDbEntity
  8
断面汇总表
100
AcDbText
 10
120.05000000000001
 20
-264.0
 30
0.0
 40
3.5
  1
m
 41
0.7
 72
1
 11
120.05000000000001
 21
-264.0
 31
0.0
100
AcDbText
 73
2
  0
TEXT
  5
25F
330
17
100
AcDbEntity
  8
断面汇总表
100
AcDbText
 10
137.9
 20
-254.0
 30
0.0
 40
3.5
  1
渠末水位
 41
0.7
 72
1
 11
137.9
 21
-254.0
 31
0.0
100
AcDbText
 73
2
  0
TEXT
  5
260
330
17
100
AcDbEntity
  8
断面汇总表
100
AcDbText
 10
137.9
 20
-264.0
 30
0.0
 40
3.5
  1
m
 41
0.7
 72
1
 11
137.9
 21
-264.0
 31
0.0
100
AcDbText
 73
2
  0
TEXT
  5
261
330
17
100
AcDbEntity
  8
断面汇总表
100
AcDbText
 10
219.79999999999998
 20
-244.0
 30
0.0
 40
3.5
  1
建筑物特性
 41
0.7
 72
1
 11
219.79999999999998
 21
-244.0
 31
0.0
100
AcDbText
 73
2
  0
TEXT
  5
262
330
17
100
AcDbEntity
  8
断面汇总表
100
AcDbText
 10
170.1
 20
-254.0
 30
0.0
 40
3.5
  1
隧洞
 41
0.7
 72
1
 11
170.1
 21
-254.0
 31
0.0
100
AcDbText
 73
2
  0
TEXT
  5
263
330
17
100
AcDbEntity
  8
断面汇总表
100
AcDbText
 10
155.75
 20
-264.0
 30
0.0
 40
3.5
  1
座数
 41
0.7
 72
1
 11
155.75
 21
-264.0
 31
0.0
100
AcDbText
 73
2
  0
TEXT
  5
264
330
17
100
AcDbEntity
  8
断面汇总表
100
AcDbText
 10
178.85
 20
-264.0
 30
0.0
 40
3.5
  1
长度（km）
 41
0.7
 72
1
 11
178.85
 21
-264.0
 31
0.0
100
AcDbText
 73
2
  0
TEXT
  5
265
330
17
100
AcDbEntity
  8
断面汇总表
100
AcDbText
 10
219.79999999999998
 20
-254.0
 30
0.0
 40
3.5
  1
定向钻
 41
0.7
 72
1
 11
219.79999999999998
 21
-254.0
 31
0.0
100
AcDbText
 73
2
  0
TEXT
  5
266
330
17
100
AcDbEntity
  8
断面汇总表
100
AcDbText
 10
203.7
 20
-264.0
 30
0.0
 40
3.5
  1
座数
 41
0.7
 72
1
 11
203.7
 21
-264.0
 31
0.0
100
AcDbText
 73
2
  0
TEXT
  5
267
330
17
100
AcDbEntity
  8
断面汇总表
100
AcDbText
 10
230.29999999999998
 20
-264.0
 30
0.0
 40
3.5
  1
长度（km）
 41
0.7
 72
1
 11
230.29999999999998
 21
-264.0
 31
0.0
100
AcDbText
 73
2
  0
TEXT
  5
268
330
17
100
AcDbEntity
  8
断面汇总表
100
AcDbText
 10
269.5
 20
-254.0
 30
0.0
 40
3.5
  1
顶管
 41
0.7
 72
1
 11
269.5
 21
-254.0
 31
0.0
100
AcDbText
 73
2
  0
TEXT
  5
269
330
17
100
AcDbEntity
  8
断面汇总表
100
AcDbText
 10
255.14999999999998
 20
-264.0
 30
0.0
 40
3.5
  1
座数
 41
0.7
 72
1
 11
255.14999999999998
 21
-264.0
 31
0.0
100
AcDbText
 73
2
  0
TEXT
  5
26A
330
17
100
AcDbEntity
  8
断面汇总表
100
AcDbText
 10
278.25
 20
-264.0
 30
0.0
 40
3.5
  1
长度（km）
 41
0.7
 72
1
 11
278.25
 21
-264.0
 31
0.0
100
AcDbText
 73
2
  0
TEXT
  5
26B
330
17
100
AcDbEntity
  8
断面汇总表
100
AcDbText
 10
10.5
 20
-272.5
 30
0.0
 40
3.5
  1
第一流量段
 41
0.7
 72
1
 11
10.5
 21
-272.5
 31
0.0
100
AcDbText
 73
2
  0
TEXT
  5
26C
330
17
100
AcDbEntity
  8
断面汇总表
100
AcDbText
 10
29.75
 20
-272.5
 30
0.0
 40
3.5
  1
0.19
 41
0.7
 72
1
 11
29.75
 21
-272.5
 31
0.0
100
AcDbText
 73
2
  0
TEXT
  5
26D
330
17
100
AcDbEntity
  8
断面汇总表
100
AcDbText
 10
47.25
 20
-272.5
 30
0.0
 40
3.5
  1
0.247
 41
0.7
 72
1
 11
47.25
 21
-272.5
 31
0.0
100
AcDbText
 73
2
  0
TEXT
  5
26E
330
17
100
AcDbEntity
  8
断面汇总表
100
AcDbText
 10
61.95
 20
-272.5
 30
0.0
 40
3.5
  1
6.46
 41
0.7
 72
1
 11
61.95
 21
-272.5
 31
0.0
100
AcDbText
 73
2
  0
TEXT
  5
26F
330
17
100
AcDbEntity
  8
断面汇总表
100
AcDbText
 10
75.60000000000001
 20
-272.5
 30
0.0
 40
3.5
  1
HDPE管
 41
0.7
 72
1
 11
75.60000000000001
 21
-272.5
 31
0.0
100
AcDbText
 73
2
  0
TEXT
  5
270
330
17
100
AcDbEntity
  8
断面汇总表
100
AcDbText
 10
88.55000000000001
 20
-272.5
 30
0.0
 40
3.5
  1
0.5
 41
0.7
 72
1
 11
88.55000000000001
 21
-272.5
 31
0.0
100
AcDbText
 73
2
  0
TEXT
  5
271
330
17
100
AcDbEntity
  8
断面汇总表
100
AcDbText
 10
102.55000000000001
 20
-272.5
 30
0.0
 40
3.5
  1
0.97
 41
0.7
 72
1
 11
102.55000000000001
 21
-272.5
 31
0.0
100
AcDbText
 73
2
  0
TEXT
  5
272
330
17
100
AcDbEntity
  8
断面汇总表
100
AcDbText
 10
120.05000000000001
 20
-272.5
 30
0.0
 40
3.5
  1
353.96
 41
0.7
 72
1
 11
120.05000000000001
 21
-272.5
 31
0.0
100
AcDbText
 73
2
  0
TEXT
  5
273
330
17
100
AcDbEntity
  8
断面汇总表
100
AcDbText
 10
137.9
 20
-272.5
 30
0.0
 40
3.5
  1
347.436
 41
0.7
 72
1
 11
137.9
 21
-272.5
 31
0.0
100
AcDbText
 73
2
  0
TEXT
  5
274
330
17
100
AcDbEntity
  8
断面汇总表
100
AcDbText
 10
155.75
 20
-272.5
 30
0.0
 40
3.5
  1
1
 41
0.7
 72
1
 11
155.75
 21
-272.5
 31
0.0
100
AcDbText
 73
2
  0
TEXT
  5
275
330
17
100
AcDbEntity
  8
断面汇总表
100
AcDbText
 10
178.85
 20
-272.5
 30
0.0
 40
3.5
  1
1.884
 41
0.7
 72
1
 11
178.85
 21
-272.5
 31
0.0
100
AcDbText
 73
2
  0
TEXT
  5
276
330
17
100
AcDbEntity
  8
断面汇总表
100
AcDbText
 10
203.7
 20
-272.5
 30
0.0
 40
3.5
  1
1
 41
0.7
 72
1
 11
203.7
 21
-272.5
 31
0.0
100
AcDbText
 73
2
  0
TEXT
  5
277
330
17
100
AcDbEntity
  8
断面汇总表
100
AcDbText
 10
230.29999999999998
 20
-272.5
 30
0.0
 40
3.5
  1
0.024
 41
0.7
 72
1
 11
230.29999999999998
 21
-272.5
 31
0.0
100
AcDbText
 73
2
  0
TEXT
  5
278
330
17
100
AcDbEntity
  8
断面汇总表
100
AcDbText
 10
255.14999999999998
 20
-272.5
 30
0.0
 40
3.5
  1
-
 41
0.7
 72
1
 11
255.14999999999998
 21
-272.5
 31
0.0
100
AcDbText
 73
2
  0
TEXT
  5
279
330
17
100
AcDbEntity
  8
断面汇总表
100
AcDbText
 10
278.25
 20
-272.5
 30
0.0
 40
3.5
  1
-
 41
0.7
 72
1
 11
278.25
 21
-272.5
 31
0.0
100
AcDbText
 73
2
  0
LINE
  5
27A
330
17
100
AcDbEntity
  8
IP坐标表
100
AcDbLine
 10
312.6
 20
-170.0
 30
0.0
 11
501.8000000000001
 21
-170.0
 31
0.0
  0
LINE
  5
27B
330
17
100
AcDbEntity
  8
IP坐标表
100
AcDbLine
 10
312.6
 20
-177.0
 30
0.0
 11
501.8000000000001
 21
-177.0
 31
0.0
  0
LINE
  5
27C
330
17
100
AcDbEntity
  8
IP坐标表
100
AcDbLine
 10
312.6
 20
-170.0
 30
0.0
 11
312.6
 21
-177.0
 31
0.0
  0
LINE
  5
27D
330
17
100
AcDbEntity
  8
IP坐标表
100
AcDbLine
 10
501.8000000000001
 20
-170.0
 30
0.0
 11
501.8000000000001
 21
-177.0
 31
0.0
  0
TEXT
  5
27E
330
17
100
AcDbEntity
  8
IP坐标表
100
AcDbText
 10
407.20000000000005
 20
-173.5
 30
0.0
 40
3.0
  1
IP坐标及弯道参数表
 41
0.7
 72
1
 11
407.20000000000005
 21
-173.5
 31
0.0
100
AcDbText
 73
2
  0
LINE
  5
27F
330
17
100
AcDbEntity
  8
IP坐标表
100
AcDbLine
 10
312.6
 20
-189.0
 30
0.0
 11
501.8000000000001
 21
-189.0
 31
0.0
  0
LINE
  5
280
330
17
100
AcDbEntity
  8
IP坐标表
100
AcDbLine
 10
312.6
 20
-177.0
 30
0.0
 11
312.6
 21
-189.0
 31
0.0
  0
LINE
  5
281
330
17
100
AcDbEntity
  8
IP坐标表
100
AcDbLine
 10
501.8000000000001
 20
-177.0
 30
0.0
 11
501.8000000000001
 21
-189.0
 31
0.0
  0
LINE
  5
282
330
17
100
AcDbEntity
  8
IP坐标表
100
AcDbLine
 10
327.04
 20
-183.0
 30
0.0
 11
347.20000000000005
 21
-183.0
 31
0.0
  0
LINE
  5
283
330
17
100
AcDbEntity
  8
IP坐标表
100
AcDbLine
 10
347.20000000000005
 20
-183.0
 30
0.0
 11
368.68000000000006
 21
-183.0
 31
0.0
  0
LINE
  5
284
330
17
100
AcDbEntity
  8
IP坐标表
100
AcDbLine
 10
368.68000000000006
 20
-183.0
 30
0.0
 11
388.68000000000006
 21
-183.0
 31
0.0
  0
LINE
  5
285
330
17
100
AcDbEntity
  8
IP坐标表
100
AcDbLine
 10
388.68000000000006
 20
-183.0
 30
0.0
 11
408.68000000000006
 21
-183.0
 31
0.0
  0
LINE
  5
286
330
17
100
AcDbEntity
  8
IP坐标表
100
AcDbLine
 10
408.68000000000006
 20
-183.0
 30
0.0
 11
428.68000000000006
 21
-183.0
 31
0.0
  0
LINE
  5
287
330
17
100
AcDbEntity
  8
IP坐标表
100
AcDbLine
 10
428.68000000000006
 20
-183.0
 30
0.0
 11
439.6000000000001
 21
-183.0
 31
0.0
  0
LINE
  5
288
330
17
100
AcDbEntity
  8
IP坐标表
100
AcDbLine
 10
439.6000000000001
 20
-183.0
 30
0.0
 11
449.2000000000001
 21
-183.0
 31
0.0
  0
LINE
  5
289
330
17
100
AcDbEntity
  8
IP坐标表
100
AcDbLine
 10
449.2000000000001
 20
-183.0
 30
0.0
 11
459.7000000000001
 21
-183.0
 31
0.0
  0
LINE
  5
28A
330
17
100
AcDbEntity
  8
IP坐标表
100
AcDbLine
 10
459.7000000000001
 20
-183.0
 30
0.0
 11
469.3000000000001
 21
-183.0
 31
0.0
  0
LINE
  5
28B
330
17
100
AcDbEntity
  8
IP坐标表
100
AcDbLine
 10
312.6
 20
-177.0
 30
0.0
 11
312.6
 21
-189.0
 31
0.0
  0
LINE
  5
28C
330
17
100
AcDbEntity
  8
IP坐标表
100
AcDbLine
 10
327.04
 20
-177.0
 30
0.0
 11
327.04
 21
-189.0
 31
0.0
  0
LINE
  5
28D
330
17
100
AcDbEntity
  8
IP坐标表
100
AcDbLine
 10
368.68000000000006
 20
-177.0
 30
0.0
 11
368.68000000000006
 21
-189.0
 31
0.0
  0
LINE
  5
28E
330
17
100
AcDbEntity
  8
IP坐标表
100
AcDbLine
 10
347.20000000000005
 20
-183.0
 30
0.0
 11
347.20000000000005
 21
-189.0
 31
0.0
  0
LINE
  5
28F
330
17
100
AcDbEntity
  8
IP坐标表
100
AcDbLine
 10
428.68000000000006
 20
-177.0
 30
0.0
 11
428.68000000000006
 21
-189.0
 31
0.0
  0
LINE
  5
290
330
17
100
AcDbEntity
  8
IP坐标表
100
AcDbLine
 10
388.68000000000006
 20
-183.0
 30
0.0
 11
388.68000000000006
 21
-189.0
 31
0.0
  0
LINE
  5
291
330
17
100
AcDbEntity
  8
IP坐标表
100
AcDbLine
 10
408.68000000000006
 20
-183.0
 30
0.0
 11
408.68000000000006
 21
-189.0
 31
0.0
  0
LINE
  5
292
330
17
100
AcDbEntity
  8
IP坐标表
100
AcDbLine
 10
469.3000000000001
 20
-177.0
 30
0.0
 11
469.3000000000001
 21
-189.0
 31
0.0
  0
LINE
  5
293
330
17
100
AcDbEntity
  8
IP坐标表
100
AcDbLine
 10
439.6000000000001
 20
-183.0
 30
0.0
 11
439.6000000000001
 21
-189.0
 31
0.0
  0
LINE
  5
294
330
17
100
AcDbEntity
  8
IP坐标表
100
AcDbLine
 10
449.2000000000001
 20
-183.0
 30
0.0
 11
449.2000000000001
 21
-189.0
 31
0.0
  0
LINE
  5
295
330
17
100
AcDbEntity
  8
IP坐标表
100
AcDbLine
 10
459.7000000000001
 20
-183.0
 30
0.0
 11
459.7000000000001
 21
-189.0
 31
0.0
  0
LINE
  5
296
330
17
100
AcDbEntity
  8
IP坐标表
100
AcDbLine
 10
484.3000000000001
 20
-177.0
 30
0.0
 11
484.3000000000001
 21
-189.0
 31
0.0
  0
LINE
  5
297
330
17
100
AcDbEntity
  8
IP坐标表
100
AcDbLine
 10
501.8000000000001
 20
-177.0
 30
0.0
 11
501.8000000000001
 21
-189.0
 31
0.0
  0
TEXT
  5
298
330
17
100
AcDbEntity
  8
IP坐标表
100
AcDbText
 10
319.82000000000005
 20
-183.0
 30
0.0
 40
2.5
  1
IP点
 41
0.7
 72
1
 11
319.82000000000005
 21
-183.0
 31
0.0
100
AcDbText
 73
2
  0
TEXT
  5
299
330
17
100
AcDbEntity
  8
IP坐标表
100
AcDbText
 10
347.86
 20
-180.0
 30
0.0
 40
2.5
  1
坐标值
 41
0.7
 72
1
 11
347.86
 21
-180.0
 31
0.0
100
AcDbText
 73
2
  0
TEXT
  5
29A
330
17
100
AcDbEntity
  8
IP坐标表
100
AcDbText
 10
398.68000000000006
 20
-180.0
 30
0.0
 40
2.5
  1
桩号
 41
0.7
 72
1
 11
398.68000000000006
 21
-180.0
 31
0.0
100
AcDbText
 73
2
  0
TEXT
  5
29B
330
17
100
AcDbEntity
  8
IP坐标表
100
AcDbText
 10
448.9900000000001
 20
-180.0
 30
0.0
 40
2.5
  1
弯道参数
 41
0.7
 72
1
 11
448.9900000000001
 21
-180.0
 31
0.0
100
AcDbText
 73
2
  0
TEXT
  5
29C
330
17
100
AcDbEntity
  8
IP坐标表
100
AcDbText
 10
476.8000000000001
 20
-183.0
 30
0.0
 40
2.5
  1
底高程(m)
 41
0.7
 72
1
 11
476.8000000000001
 21
-183.0
 31
0.0
100
AcDbText
 73
2
  0
TEXT
  5
29D
330
17
100
AcDbEntity
  8
IP坐标表
100
AcDbText
 10
493.0500000000001
 20
-183.0
 30
0.0
 40
2.5
  1
设计水位(m)
 41
0.7
 72
1
 11
493.0500000000001
 21
-183.0
 31
0.0
100
AcDbText
 73
2
  0
TEXT
  5
29E
330
17
100
AcDbEntity
  8
IP坐标表
100
AcDbText
 10
337.12
 20
-186.0
 30
0.0
 40
2.5
  1
E（m）
 41
0.7
 72
1
 11
337.12
 21
-186.0
 31
0.0
100
AcDbText
 73
2
  0
TEXT
  5
29F
330
17
100
AcDbEntity
  8
IP坐标表
100
AcDbText
 10
357.94000000000005
 20
-186.0
 30
0.0
 40
2.5
  1
N（m）
 41
0.7
 72
1
 11
357.94000000000005
 21
-186.0
 31
0.0
100
AcDbText
 73
2
  0
TEXT
  5
2A0
330
17
100
AcDbEntity
  8
IP坐标表
100
AcDbText
 10
378.68000000000006
 20
-186.0
 30
0.0
 40
2.5
  1
弯前(千米+米)
 41
0.7
 72
1
 11
378.68000000000006
 21
-186.0
 31
0.0
100
AcDbText
 73
2
  0
TEXT
  5
2A1
330
17
100
AcDbEntity
  8
IP坐标表
100
AcDbText
 10
398.68000000000006
 20
-186.0
 30
0.0
 40
2.5
  1
里程(千米+米)
 41
0.7
 72
1
 11
398.68000000000006
 21
-186.0
 31
0.0
100
AcDbText
 73
2
  0
TEXT
  5
2A2
330
17
100
AcDbEntity
  8
IP坐标表
100
AcDbText
 10
418.68000000000006
 20
-186.0
 30
0.0
 40
2.5
  1
弯末(千米+米)
 41
0.7
 72
1
 11
418.68000000000006
 21
-186.0
 31
0.0
100
AcDbText
 73
2
  0
TEXT
  5
2A3
330
17
100
AcDbEntity
  8
IP坐标表
100
AcDbText
 10
434.1400000000001
 20
-186.0
 30
0.0
 40
2.5
  1
转角
 41
0.7
 72
1
 11
434.1400000000001
 21
-186.0
 31
0.0
100
AcDbText
 73
2
  0
TEXT
  5
2A4
330
17
100
AcDbEntity
  8
IP坐标表
100
AcDbText
 10
444.4000000000001
 20
-186.0
 30
0.0
 40
2.5
  1
半径
 41
0.7
 72
1
 11
444.4000000000001
 21
-186.0
 31
0.0
100
AcDbText
 73
2
  0
TEXT
  5
2A5
330
17
100
AcDbEntity
  8
IP坐标表
100
AcDbText
 10
454.4500000000001
 20
-186.0
 30
0.0
 40
2.5
  1
切线长
 41
0.7
 72
1
 11
454.4500000000001
 21
-186.0
 31
0.0
100
AcDbText
 73
2
  0
TEXT
  5
2A6
330
17
100
AcDbEntity
  8
IP坐标表
100
AcDbText
 10
464.5000000000001
 20
-186.0
 30
0.0
 40
2.5
  1
弧长
 41
0.7
 72
1
 11
464.5000000000001
 21
-186.0
 31
0.0
100
AcDbText
 73
2
  0
LINE
  5
2A7
330
17
100
AcDbEntity
  8
IP坐标表
100
AcDbLine
 10
312.6
 20
-189.0
 30
0.0
 11
501.8000000000001
 21
-189.0
 31
0.0
  0
LINE
  5
2A8
330
17
100
AcDbEntity
  8
IP坐标表
100
AcDbLine
 10
312.6
 20
-621.0
 30
0.0
 11
501.8000000000001
 21
-621.0
 31
0.0
  0
LINE
  5
2A9
330
17
100
AcDbEntity
  8
IP坐标表
100
AcDbLine
 10
312.6
 20
-195.0
 30
0.0
 11
501.8000000000001
 21
-195.0
 31
0.0
  0
LINE
  5
2AA
330
17
100
AcDbEntity
  8
IP坐标表
100
AcDbLine
 10
312.6
 20
-201.0
 30
0.0
 11
501.8000000000001
 21
-201.0
 31
0.0
  0
LINE
  5
2AB
330
17
100
AcDbEntity
  8
IP坐标表
100
AcDbLine
 10
312.6
 20
-207.0
 30
0.0
 11
501.8000000000001
 21
-207.0
 31
0.0
  0
LINE
  5
2AC
330
17
100
AcDbEntity
  8
IP坐标表
100
AcDbLine
 10
312.6
 20
-213.0
 30
0.0
 11
501.8000000000001
 21
-213.0
 31
0.0
  0
LINE
  5
2AD
330
17
100
AcDbEntity
  8
IP坐标表
100
AcDbLine
 10
312.6
 20
-219.0
 30
0.0
 11
501.8000000000001
 21
-219.0
 31
0.0
  0
LINE
  5
2AE
330
17
100
AcDbEntity
  8
IP坐标表
100
AcDbLine
 10
312.6
 20
-225.0
 30
0.0
 11
501.8000000000001
 21
-225.0
 31
0.0
  0
LINE
  5
2AF
330
17
100
AcDbEntity
  8
IP坐标表
100
AcDbLine
 10
312.6
 20
-231.0
 30
0.0
 11
501.8000000000001
 21
-231.0
 31
0.0
  0
LINE
  5
2B0
330
17
100
AcDbEntity
  8
IP坐标表
100
AcDbLine
 10
312.6
 20
-237.0
 30
0.0
 11
501.8000000000001
 21
-237.0
 31
0.0
  0
LINE
  5
2B1
330
17
100
AcDbEntity
  8
IP坐标表
100
AcDbLine
 10
312.6
 20
-243.0
 30
0.0
 11
501.8000000000001
 21
-243.0
 31
0.0
  0
LINE
  5
2B2
330
17
100
AcDbEntity
  8
IP坐标表
100
AcDbLine
 10
312.6
 20
-249.0
 30
0.0
 11
501.8000000000001
 21
-249.0
 31
0.0
  0
LINE
  5
2B3
330
17
100
AcDbEntity
  8
IP坐标表
100
AcDbLine
 10
312.6
 20
-255.0
 30
0.0
 11
501.8000000000001
 21
-255.0
 31
0.0
  0
LINE
  5
2B4
330
17
100
AcDbEntity
  8
IP坐标表
100
AcDbLine
 10
312.6
 20
-261.0
 30
0.0
 11
501.8000000000001
 21
-261.0
 31
0.0
  0
LINE
  5
2B5
330
17
100
AcDbEntity
  8
IP坐标表
100
AcDbLine
 10
312.6
 20
-267.0
 30
0.0
 11
501.8000000000001
 21
-267.0
 31
0.0
  0
LINE
  5
2B6
330
17
100
AcDbEntity
  8
IP坐标表
100
AcDbLine
 10
312.6
 20
-273.0
 30
0.0
 11
501.8000000000001
 21
-273.0
 31
0.0
  0
LINE
  5
2B7
330
17
100
AcDbEntity
  8
IP坐标表
100
AcDbLine
 10
312.6
 20
-279.0
 30
0.0
 11
501.8000000000001
 21
-279.0
 31
0.0
  0
LINE
  5
2B8
330
17
100
AcDbEntity
  8
IP坐标表
100
AcDbLine
 10
312.6
 20
-285.0
 30
0.0
 11
501.8000000000001
 21
-285.0
 31
0.0
  0
LINE
  5
2B9
330
17
100
AcDbEntity
  8
IP坐标表
100
AcDbLine
 10
312.6
 20
-291.0
 30
0.0
 11
501.8000000000001
 21
-291.0
 31
0.0
  0
LINE
  5
2BA
330
17
100
AcDbEntity
  8
IP坐标表
100
AcDbLine
 10
312.6
 20
-297.0
 30
0.0
 11
501.8000000000001
 21
-297.0
 31
0.0
  0
LINE
  5
2BB
330
17
100
AcDbEntity
  8
IP坐标表
100
AcDbLine
 10
312.6
 20
-303.0
 30
0.0
 11
501.8000000000001
 21
-303.0
 31
0.0
  0
LINE
  5
2BC
330
17
100
AcDbEntity
  8
IP坐标表
100
AcDbLine
 10
312.6
 20
-309.0
 30
0.0
 11
501.8000000000001
 21
-309.0
 31
0.0
  0
LINE
  5
2BD
330
17
100
AcDbEntity
  8
IP坐标表
100
AcDbLine
 10
312.6
 20
-315.0
 30
0.0
 11
501.8000000000001
 21
-315.0
 31
0.0
  0
LINE
  5
2BE
330
17
100
AcDbEntity
  8
IP坐标表
100
AcDbLine
 10
312.6
 20
-321.0
 30
0.0
 11
501.8000000000001
 21
-321.0
 31
0.0
  0
LINE
  5
2BF
330
17
100
AcDbEntity
  8
IP坐标表
100
AcDbLine
 10
312.6
 20
-327.0
 30
0.0
 11
501.8000000000001
 21
-327.0
 31
0.0
  0
LINE
  5
2C0
330
17
100
AcDbEntity
  8
IP坐标表
100
AcDbLine
 10
312.6
 20
-333.0
 30
0.0
 11
501.8000000000001
 21
-333.0
 31
0.0
  0
LINE
  5
2C1
330
17
100
AcDbEntity
  8
IP坐标表
100
AcDbLine
 10
312.6
 20
-339.0
 30
0.0
 11
501.8000000000001
 21
-339.0
 31
0.0
  0
LINE
  5
2C2
330
17
100
AcDbEntity
  8
IP坐标表
100
AcDbLine
 10
312.6
 20
-345.0
 30
0.0
 11
501.8000000000001
 21
-345.0
 31
0.0
  0
LINE
  5
2C3
330
17
100
AcDbEntity
  8
IP坐标表
100
AcDbLine
 10
312.6
 20
-351.0
 30
0.0
 11
501.8000000000001
 21
-351.0
 31
0.0
  0
LINE
  5
2C4
330
17
100
AcDbEntity
  8
IP坐标表
100
AcDbLine
 10
312.6
 20
-357.0
 30
0.0
 11
501.8000000000001
 21
-357.0
 31
0.0
  0
LINE
  5
2C5
330
17
100
AcDbEntity
  8
IP坐标表
100
AcDbLine
 10
312.6
 20
-363.0
 30
0.0
 11
501.8000000000001
 21
-363.0
 31
0.0
  0
LINE
  5
2C6
330
17
100
AcDbEntity
  8
IP坐标表
100
AcDbLine
 10
312.6
 20
-369.0
 30
0.0
 11
501.8000000000001
 21
-369.0
 31
0.0
  0
LINE
  5
2C7
330
17
100
AcDbEntity
  8
IP坐标表
100
AcDbLine
 10
312.6
 20
-375.0
 30
0.0
 11
501.8000000000001
 21
-375.0
 31
0.0
  0
LINE
  5
2C8
330
17
100
AcDbEntity
  8
IP坐标表
100
AcDbLine
 10
312.6
 20
-381.0
 30
0.0
 11
501.8000000000001
 21
-381.0
 31
0.0
  0
LINE
  5
2C9
330
17
100
AcDbEntity
  8
IP坐标表
100
AcDbLine
 10
312.6
 20
-387.0
 30
0.0
 11
501.8000000000001
 21
-387.0
 31
0.0
  0
LINE
  5
2CA
330
17
100
AcDbEntity
  8
IP坐标表
100
AcDbLine
 10
312.6
 20
-393.0
 30
0.0
 11
501.8000000000001
 21
-393.0
 31
0.0
  0
LINE
  5
2CB
330
17
100
AcDbEntity
  8
IP坐标表
100
AcDbLine
 10
312.6
 20
-399.0
 30
0.0
 11
501.8000000000001
 21
-399.0
 31
0.0
  0
LINE
  5
2CC
330
17
100
AcDbEntity
  8
IP坐标表
100
AcDbLine
 10
312.6
 20
-405.0
 30
0.0
 11
501.8000000000001
 21
-405.0
 31
0.0
  0
LINE
  5
2CD
330
17
100
AcDbEntity
  8
IP坐标表
100
AcDbLine
 10
312.6
 20
-411.0
 30
0.0
 11
501.8000000000001
 21
-411.0
 31
0.0
  0
LINE
  5
2CE
330
17
100
AcDbEntity
  8
IP坐标表
100
AcDbLine
 10
312.6
 20
-417.0
 30
0.0
 11
501.8000000000001
 21
-417.0
 31
0.0
  0
LINE
  5
2CF
330
17
100
AcDbEntity
  8
IP坐标表
100
AcDbLine
 10
312.6
 20
-423.0
 30
0.0
 11
501.8000000000001
 21
-423.0
 31
0.0
  0
LINE
  5
2D0
330
17
100
AcDbEntity
  8
IP坐标表
100
AcDbLine
 10
312.6
 20
-429.0
 30
0.0
 11
501.8000000000001
 21
-429.0
 31
0.0
  0
LINE
  5
2D1
330
17
100
AcDbEntity
  8
IP坐标表
100
AcDbLine
 10
312.6
 20
-435.0
 30
0.0
 11
501.8000000000001
 21
-435.0
 31
0.0
  0
LINE
  5
2D2
330
17
100
AcDbEntity
  8
IP坐标表
100
AcDbLine
 10
312.6
 20
-441.0
 30
0.0
 11
501.8000000000001
 21
-441.0
 31
0.0
  0
LINE
  5
2D3
330
17
100
AcDbEntity
  8
IP坐标表
100
AcDbLine
 10
312.6
 20
-447.0
 30
0.0
 11
501.8000000000001
 21
-447.0
 31
0.0
  0
LINE
  5
2D4
330
17
100
AcDbEntity
  8
IP坐标表
100
AcDbLine
 10
312.6
 20
-453.0
 30
0.0
 11
501.8000000000001
 21
-453.0
 31
0.0
  0
LINE
  5
2D5
330
17
100
AcDbEntity
  8
IP坐标表
100
AcDbLine
 10
312.6
 20
-459.0
 30
0.0
 11
501.8000000000001
 21
-459.0
 31
0.0
  0
LINE
  5
2D6
330
17
100
AcDbEntity
  8
IP坐标表
100
AcDbLine
 10
312.6
 20
-465.0
 30
0.0
 11
501.8000000000001
 21
-465.0
 31
0.0
  0
LINE
  5
2D7
330
17
100
AcDbEntity
  8
IP坐标表
100
AcDbLine
 10
312.6
 20
-471.0
 30
0.0
 11
501.8000000000001
 21
-471.0
 31
0.0
  0
LINE
  5
2D8
330
17
100
AcDbEntity
  8
IP坐标表
100
AcDbLine
 10
312.6
 20
-477.0
 30
0.0
 11
501.8000000000001
 21
-477.0
 31
0.0
  0
LINE
  5
2D9
330
17
100
AcDbEntity
  8
IP坐标表
100
AcDbLine
 10
312.6
 20
-483.0
 30
0.0
 11
501.8000000000001
 21
-483.0
 31
0.0
  0
LINE
  5
2DA
330
17
100
AcDbEntity
  8
IP坐标表
100
AcDbLine
 10
312.6
 20
-489.0
 30
0.0
 11
501.8000000000001
 21
-489.0
 31
0.0
  0
LINE
  5
2DB
330
17
100
AcDbEntity
  8
IP坐标表
100
AcDbLine
 10
312.6
 20
-495.0
 30
0.0
 11
501.8000000000001
 21
-495.0
 31
0.0
  0
LINE
  5
2DC
330
17
100
AcDbEntity
  8
IP坐标表
100
AcDbLine
 10
312.6
 20
-501.0
 30
0.0
 11
501.8000000000001
 21
-501.0
 31
0.0
  0
LINE
  5
2DD
330
17
100
AcDbEntity
  8
IP坐标表
100
AcDbLine
 10
312.6
 20
-507.0
 30
0.0
 11
501.8000000000001
 21
-507.0
 31
0.0
  0
LINE
  5
2DE
330
17
100
AcDbEntity
  8
IP坐标表
100
AcDbLine
 10
312.6
 20
-513.0
 30
0.0
 11
501.8000000000001
 21
-513.0
 31
0.0
  0
LINE
  5
2DF
330
17
100
AcDbEntity
  8
IP坐标表
100
AcDbLine
 10
312.6
 20
-519.0
 30
0.0
 11
501.8000000000001
 21
-519.0
 31
0.0
  0
LINE
  5
2E0
330
17
100
AcDbEntity
  8
IP坐标表
100
AcDbLine
 10
312.6
 20
-525.0
 30
0.0
 11
501.8000000000001
 21
-525.0
 31
0.0
  0
LINE
  5
2E1
330
17
100
AcDbEntity
  8
IP坐标表
100
AcDbLine
 10
312.6
 20
-531.0
 30
0.0
 11
501.8000000000001
 21
-531.0
 31
0.0
  0
LINE
  5
2E2
330
17
100
AcDbEntity
  8
IP坐标表
100
AcDbLine
 10
312.6
 20
-537.0
 30
0.0
 11
501.8000000000001
 21
-537.0
 31
0.0
  0
LINE
  5
2E3
330
17
100
AcDbEntity
  8
IP坐标表
100
AcDbLine
 10
312.6
 20
-543.0
 30
0.0
 11
501.8000000000001
 21
-543.0
 31
0.0
  0
LINE
  5
2E4
330
17
100
AcDbEntity
  8
IP坐标表
100
AcDbLine
 10
312.6
 20
-549.0
 30
0.0
 11
501.8000000000001
 21
-549.0
 31
0.0
  0
LINE
  5
2E5
330
17
100
AcDbEntity
  8
IP坐标表
100
AcDbLine
 10
312.6
 20
-555.0
 30
0.0
 11
501.8000000000001
 21
-555.0
 31
0.0
  0
LINE
  5
2E6
330
17
100
AcDbEntity
  8
IP坐标表
100
AcDbLine
 10
312.6
 20
-561.0
 30
0.0
 11
501.8000000000001
 21
-561.0
 31
0.0
  0
LINE
  5
2E7
330
17
100
AcDbEntity
  8
IP坐标表
100
AcDbLine
 10
312.6
 20
-567.0
 30
0.0
 11
501.8000000000001
 21
-567.0
 31
0.0
  0
LINE
  5
2E8
330
17
100
AcDbEntity
  8
IP坐标表
100
AcDbLine
 10
312.6
 20
-573.0
 30
0.0
 11
501.8000000000001
 21
-573.0
 31
0.0
  0
LINE
  5
2E9
330
17
100
AcDbEntity
  8
IP坐标表
100
AcDbLine
 10
312.6
 20
-579.0
 30
0.0
 11
501.8000000000001
 21
-579.0
 31
0.0
  0
LINE
  5
2EA
330
17
100
AcDbEntity
  8
IP坐标表
100
AcDbLine
 10
312.6
 20
-585.0
 30
0.0
 11
501.8000000000001
 21
-585.0
 31
0.0
  0
LINE
  5
2EB
330
17
100
AcDbEntity
  8
IP坐标表
100
AcDbLine
 10
312.6
 20
-591.0
 30
0.0
 11
501.8000000000001
 21
-591.0
 31
0.0
  0
LINE
  5
2EC
330
17
100
AcDbEntity
  8
IP坐标表
100
AcDbLine
 10
312.6
 20
-597.0
 30
0.0
 11
501.8000000000001
 21
-597.0
 31
0.0
  0
LINE
  5
2ED
330
17
100
AcDbEntity
  8
IP坐标表
100
AcDbLine
 10
312.6
 20
-603.0
 30
0.0
 11
501.8000000000001
 21
-603.0
 31
0.0
  0
LINE
  5
2EE
330
17
100
AcDbEntity
  8
IP坐标表
100
AcDbLine
 10
312.6
 20
-609.0
 30
0.0
 11
501.8000000000001
 21
-609.0
 31
0.0
  0
LINE
  5
2EF
330
17
100
AcDbEntity
  8
IP坐标表
100
AcDbLine
 10
312.6
 20
-615.0
 30
0.0
 11
501.8000000000001
 21
-615.0
 31
0.0
  0
LINE
  5
2F0
330
17
100
AcDbEntity
  8
IP坐标表
100
AcDbLine
 10
312.6
 20
-189.0
 30
0.0
 11
312.6
 21
-621.0
 31
0.0
  0
LINE
  5
2F1
330
17
100
AcDbEntity
  8
IP坐标表
100
AcDbLine
 10
327.04
 20
-189.0
 30
0.0
 11
327.04
 21
-621.0
 31
0.0
  0
LINE
  5
2F2
330
17
100
AcDbEntity
  8
IP坐标表
100
AcDbLine
 10
347.20000000000005
 20
-189.0
 30
0.0
 11
347.20000000000005
 21
-621.0
 31
0.0
  0
LINE
  5
2F3
330
17
100
AcDbEntity
  8
IP坐标表
100
AcDbLine
 10
368.68000000000006
 20
-189.0
 30
0.0
 11
368.68000000000006
 21
-621.0
 31
0.0
  0
LINE
  5
2F4
330
17
100
AcDbEntity
  8
IP坐标表
100
AcDbLine
 10
388.68000000000006
 20
-189.0
 30
0.0
 11
388.68000000000006
 21
-621.0
 31
0.0
  0
LINE
  5
2F5
330
17
100
AcDbEntity
  8
IP坐标表
100
AcDbLine
 10
408.68000000000006
 20
-189.0
 30
0.0
 11
408.68000000000006
 21
-621.0
 31
0.0
  0
LINE
  5
2F6
330
17
100
AcDbEntity
  8
IP坐标表
100
AcDbLine
 10
428.68000000000006
 20
-189.0
 30
0.0
 11
428.68000000000006
 21
-621.0
 31
0.0
  0
LINE
  5
2F7
330
17
100
AcDbEntity
  8
IP坐标表
100
AcDbLine
 10
439.6000000000001
 20
-189.0
 30
0.0
 11
439.6000000000001
 21
-621.0
 31
0.0
  0
LINE
  5
2F8
330
17
100
AcDbEntity
  8
IP坐标表
100
AcDbLine
 10
449.2000000000001
 20
-189.0
 30
0.0
 11
449.2000000000001
 21
-621.0
 31
0.0
  0
LINE
  5
2F9
330
17
100
AcDbEntity
  8
IP坐标表
100
AcDbLine
 10
459.7000000000001
 20
-189.0
 30
0.0
 11
459.7000000000001
 21
-621.0
 31
0.0
  0
LINE
  5
2FA
330
17
100
AcDbEntity
  8
IP坐标表
100
AcDbLine
 10
469.3000000000001
 20
-189.0
 30
0.0
 11
469.3000000000001
 21
-621.0
 31
0.0
  0
LINE
  5
2FB
330
17
100
AcDbEntity
  8
IP坐标表
100
AcDbLine
 10
484.3000000000001
 20
-189.0
 30
0.0
 11
484.3000000000001
 21
-621.0
 31
0.0
  0
LINE
  5
2FC
330
17
100
AcDbEntity
  8
IP坐标表
100
AcDbLine
 10
501.8000000000001
 20
-189.0
 30
0.0
 11
501.8000000000001
 21
-621.0
 31
0.0
  0
TEXT
  5
2FD
330
17
100
AcDbEntity
  8
IP坐标表
100
AcDbText
 10
319.82000000000005
 20
-192.0
 30
0.0
 40
2.2
  1
蒲支IP0
 41
0.7
 72
1
 11
319.82000000000005
 21
-192.0
 31
0.0
100
AcDbText
 73
2
  0
TEXT
  5
2FE
330
17
100
AcDbEntity
  8
IP坐标表
100
AcDbText
 10
337.12
 20
-192.0
 30
0.0
 40
2.2
  1
625842.216000
 41
0.7
 72
1
 11
337.12
 21
-192.0
 31
0.0
100
AcDbText
 73
2
  0
TEXT
  5
2FF
330
17
100
AcDbEntity
  8
IP坐标表
100
AcDbText
 10
357.94000000000005
 20
-192.0
 30
0.0
 40
2.2
  1
3452187.907000
 41
0.7
 72
1
 11
357.94000000000005
 21
-192.0
 31
0.0
100
AcDbText
 73
2
  0
TEXT
  5
300
330
17
100
AcDbEntity
  8
IP坐标表
100
AcDbText
 10
378.68000000000006
 20
-192.0
 30
0.0
 40
2.2
  1
蒲支0+000.00
 41
0.7
 72
1
 11
378.68000000000006
 21
-192.0
 31
0.0
100
AcDbText
 73
2
  0
TEXT
  5
301
330
17
100
AcDbEntity
  8
IP坐标表
100
AcDbText
 10
398.68000000000006
 20
-192.0
 30
0.0
 40
2.2
  1
蒲支0+000.00
 41
0.7
 72
1
 11
398.68000000000006
 21
-192.0
 31
0.0
100
AcDbText
 73
2
  0
TEXT
  5
302
330
17
100
AcDbEntity
  8
IP坐标表
100
AcDbText
 10
418.68000000000006
 20
-192.0
 30
0.0
 40
2.2
  1
蒲支0+000.00
 41
0.7
 72
1
 11
418.68000000000006
 21
-192.0
 31
0.0
100
AcDbText
 73
2
  0
TEXT
  5
303
330
17
100
AcDbEntity
  8
IP坐标表
100
AcDbText
 10
434.1400000000001
 20
-192.0
 30
0.0
 40
2.2
  1
0.000
 41
0.7
 72
1
 11
434.1400000000001
 21
-192.0
 31
0.0
100
AcDbText
 73
2
  0
TEXT
  5
304
330
17
100
AcDbEntity
  8
IP坐标表
100
AcDbText
 10
444.4000000000001
 20
-192.0
 30
0.0
 40
2.2
  1
0.000
 41
0.7
 72
1
 11
444.4000000000001
 21
-192.0
 31
0.0
100
AcDbText
 73
2
  0
TEXT
  5
305
330
17
100
AcDbEntity
  8
IP坐标表
100
AcDbText
 10
454.4500000000001
 20
-192.0
 30
0.0
 40
2.2
  1
0.000
 41
0.7
 72
1
 11
454.4500000000001
 21
-192.0
 31
0.0
100
AcDbText
 73
2
  0
TEXT
  5
306
330
17
100
AcDbEntity
  8
IP坐标表
100
AcDbText
 10
464.5000000000001
 20
-192.0
 30
0.0
 40
2.2
  1
0.000
 41
0.7
 72
1
 11
464.5000000000001
 21
-192.0
 31
0.0
100
AcDbText
 73
2
  0
TEXT
  5
307
330
17
100
AcDbEntity
  8
IP坐标表
100
AcDbText
 10
476.8000000000001
 20
-192.0
 30
0.0
 40
2.2
  1
-
 41
0.7
 72
1
 11
476.8000000000001
 21
-192.0
 31
0.0
100
AcDbText
 73
2
  0
TEXT
  5
308
330
17
100
AcDbEntity
  8
IP坐标表
100
AcDbText
 10
493.0500000000001
 20
-192.0
 30
0.0
 40
2.2
  1
353.960
 41
0.7
 72
1
 11
493.0500000000001
 21
-192.0
 31
0.0
100
AcDbText
 73
2
  0
TEXT
  5
309
330
17
100
AcDbEntity
  8
IP坐标表
100
AcDbText
 10
319.82000000000005
 20
-198.0
 30
0.0
 40
2.2
  1
蒲支IP1
 41
0.7
 72
1
 11
319.82000000000005
 21
-198.0
 31
0.0
100
AcDbText
 73
2
  0
TEXT
  5
30A
330
17
100
AcDbEntity
  8
IP坐标表
100
AcDbText
 10
337.12
 20
-198.0
 30
0.0
 40
2.2
  1
625824.763000
 41
0.7
 72
1
 11
337.12
 21
-198.0
 31
0.0
100
AcDbText
 73
2
  0
TEXT
  5
30B
330
17
100
AcDbEntity
  8
IP坐标表
100
AcDbText
 10
357.94000000000005
 20
-198.0
 30
0.0
 40
2.2
  1
3452165.315000
 41
0.7
 72
1
 11
357.94000000000005
 21
-198.0
 31
0.0
100
AcDbText
 73
2
  0
TEXT
  5
30C
330
17
100
AcDbEntity
  8
IP坐标表
100
AcDbText
 10
378.68000000000006
 20
-198.0
 30
0.0
 40
2.2
  1
蒲支0+028.55
 41
0.7
 72
1
 11
378.68000000000006
 21
-198.0
 31
0.0
100
AcDbText
 73
2
  0
TEXT
  5
30D
330
17
100
AcDbEntity
  8
IP坐标表
100
AcDbText
 10
398.68000000000006
 20
-198.0
 30
0.0
 40
2.2
  1
蒲支0+028.55
 41
0.7
 72
1
 11
398.68000000000006
 21
-198.0
 31
0.0
100
AcDbText
 73
2
  0
TEXT
  5
30E
330
17
100
AcDbEntity
  8
IP坐标表
100
AcDbText
 10
418.68000000000006
 20
-198.0
 30
0.0
 40
2.2
  1
蒲支0+028.55
 41
0.7
 72
1
 11
418.68000000000006
 21
-198.0
 31
0.0
100
AcDbText
 73
2
  0
TEXT
  5
30F
330
17
100
AcDbEntity
  8
IP坐标表
100
AcDbText
 10
434.1400000000001
 20
-198.0
 30
0.0
 40
2.2
  1
0.001
 41
0.7
 72
1
 11
434.1400000000001
 21
-198.0
 31
0.0
100
AcDbText
 73
2
  0
TEXT
  5
310
330
17
100
AcDbEntity
  8
IP坐标表
100
AcDbText
 10
444.4000000000001
 20
-198.0
 30
0.0
 40
2.2
  1
0.000
 41
0.7
 72
1
 11
444.4000000000001
 21
-198.0
 31
0.0
100
AcDbText
 73
2
  0
TEXT
  5
311
330
17
100
AcDbEntity
  8
IP坐标表
100
AcDbText
 10
454.4500000000001
 20
-198.0
 30
0.0
 40
2.2
  1
0.000
 41
0.7
 72
1
 11
454.4500000000001
 21
-198.0
 31
0.0
100
AcDbText
 73
2
  0
TEXT
  5
312
330
17
100
AcDbEntity
  8
IP坐标表
100
AcDbText
 10
464.5000000000001
 20
-198.0
 30
0.0
 40
2.2
  1
0.000
 41
0.7
 72
1
 11
464.5000000000001
 21
-198.0
 31
0.0
100
AcDbText
 73
2
  0
TEXT
  5
313
330
17
100
AcDbEntity
  8
IP坐标表
100
AcDbText
 10
476.8000000000001
 20
-198.0
 30
0.0
 40
2.2
  1
-
 41
0.7
 72
1
 11
476.8000000000001
 21
-198.0
 31
0.0
100
AcDbText
 73
2
  0
TEXT
  5
314
330
17
100
AcDbEntity
  8
IP坐标表
100
AcDbText
 10
493.0500000000001
 20
-198.0
 30
0.0
 40
2.2
  1
353.922
 41
0.7
 72
1
 11
493.0500000000001
 21
-198.0
 31
0.0
100
AcDbText
 73
2
  0
TEXT
  5
315
330
17
100
AcDbEntity
  8
IP坐标表
100
AcDbText
 10
319.82000000000005
 20
-204.0
 30
0.0
 40
2.2
  1
蒲支IP2
 41
0.7
 72
1
 11
319.82000000000005
 21
-204.0
 31
0.0
100
AcDbText
 73
2
  0
TEXT
  5
316
330
17
100
AcDbEntity
  8
IP坐标表
100
AcDbText
 10
337.12
 20
-204.0
 30
0.0
 40
2.2
  1
625811.659000
 41
0.7
 72
1
 11
337.12
 21
-204.0
 31
0.0
100
AcDbText
 73
2
  0
TEXT
  5
317
330
17
100
AcDbEntity
  8
IP坐标表
100
AcDbText
 10
357.94000000000005
 20
-204.0
 30
0.0
 40
2.2
  1
3452148.353000
 41
0.7
 72
1
 11
357.94000000000005
 21
-204.0
 31
0.0
100
AcDbText
 73
2
  0
TEXT
  5
318
330
17
100
AcDbEntity
  8
IP坐标表
100
AcDbText
 10
378.68000000000006
 20
-204.0
 30
0.0
 40
2.2
  1
蒲支0+049.98
 41
0.7
 72
1
 11
378.68000000000006
 21
-204.0
 31
0.0
100
AcDbText
 73
2
  0
TEXT
  5
319
330
17
100
AcDbEntity
  8
IP坐标表
100
AcDbText
 10
398.68000000000006
 20
-204.0
 30
0.0
 40
2.2
  1
蒲支0+049.98
 41
0.7
 72
1
 11
398.68000000000006
 21
-204.0
 31
0.0
100
AcDbText
 73
2
  0
TEXT
  5
31A
330
17
100
AcDbEntity
  8
IP坐标表
100
AcDbText
 10
418.68000000000006
 20
-204.0
 30
0.0
 40
2.2
  1
蒲支0+049.98
 41
0.7
 72
1
 11
418.68000000000006
 21
-204.0
 31
0.0
100
AcDbText
 73
2
  0
TEXT
  5
31B
330
17
100
AcDbEntity
  8
IP坐标表
100
AcDbText
 10
434.1400000000001
 20
-204.0
 30
0.0
 40
2.2
  1
0.002
 41
0.7
 72
1
 11
434.1400000000001
 21
-204.0
 31
0.0
100
AcDbText
 73
2
  0
TEXT
  5
31C
330
17
100
AcDbEntity
  8
IP坐标表
100
AcDbText
 10
444.4000000000001
 20
-204.0
 30
0.0
 40
2.2
  1
0.000
 41
0.7
 72
1
 11
444.4000000000001
 21
-204.0
 31
0.0
100
AcDbText
 73
2
  0
TEXT
  5
31D
330
17
100
AcDbEntity
  8
IP坐标表
100
AcDbText
 10
454.4500000000001
 20
-204.0
 30
0.0
 40
2.2
  1
0.000
 41
0.7
 72
1
 11
454.4500000000001
 21
-204.0
 31
0.0
100
AcDbText
 73
2
  0
TEXT
  5
31E
330
17
100
AcDbEntity
  8
IP坐标表
100
AcDbText
 10
464.5000000000001
 20
-204.0
 30
0.0
 40
2.2
  1
0.000
 41
0.7
 72
1
 11
464.5000000000001
 21
-204.0
 31
0.0
100
AcDbText
 73
2
  0
TEXT
  5
31F
330
17
100
AcDbEntity
  8
IP坐标表
100
AcDbText
 10
476.8000000000001
 20
-204.0
 30
0.0
 40
2.2
  1
-
 41
0.7
 72
1
 11
476.8000000000001
 21
-204.0
 31
0.0
100
AcDbText
 73
2
  0
TEXT
  5
320
330
17
100
AcDbEntity
  8
IP坐标表
100
AcDbText
 10
493.0500000000001
 20
-204.0
 30
0.0
 40
2.2
  1
353.894
 41
0.7
 72
1
 11
493.0500000000001
 21
-204.0
 31
0.0
100
AcDbText
 73
2
  0
TEXT
  5
321
330
17
100
AcDbEntity
  8
IP坐标表
100
AcDbText
 10
319.82000000000005
 20
-210.0
 30
0.0
 40
2.2
  1
蒲支IP3
 41
0.7
 72
1
 11
319.82000000000005
 21
-210.0
 31
0.0
100
AcDbText
 73
2
  0
TEXT
  5
322
330
17
100
AcDbEntity
  8
IP坐标表
100
AcDbText
 10
337.12
 20
-210.0
 30
0.0
 40
2.2
  1
625789.343000
 41
0.7
 72
1
 11
337.12
 21
-210.0
 31
0.0
100
AcDbText
 73
2
  0
TEXT
  5
323
330
17
100
AcDbEntity
  8
IP坐标表
100
AcDbText
 10
357.94000000000005
 20
-210.0
 30
0.0
 40
2.2
  1
3452119.465000
 41
0.7
 72
1
 11
357.94000000000005
 21
-210.0
 31
0.0
100
AcDbText
 73
2
  0
TEXT
  5
324
330
17
100
AcDbEntity
  8
IP坐标表
100
AcDbText
 10
378.68000000000006
 20
-210.0
 30
0.0
 40
2.2
  1
蒲支0+086.49
 41
0.7
 72
1
 11
378.68000000000006
 21
-210.0
 31
0.0
100
AcDbText
 73
2
  0
TEXT
  5
325
330
17
100
AcDbEntity
  8
IP坐标表
100
AcDbText
 10
398.68000000000006
 20
-210.0
 30
0.0
 40
2.2
  1
蒲支0+086.49
 41
0.7
 72
1
 11
398.68000000000006
 21
-210.0
 31
0.0
100
AcDbText
 73
2
  0
TEXT
  5
326
330
17
100
AcDbEntity
  8
IP坐标表
100
AcDbText
 10
418.68000000000006
 20
-210.0
 30
0.0
 40
2.2
  1
蒲支0+086.49
 41
0.7
 72
1
 11
418.68000000000006
 21
-210.0
 31
0.0
100
AcDbText
 73
2
  0
TEXT
  5
327
330
17
100
AcDbEntity
  8
IP坐标表
100
AcDbText
 10
434.1400000000001
 20
-210.0
 30
0.0
 40
2.2
  1
25.859
 41
0.7
 72
1
 11
434.1400000000001
 21
-210.0
 31
0.0
100
AcDbText
 73
2
  0
TEXT
  5
328
330
17
100
AcDbEntity
  8
IP坐标表
100
AcDbText
 10
444.4000000000001
 20
-210.0
 30
0.0
 40
2.2
  1
0.000
 41
0.7
 72
1
 11
444.4000000000001
 21
-210.0
 31
0.0
100
AcDbText
 73
2
  0
TEXT
  5
329
330
17
100
AcDbEntity
  8
IP坐标表
100
AcDbText
 10
454.4500000000001
 20
-210.0
 30
0.0
 40
2.2
  1
0.000
 41
0.7
 72
1
 11
454.4500000000001
 21
-210.0
 31
0.0
100
AcDbText
 73
2
  0
TEXT
  5
32A
330
17
100
AcDbEntity
  8
IP坐标表
100
AcDbText
 10
464.5000000000001
 20
-210.0
 30
0.0
 40
2.2
  1
0.000
 41
0.7
 72
1
 11
464.5000000000001
 21
-210.0
 31
0.0
100
AcDbText
 73
2
  0
TEXT
  5
32B
330
17
100
AcDbEntity
  8
IP坐标表
100
AcDbText
 10
476.8000000000001
 20
-210.0
 30
0.0
 40
2.2
  1
-
 41
0.7
 72
1
 11
476.8000000000001
 21
-210.0
 31
0.0
100
AcDbText
 73
2
  0
TEXT
  5
32C
330
17
100
AcDbEntity
  8
IP坐标表
100
AcDbText
 10
493.0500000000001
 20
-210.0
 30
0.0
 40
2.2
  1
353.842
 41
0.7
 72
1
 11
493.0500000000001
 21
-210.0
 31
0.0
100
AcDbText
 73
2
  0
TEXT
  5
32D
330
17
100
AcDbEntity
  8
IP坐标表
100
AcDbText
 10
319.82000000000005
 20
-216.0
 30
0.0
 40
2.2
  1
蒲支IP4
 41
0.7
 72
1
 11
319.82000000000005
 21
-216.0
 31
0.0
100
AcDbText
 73
2
  0
TEXT
  5
32E
330
17
100
AcDbEntity
  8
IP坐标表
100
AcDbText
 10
337.12
 20
-216.0
 30
0.0
 40
2.2
  1
625739.183000
 41
0.7
 72
1
 11
337.12
 21
-216.0
 31
0.0
100
AcDbText
 73
2
  0
TEXT
  5
32F
330
17
100
AcDbEntity
  8
IP坐标表
100
AcDbText
 10
357.94000000000005
 20
-216.0
 30
0.0
 40
2.2
  1
3452094.505000
 41
0.7
 72
1
 11
357.94000000000005
 21
-216.0
 31
0.0
100
AcDbText
 73
2
  0
TEXT
  5
330
330
17
100
AcDbEntity
  8
IP坐标表
100
AcDbText
 10
378.68000000000006
 20
-216.0
 30
0.0
 40
2.2
  1
蒲支0+142.51
 41
0.7
 72
1
 11
378.68000000000006
 21
-216.0
 31
0.0
100
AcDbText
 73
2
  0
TEXT
  5
331
330
17
100
AcDbEntity
  8
IP坐标表
100
AcDbText
 10
398.68000000000006
 20
-216.0
 30
0.0
 40
2.2
  1
蒲支0+142.51
 41
0.7
 72
1
 11
398.68000000000006
 21
-216.0
 31
0.0
100
AcDbText
 73
2
  0
TEXT
  5
332
330
17
100
AcDbEntity
  8
IP坐标表
100
AcDbText
 10
418.68000000000006
 20
-216.0
 30
0.0
 40
2.2
  1
蒲支0+142.51
 41
0.7
 72
1
 11
418.68000000000006
 21
-216.0
 31
0.0
100
AcDbText
 73
2
  0
TEXT
  5
333
330
17
100
AcDbEntity
  8
IP坐标表
100
AcDbText
 10
434.1400000000001
 20
-216.0
 30
0.0
 40
2.2
  1
13.275
 41
0.7
 72
1
 11
434.1400000000001
 21
-216.0
 31
0.0
100
AcDbText
 73
2
  0
TEXT
  5
334
330
17
100
AcDbEntity
  8
IP坐标表
100
AcDbText
 10
444.4000000000001
 20
-216.0
 30
0.0
 40
2.2
  1
0.000
 41
0.7
 72
1
 11
444.4000000000001
 21
-216.0
 31
0.0
100
AcDbText
 73
2
  0
TEXT
  5
335
330
17
100
AcDbEntity
  8
IP坐标表
100
AcDbText
 10
454.4500000000001
 20
-216.0
 30
0.0
 40
2.2
  1
0.000
 41
0.7
 72
1
 11
454.4500000000001
 21
-216.0
 31
0.0
100
AcDbText
 73
2
  0
TEXT
  5
336
330
17
100
AcDbEntity
  8
IP坐标表
100
AcDbText
 10
464.5000000000001
 20
-216.0
 30
0.0
 40
2.2
  1
0.000
 41
0.7
 72
1
 11
464.5000000000001
 21
-216.0
 31
0.0
100
AcDbText
 73
2
  0
TEXT
  5
337
330
17
100
AcDbEntity
  8
IP坐标表
100
AcDbText
 10
476.8000000000001
 20
-216.0
 30
0.0
 40
2.2
  1
-
 41
0.7
 72
1
 11
476.8000000000001
 21
-216.0
 31
0.0
100
AcDbText
 73
2
  0
TEXT
  5
338
330
17
100
AcDbEntity
  8
IP坐标表
100
AcDbText
 10
493.0500000000001
 20
-216.0
 30
0.0
 40
2.2
  1
353.768
 41
0.7
 72
1
 11
493.0500000000001
 21
-216.0
 31
0.0
100
AcDbText
 73
2
  0
TEXT
  5
339
330
17
100
AcDbEntity
  8
IP坐标表
100
AcDbText
 10
319.82000000000005
 20
-222.0
 30
0.0
 40
2.2
  1
蒲支IP5
 41
0.7
 72
1
 11
319.82000000000005
 21
-222.0
 31
0.0
100
AcDbText
 73
2
  0
TEXT
  5
33A
330
17
100
AcDbEntity
  8
IP坐标表
100
AcDbText
 10
337.12
 20
-222.0
 30
0.0
 40
2.2
  1
625710.607000
 41
0.7
 72
1
 11
337.12
 21
-222.0
 31
0.0
100
AcDbText
 73
2
  0
TEXT
  5
33B
330
17
100
AcDbEntity
  8
IP坐标表
100
AcDbText
 10
357.94000000000005
 20
-222.0
 30
0.0
 40
2.2
  1
3452070.755000
 41
0.7
 72
1
 11
357.94000000000005
 21
-222.0
 31
0.0
100
AcDbText
 73
2
  0
TEXT
  5
33C
330
17
100
AcDbEntity
  8
IP坐标表
100
AcDbText
 10
378.68000000000006
 20
-222.0
 30
0.0
 40
2.2
  1
蒲支0+179.67
 41
0.7
 72
1
 11
378.68000000000006
 21
-222.0
 31
0.0
100
AcDbText
 73
2
  0
TEXT
  5
33D
330
17
100
AcDbEntity
  8
IP坐标表
100
AcDbText
 10
398.68000000000006
 20
-222.0
 30
0.0
 40
2.2
  1
蒲支0+179.67
 41
0.7
 72
1
 11
398.68000000000006
 21
-222.0
 31
0.0
100
AcDbText
 73
2
  0
TEXT
  5
33E
330
17
100
AcDbEntity
  8
IP坐标表
100
AcDbText
 10
418.68000000000006
 20
-222.0
 30
0.0
 40
2.2
  1
蒲支0+179.67
 41
0.7
 72
1
 11
418.68000000000006
 21
-222.0
 31
0.0
100
AcDbText
 73
2
  0
TEXT
  5
33F
330
17
100
AcDbEntity
  8
IP坐标表
100
AcDbText
 10
434.1400000000001
 20
-222.0
 30
0.0
 40
2.2
  1
0.000
 41
0.7
 72
1
 11
434.1400000000001
 21
-222.0
 31
0.0
100
AcDbText
 73
2
  0
TEXT
  5
340
330
17
100
AcDbEntity
  8
IP坐标表
100
AcDbText
 10
444.4000000000001
 20
-222.0
 30
0.0
 40
2.2
  1
0.000
 41
0.7
 72
1
 11
444.4000000000001
 21
-222.0
 31
0.0
100
AcDbText
 73
2
  0
TEXT
  5
341
330
17
100
AcDbEntity
  8
IP坐标表
100
AcDbText
 10
454.4500000000001
 20
-222.0
 30
0.0
 40
2.2
  1
0.000
 41
0.7
 72
1
 11
454.4500000000001
 21
-222.0
 31
0.0
100
AcDbText
 73
2
  0
TEXT
  5
342
330
17
100
AcDbEntity
  8
IP坐标表
100
AcDbText
 10
464.5000000000001
 20
-222.0
 30
0.0
 40
2.2
  1
0.000
 41
0.7
 72
1
 11
464.5000000000001
 21
-222.0
 31
0.0
100
AcDbText
 73
2
  0
TEXT
  5
343
330
17
100
AcDbEntity
  8
IP坐标表
100
AcDbText
 10
476.8000000000001
 20
-222.0
 30
0.0
 40
2.2
  1
-
 41
0.7
 72
1
 11
476.8000000000001
 21
-222.0
 31
0.0
100
AcDbText
 73
2
  0
TEXT
  5
344
330
17
100
AcDbEntity
  8
IP坐标表
100
AcDbText
 10
493.0500000000001
 20
-222.0
 30
0.0
 40
2.2
  1
353.718
 41
0.7
 72
1
 11
493.0500000000001
 21
-222.0
 31
0.0
100
AcDbText
 73
2
  0
TEXT
  5
345
330
17
100
AcDbEntity
  8
IP坐标表
100
AcDbText
 10
319.82000000000005
 20
-228.0
 30
0.0
 40
2.2
  1
蒲支IP6
 41
0.7
 72
1
 11
319.82000000000005
 21
-228.0
 31
0.0
100
AcDbText
 73
2
  0
TEXT
  5
346
330
17
100
AcDbEntity
  8
IP坐标表
100
AcDbText
 10
337.12
 20
-228.0
 30
0.0
 40
2.2
  1
625696.219000
 41
0.7
 72
1
 11
337.12
 21
-228.0
 31
0.0
100
AcDbText
 73
2
  0
TEXT
  5
347
330
17
100
AcDbEntity
  8
IP坐标表
100
AcDbText
 10
357.94000000000005
 20
-228.0
 30
0.0
 40
2.2
  1
3452058.797000
 41
0.7
 72
1
 11
357.94000000000005
 21
-228.0
 31
0.0
100
AcDbText
 73
2
  0
TEXT
  5
348
330
17
100
AcDbEntity
  8
IP坐标表
100
AcDbText
 10
378.68000000000006
 20
-228.0
 30
0.0
 40
2.2
  1
蒲支0+198.38
 41
0.7
 72
1
 11
378.68000000000006
 21
-228.0
 31
0.0
100
AcDbText
 73
2
  0
TEXT
  5
349
330
17
100
AcDbEntity
  8
IP坐标表
100
AcDbText
 10
398.68000000000006
 20
-228.0
 30
0.0
 40
2.2
  1
蒲支0+198.38
 41
0.7
 72
1
 11
398.68000000000006
 21
-228.0
 31
0.0
100
AcDbText
 73
2
  0
TEXT
  5
34A
330
17
100
AcDbEntity
  8
IP坐标表
100
AcDbText
 10
418.68000000000006
 20
-228.0
 30
0.0
 40
2.2
  1
蒲支0+198.38
 41
0.7
 72
1
 11
418.68000000000006
 21
-228.0
 31
0.0
100
AcDbText
 73
2
  0
TEXT
  5
34B
330
17
100
AcDbEntity
  8
IP坐标表
100
AcDbText
 10
434.1400000000001
 20
-228.0
 30
0.0
 40
2.2
  1
0.000
 41
0.7
 72
1
 11
434.1400000000001
 21
-228.0
 31
0.0
100
AcDbText
 73
2
  0
TEXT
  5
34C
330
17
100
AcDbEntity
  8
IP坐标表
100
AcDbText
 10
444.4000000000001
 20
-228.0
 30
0.0
 40
2.2
  1
0.000
 41
0.7
 72
1
 11
444.4000000000001
 21
-228.0
 31
0.0
100
AcDbText
 73
2
  0
TEXT
  5
34D
330
17
100
AcDbEntity
  8
IP坐标表
100
AcDbText
 10
454.4500000000001
 20
-228.0
 30
0.0
 40
2.2
  1
0.000
 41
0.7
 72
1
 11
454.4500000000001
 21
-228.0
 31
0.0
100
AcDbText
 73
2
  0
TEXT
  5
34E
330
17
100
AcDbEntity
  8
IP坐标表
100
AcDbText
 10
464.5000000000001
 20
-228.0
 30
0.0
 40
2.2
  1
0.000
 41
0.7
 72
1
 11
464.5000000000001
 21
-228.0
 31
0.0
100
AcDbText
 73
2
  0
TEXT
  5
34F
330
17
100
AcDbEntity
  8
IP坐标表
100
AcDbText
 10
476.8000000000001
 20
-228.0
 30
0.0
 40
2.2
  1
-
 41
0.7
 72
1
 11
476.8000000000001
 21
-228.0
 31
0.0
100
AcDbText
 73
2
  0
TEXT
  5
350
330
17
100
AcDbEntity
  8
IP坐标表
100
AcDbText
 10
493.0500000000001
 20
-228.0
 30
0.0
 40
2.2
  1
353.693
 41
0.7
 72
1
 11
493.0500000000001
 21
-228.0
 31
0.0
100
AcDbText
 73
2
  0
TEXT
  5
351
330
17
100
AcDbEntity
  8
IP坐标表
100
AcDbText
 10
319.82000000000005
 20
-234.0
 30
0.0
 40
2.2
  1
蒲支IP7
 41
0.7
 72
1
 11
319.82000000000005
 21
-234.0
 31
0.0
100
AcDbText
 73
2
  0
TEXT
  5
352
330
17
100
AcDbEntity
  8
IP坐标表
100
AcDbText
 10
337.12
 20
-234.0
 30
0.0
 40
2.2
  1
625660.222000
 41
0.7
 72
1
 11
337.12
 21
-234.0
 31
0.0
100
AcDbText
 73
2
  0
TEXT
  5
353
330
17
100
AcDbEntity
  8
IP坐标表
100
AcDbText
 10
357.94000000000005
 20
-234.0
 30
0.0
 40
2.2
  1
3452028.880000
 41
0.7
 72
1
 11
357.94000000000005
 21
-234.0
 31
0.0
100
AcDbText
 73
2
  0
TEXT
  5
354
330
17
100
AcDbEntity
  8
IP坐标表
100
AcDbText
 10
378.68000000000006
 20
-234.0
 30
0.0
 40
2.2
  1
蒲支0+245.19
 41
0.7
 72
1
 11
378.68000000000006
 21
-234.0
 31
0.0
100
AcDbText
 73
2
  0
TEXT
  5
355
330
17
100
AcDbEntity
  8
IP坐标表
100
AcDbText
 10
398.68000000000006
 20
-234.0
 30
0.0
 40
2.2
  1
蒲支0+245.19
 41
0.7
 72
1
 11
398.68000000000006
 21
-234.0
 31
0.0
100
AcDbText
 73
2
  0
TEXT
  5
356
330
17
100
AcDbEntity
  8
IP坐标表
100
AcDbText
 10
418.68000000000006
 20
-234.0
 30
0.0
 40
2.2
  1
蒲支0+245.19
 41
0.7
 72
1
 11
418.68000000000006
 21
-234.0
 31
0.0
100
AcDbText
 73
2
  0
TEXT
  5
357
330
17
100
AcDbEntity
  8
IP坐标表
100
AcDbText
 10
434.1400000000001
 20
-234.0
 30
0.0
 40
2.2
  1
0.000
 41
0.7
 72
1
 11
434.1400000000001
 21
-234.0
 31
0.0
100
AcDbText
 73
2
  0
TEXT
  5
358
330
17
100
AcDbEntity
  8
IP坐标表
100
AcDbText
 10
444.4000000000001
 20
-234.0
 30
0.0
 40
2.2
  1
0.000
 41
0.7
 72
1
 11
444.4000000000001
 21
-234.0
 31
0.0
100
AcDbText
 73
2
  0
TEXT
  5
359
330
17
100
AcDbEntity
  8
IP坐标表
100
AcDbText
 10
454.4500000000001
 20
-234.0
 30
0.0
 40
2.2
  1
0.000
 41
0.7
 72
1
 11
454.4500000000001
 21
-234.0
 31
0.0
100
AcDbText
 73
2
  0
TEXT
  5
35A
330
17
100
AcDbEntity
  8
IP坐标表
100
AcDbText
 10
464.5000000000001
 20
-234.0
 30
0.0
 40
2.2
  1
0.000
 41
0.7
 72
1
 11
464.5000000000001
 21
-234.0
 31
0.0
100
AcDbText
 73
2
  0
TEXT
  5
35B
330
17
100
AcDbEntity
  8
IP坐标表
100
AcDbText
 10
476.8000000000001
 20
-234.0
 30
0.0
 40
2.2
  1
-
 41
0.7
 72
1
 11
476.8000000000001
 21
-234.0
 31
0.0
100
AcDbText
 73
2
  0
TEXT
  5
35C
330
17
100
AcDbEntity
  8
IP坐标表
100
AcDbText
 10
493.0500000000001
 20
-234.0
 30
0.0
 40
2.2
  1
353.631
 41
0.7
 72
1
 11
493.0500000000001
 21
-234.0
 31
0.0
100
AcDbText
 73
2
  0
TEXT
  5
35D
330
17
100
AcDbEntity
  8
IP坐标表
100
AcDbText
 10
319.82000000000005
 20
-240.0
 30
0.0
 40
2.2
  1
蒲支IP8
 41
0.7
 72
1
 11
319.82000000000005
 21
-240.0
 31
0.0
100
AcDbText
 73
2
  0
TEXT
  5
35E
330
17
100
AcDbEntity
  8
IP坐标表
100
AcDbText
 10
337.12
 20
-240.0
 30
0.0
 40
2.2
  1
625651.122000
 41
0.7
 72
1
 11
337.12
 21
-240.0
 31
0.0
100
AcDbText
 73
2
  0
TEXT
  5
35F
330
17
100
AcDbEntity
  8
IP坐标表
100
AcDbText
 10
357.94000000000005
 20
-240.0
 30
0.0
 40
2.2
  1
3452021.317000
 41
0.7
 72
1
 11
357.94000000000005
 21
-240.0
 31
0.0
100
AcDbText
 73
2
  0
TEXT
  5
360
330
17
100
AcDbEntity
  8
IP坐标表
100
AcDbText
 10
378.68000000000006
 20
-240.0
 30
0.0
 40
2.2
  1
蒲支0+257.02
 41
0.7
 72
1
 11
378.68000000000006
 21
-240.0
 31
0.0
100
AcDbText
 73
2
  0
TEXT
  5
361
330
17
100
AcDbEntity
  8
IP坐标表
100
AcDbText
 10
398.68000000000006
 20
-240.0
 30
0.0
 40
2.2
  1
蒲支0+257.02
 41
0.7
 72
1
 11
398.68000000000006
 21
-240.0
 31
0.0
100
AcDbText
 73
2
  0
TEXT
  5
362
330
17
100
AcDbEntity
  8
IP坐标表
100
AcDbText
 10
418.68000000000006
 20
-240.0
 30
0.0
 40
2.2
  1
蒲支0+257.02
 41
0.7
 72
1
 11
418.68000000000006
 21
-240.0
 31
0.0
100
AcDbText
 73
2
  0
TEXT
  5
363
330
17
100
AcDbEntity
  8
IP坐标表
100
AcDbText
 10
434.1400000000001
 20
-240.0
 30
0.0
 40
2.2
  1
0.000
 41
0.7
 72
1
 11
434.1400000000001
 21
-240.0
 31
0.0
100
AcDbText
 73
2
  0
TEXT
  5
364
330
17
100
AcDbEntity
  8
IP坐标表
100
AcDbText
 10
444.4000000000001
 20
-240.0
 30
0.0
 40
2.2
  1
0.000
 41
0.7
 72
1
 11
444.4000000000001
 21
-240.0
 31
0.0
100
AcDbText
 73
2
  0
TEXT
  5
365
330
17
100
AcDbEntity
  8
IP坐标表
100
AcDbText
 10
454.4500000000001
 20
-240.0
 30
0.0
 40
2.2
  1
0.000
 41
0.7
 72
1
 11
454.4500000000001
 21
-240.0
 31
0.0
100
AcDbText
 73
2
  0
TEXT
  5
366
330
17
100
AcDbEntity
  8
IP坐标表
100
AcDbText
 10
464.5000000000001
 20
-240.0
 30
0.0
 40
2.2
  1
0.000
 41
0.7
 72
1
 11
464.5000000000001
 21
-240.0
 31
0.0
100
AcDbText
 73
2
  0
TEXT
  5
367
330
17
100
AcDbEntity
  8
IP坐标表
100
AcDbText
 10
476.8000000000001
 20
-240.0
 30
0.0
 40
2.2
  1
-
 41
0.7
 72
1
 11
476.8000000000001
 21
-240.0
 31
0.0
100
AcDbText
 73
2
  0
TEXT
  5
368
330
17
100
AcDbEntity
  8
IP坐标表
100
AcDbText
 10
493.0500000000001
 20
-240.0
 30
0.0
 40
2.2
  1
353.616
 41
0.7
 72
1
 11
493.0500000000001
 21
-240.0
 31
0.0
100
AcDbText
 73
2
  0
TEXT
  5
369
330
17
100
AcDbEntity
  8
IP坐标表
100
AcDbText
 10
319.82000000000005
 20
-246.0
 30
0.0
 40
2.2
  1
蒲支IP9
 41
0.7
 72
1
 11
319.82000000000005
 21
-246.0
 31
0.0
100
AcDbText
 73
2
  0
TEXT
  5
36A
330
17
100
AcDbEntity
  8
IP坐标表
100
AcDbText
 10
337.12
 20
-246.0
 30
0.0
 40
2.2
  1
625610.470000
 41
0.7
 72
1
 11
337.12
 21
-246.0
 31
0.0
100
AcDbText
 73
2
  0
TEXT
  5
36B
330
17
100
AcDbEntity
  8
IP坐标表
100
AcDbText
 10
357.94000000000005
 20
-246.0
 30
0.0
 40
2.2
  1
3451987.531000
 41
0.7
 72
1
 11
357.94000000000005
 21
-246.0
 31
0.0
100
AcDbText
 73
2
  0
TEXT
  5
36C
330
17
100
AcDbEntity
  8
IP坐标表
100
AcDbText
 10
378.68000000000006
 20
-246.0
 30
0.0
 40
2.2
  1
蒲支0+309.88
 41
0.7
 72
1
 11
378.68000000000006
 21
-246.0
 31
0.0
100
AcDbText
 73
2
  0
TEXT
  5
36D
330
17
100
AcDbEntity
  8
IP坐标表
100
AcDbText
 10
398.68000000000006
 20
-246.0
 30
0.0
 40
2.2
  1
蒲支0+309.88
 41
0.7
 72
1
 11
398.68000000000006
 21
-246.0
 31
0.0
100
AcDbText
 73
2
  0
TEXT
  5
36E
330
17
100
AcDbEntity
  8
IP坐标表
100
AcDbText
 10
418.68000000000006
 20
-246.0
 30
0.0
 40
2.2
  1
蒲支0+309.88
 41
0.7
 72
1
 11
418.68000000000006
 21
-246.0
 31
0.0
100
AcDbText
 73
2
  0
TEXT
  5
36F
330
17
100
AcDbEntity
  8
IP坐标表
100
AcDbText
 10
434.1400000000001
 20
-246.0
 30
0.0
 40
2.2
  1
35.042
 41
0.7
 72
1
 11
434.1400000000001
 21
-246.0
 31
0.0
100
AcDbText
 73
2
  0
TEXT
  5
370
330
17
100
AcDbEntity
  8
IP坐标表
100
AcDbText
 10
444.4000000000001
 20
-246.0
 30
0.0
 40
2.2
  1
0.000
 41
0.7
 72
1
 11
444.4000000000001
 21
-246.0
 31
0.0
100
AcDbText
 73
2
  0
TEXT
  5
371
330
17
100
AcDbEntity
  8
IP坐标表
100
AcDbText
 10
454.4500000000001
 20
-246.0
 30
0.0
 40
2.2
  1
0.000
 41
0.7
 72
1
 11
454.4500000000001
 21
-246.0
 31
0.0
100
AcDbText
 73
2
  0
TEXT
  5
372
330
17
100
AcDbEntity
  8
IP坐标表
100
AcDbText
 10
464.5000000000001
 20
-246.0
 30
0.0
 40
2.2
  1
0.000
 41
0.7
 72
1
 11
464.5000000000001
 21
-246.0
 31
0.0
100
AcDbText
 73
2
  0
TEXT
  5
373
330
17
100
AcDbEntity
  8
IP坐标表
100
AcDbText
 10
476.8000000000001
 20
-246.0
 30
0.0
 40
2.2
  1
-
 41
0.7
 72
1
 11
476.8000000000001
 21
-246.0
 31
0.0
100
AcDbText
 73
2
  0
TEXT
  5
374
330
17
100
AcDbEntity
  8
IP坐标表
100
AcDbText
 10
493.0500000000001
 20
-246.0
 30
0.0
 40
2.2
  1
353.541
 41
0.7
 72
1
 11
493.0500000000001
 21
-246.0
 31
0.0
100
AcDbText
 73
2
  0
TEXT
  5
375
330
17
100
AcDbEntity
  8
IP坐标表
100
AcDbText
 10
319.82000000000005
 20
-252.0
 30
0.0
 40
2.2
  1
蒲支IP10
 41
0.7
 72
1
 11
319.82000000000005
 21
-252.0
 31
0.0
100
AcDbText
 73
2
  0
TEXT
  5
376
330
17
100
AcDbEntity
  8
IP坐标表
100
AcDbText
 10
337.12
 20
-252.0
 30
0.0
 40
2.2
  1
625594.435000
 41
0.7
 72
1
 11
337.12
 21
-252.0
 31
0.0
100
AcDbText
 73
2
  0
TEXT
  5
377
330
17
100
AcDbEntity
  8
IP坐标表
100
AcDbText
 10
357.94000000000005
 20
-252.0
 30
0.0
 40
2.2
  1
3451986.216000
 41
0.7
 72
1
 11
357.94000000000005
 21
-252.0
 31
0.0
100
AcDbText
 73
2
  0
TEXT
  5
378
330
17
100
AcDbEntity
  8
IP坐标表
100
AcDbText
 10
378.68000000000006
 20
-252.0
 30
0.0
 40
2.2
  1
蒲支0+325.96
 41
0.7
 72
1
 11
378.68000000000006
 21
-252.0
 31
0.0
100
AcDbText
 73
2
  0
TEXT
  5
379
330
17
100
AcDbEntity
  8
IP坐标表
100
AcDbText
 10
398.68000000000006
 20
-252.0
 30
0.0
 40
2.2
  1
蒲支0+325.96
 41
0.7
 72
1
 11
398.68000000000006
 21
-252.0
 31
0.0
100
AcDbText
 73
2
  0
TEXT
  5
37A
330
17
100
AcDbEntity
  8
IP坐标表
100
AcDbText
 10
418.68000000000006
 20
-252.0
 30
0.0
 40
2.2
  1
蒲支0+325.96
 41
0.7
 72
1
 11
418.68000000000006
 21
-252.0
 31
0.0
100
AcDbText
 73
2
  0
TEXT
  5
37B
330
17
100
AcDbEntity
  8
IP坐标表
100
AcDbText
 10
434.1400000000001
 20
-252.0
 30
0.0
 40
2.2
  1
0.002
 41
0.7
 72
1
 11
434.1400000000001
 21
-252.0
 31
0.0
100
AcDbText
 73
2
  0
TEXT
  5
37C
330
17
100
AcDbEntity
  8
IP坐标表
100
AcDbText
 10
444.4000000000001
 20
-252.0
 30
0.0
 40
2.2
  1
0.000
 41
0.7
 72
1
 11
444.4000000000001
 21
-252.0
 31
0.0
100
AcDbText
 73
2
  0
TEXT
  5
37D
330
17
100
AcDbEntity
  8
IP坐标表
100
AcDbText
 10
454.4500000000001
 20
-252.0
 30
0.0
 40
2.2
  1
0.000
 41
0.7
 72
1
 11
454.4500000000001
 21
-252.0
 31
0.0
100
AcDbText
 73
2
  0
TEXT
  5
37E
330
17
100
AcDbEntity
  8
IP坐标表
100
AcDbText
 10
464.5000000000001
 20
-252.0
 30
0.0
 40
2.2
  1
0.000
 41
0.7
 72
1
 11
464.5000000000001
 21
-252.0
 31
0.0
100
AcDbText
 73
2
  0
TEXT
  5
37F
330
17
100
AcDbEntity
  8
IP坐标表
100
AcDbText
 10
476.8000000000001
 20
-252.0
 30
0.0
 40
2.2
  1
-
 41
0.7
 72
1
 11
476.8000000000001
 21
-252.0
 31
0.0
100
AcDbText
 73
2
  0
TEXT
  5
380
330
17
100
AcDbEntity
  8
IP坐标表
100
AcDbText
 10
493.0500000000001
 20
-252.0
 30
0.0
 40
2.2
  1
353.518
 41
0.7
 72
1
 11
493.0500000000001
 21
-252.0
 31
0.0
100
AcDbText
 73
2
  0
TEXT
  5
381
330
17
100
AcDbEntity
  8
IP坐标表
100
AcDbText
 10
319.82000000000005
 20
-258.0
 30
0.0
 40
2.2
  1
蒲支IP11
 41
0.7
 72
1
 11
319.82000000000005
 21
-258.0
 31
0.0
100
AcDbText
 73
2
  0
TEXT
  5
382
330
17
100
AcDbEntity
  8
IP坐标表
100
AcDbText
 10
337.12
 20
-258.0
 30
0.0
 40
2.2
  1
625579.432000
 41
0.7
 72
1
 11
337.12
 21
-258.0
 31
0.0
100
AcDbText
 73
2
  0
TEXT
  5
383
330
17
100
AcDbEntity
  8
IP坐标表
100
AcDbText
 10
357.94000000000005
 20
-258.0
 30
0.0
 40
2.2
  1
3451984.985000
 41
0.7
 72
1
 11
357.94000000000005
 21
-258.0
 31
0.0
100
AcDbText
 73
2
  0
TEXT
  5
384
330
17
100
AcDbEntity
  8
IP坐标表
100
AcDbText
 10
378.68000000000006
 20
-258.0
 30
0.0
 40
2.2
  1
蒲支0+341.02
 41
0.7
 72
1
 11
378.68000000000006
 21
-258.0
 31
0.0
100
AcDbText
 73
2
  0
TEXT
  5
385
330
17
100
AcDbEntity
  8
IP坐标表
100
AcDbText
 10
398.68000000000006
 20
-258.0
 30
0.0
 40
2.2
  1
蒲支0+341.02
 41
0.7
 72
1
 11
398.68000000000006
 21
-258.0
 31
0.0
100
AcDbText
 73
2
  0
TEXT
  5
386
330
17
100
AcDbEntity
  8
IP坐标表
100
AcDbText
 10
418.68000000000006
 20
-258.0
 30
0.0
 40
2.2
  1
蒲支0+341.02
 41
0.7
 72
1
 11
418.68000000000006
 21
-258.0
 31
0.0
100
AcDbText
 73
2
  0
TEXT
  5
387
330
17
100
AcDbEntity
  8
IP坐标表
100
AcDbText
 10
434.1400000000001
 20
-258.0
 30
0.0
 40
2.2
  1
41.178
 41
0.7
 72
1
 11
434.1400000000001
 21
-258.0
 31
0.0
100
AcDbText
 73
2
  0
TEXT
  5
388
330
17
100
AcDbEntity
  8
IP坐标表
100
AcDbText
 10
444.4000000000001
 20
-258.0
 30
0.0
 40
2.2
  1
0.000
 41
0.7
 72
1
 11
444.4000000000001
 21
-258.0
 31
0.0
100
AcDbText
 73
2
  0
TEXT
  5
389
330
17
100
AcDbEntity
  8
IP坐标表
100
AcDbText
 10
454.4500000000001
 20
-258.0
 30
0.0
 40
2.2
  1
0.000
 41
0.7
 72
1
 11
454.4500000000001
 21
-258.0
 31
0.0
100
AcDbText
 73
2
  0
TEXT
  5
38A
330
17
100
AcDbEntity
  8
IP坐标表
100
AcDbText
 10
464.5000000000001
 20
-258.0
 30
0.0
 40
2.2
  1
0.000
 41
0.7
 72
1
 11
464.5000000000001
 21
-258.0
 31
0.0
100
AcDbText
 73
2
  0
TEXT
  5
38B
330
17
100
AcDbEntity
  8
IP坐标表
100
AcDbText
 10
476.8000000000001
 20
-258.0
 30
0.0
 40
2.2
  1
-
 41
0.7
 72
1
 11
476.8000000000001
 21
-258.0
 31
0.0
100
AcDbText
 73
2
  0
TEXT
  5
38C
330
17
100
AcDbEntity
  8
IP坐标表
100
AcDbText
 10
493.0500000000001
 20
-258.0
 30
0.0
 40
2.2
  1
353.491
 41
0.7
 72
1
 11
493.0500000000001
 21
-258.0
 31
0.0
100
AcDbText
 73
2
  0
TEXT
  5
38D
330
17
100
AcDbEntity
  8
IP坐标表
100
AcDbText
 10
319.82000000000005
 20
-264.0
 30
0.0
 40
2.2
  1
蒲支IP12
 41
0.7
 72
1
 11
319.82000000000005
 21
-264.0
 31
0.0
100
AcDbText
 73
2
  0
TEXT
  5
38E
330
17
100
AcDbEntity
  8
IP坐标表
100
AcDbText
 10
337.12
 20
-264.0
 30
0.0
 40
2.2
  1
625540.806000
 41
0.7
 72
1
 11
337.12
 21
-264.0
 31
0.0
100
AcDbText
 73
2
  0
TEXT
  5
38F
330
17
100
AcDbEntity
  8
IP坐标表
100
AcDbText
 10
357.94000000000005
 20
-264.0
 30
0.0
 40
2.2
  1
3452013.553000
 41
0.7
 72
1
 11
357.94000000000005
 21
-264.0
 31
0.0
100
AcDbText
 73
2
  0
TEXT
  5
390
330
17
100
AcDbEntity
  8
IP坐标表
100
AcDbText
 10
378.68000000000006
 20
-264.0
 30
0.0
 40
2.2
  1
蒲支0+389.06
 41
0.7
 72
1
 11
378.68000000000006
 21
-264.0
 31
0.0
100
AcDbText
 73
2
  0
TEXT
  5
391
330
17
100
AcDbEntity
  8
IP坐标表
100
AcDbText
 10
398.68000000000006
 20
-264.0
 30
0.0
 40
2.2
  1
蒲支0+389.06
 41
0.7
 72
1
 11
398.68000000000006
 21
-264.0
 31
0.0
100
AcDbText
 73
2
  0
TEXT
  5
392
330
17
100
AcDbEntity
  8
IP坐标表
100
AcDbText
 10
418.68000000000006
 20
-264.0
 30
0.0
 40
2.2
  1
蒲支0+389.06
 41
0.7
 72
1
 11
418.68000000000006
 21
-264.0
 31
0.0
100
AcDbText
 73
2
  0
TEXT
  5
393
330
17
100
AcDbEntity
  8
IP坐标表
100
AcDbText
 10
434.1400000000001
 20
-264.0
 30
0.0
 40
2.2
  1
33.363
 41
0.7
 72
1
 11
434.1400000000001
 21
-264.0
 31
0.0
100
AcDbText
 73
2
  0
TEXT
  5
394
330
17
100
AcDbEntity
  8
IP坐标表
100
AcDbText
 10
444.4000000000001
 20
-264.0
 30
0.0
 40
2.2
  1
0.000
 41
0.7
 72
1
 11
444.4000000000001
 21
-264.0
 31
0.0
100
AcDbText
 73
2
  0
TEXT
  5
395
330
17
100
AcDbEntity
  8
IP坐标表
100
AcDbText
 10
454.4500000000001
 20
-264.0
 30
0.0
 40
2.2
  1
0.000
 41
0.7
 72
1
 11
454.4500000000001
 21
-264.0
 31
0.0
100
AcDbText
 73
2
  0
TEXT
  5
396
330
17
100
AcDbEntity
  8
IP坐标表
100
AcDbText
 10
464.5000000000001
 20
-264.0
 30
0.0
 40
2.2
  1
0.000
 41
0.7
 72
1
 11
464.5000000000001
 21
-264.0
 31
0.0
100
AcDbText
 73
2
  0
TEXT
  5
397
330
17
100
AcDbEntity
  8
IP坐标表
100
AcDbText
 10
476.8000000000001
 20
-264.0
 30
0.0
 40
2.2
  1
-
 41
0.7
 72
1
 11
476.8000000000001
 21
-264.0
 31
0.0
100
AcDbText
 73
2
  0
TEXT
  5
398
330
17
100
AcDbEntity
  8
IP坐标表
100
AcDbText
 10
493.0500000000001
 20
-264.0
 30
0.0
 40
2.2
  1
353.424
 41
0.7
 72
1
 11
493.0500000000001
 21
-264.0
 31
0.0
100
AcDbText
 73
2
  0
TEXT
  5
399
330
17
100
AcDbEntity
  8
IP坐标表
100
AcDbText
 10
319.82000000000005
 20
-270.0
 30
0.0
 40
2.2
  1
蒲支IP13
 41
0.7
 72
1
 11
319.82000000000005
 21
-270.0
 31
0.0
100
AcDbText
 73
2
  0
TEXT
  5
39A
330
17
100
AcDbEntity
  8
IP坐标表
100
AcDbText
 10
337.12
 20
-270.0
 30
0.0
 40
2.2
  1
625427.049000
 41
0.7
 72
1
 11
337.12
 21
-270.0
 31
0.0
100
AcDbText
 73
2
  0
TEXT
  5
39B
330
17
100
AcDbEntity
  8
IP坐标表
100
AcDbText
 10
357.94000000000005
 20
-270.0
 30
0.0
 40
2.2
  1
3452019.762000
 41
0.7
 72
1
 11
357.94000000000005
 21
-270.0
 31
0.0
100
AcDbText
 73
2
  0
TEXT
  5
39C
330
17
100
AcDbEntity
  8
IP坐标表
100
AcDbText
 10
378.68000000000006
 20
-270.0
 30
0.0
 40
2.2
  1
蒲支0+502.99
 41
0.7
 72
1
 11
378.68000000000006
 21
-270.0
 31
0.0
100
AcDbText
 73
2
  0
TEXT
  5
39D
330
17
100
AcDbEntity
  8
IP坐标表
100
AcDbText
 10
398.68000000000006
 20
-270.0
 30
0.0
 40
2.2
  1
蒲支0+502.99
 41
0.7
 72
1
 11
398.68000000000006
 21
-270.0
 31
0.0
100
AcDbText
 73
2
  0
TEXT
  5
39E
330
17
100
AcDbEntity
  8
IP坐标表
100
AcDbText
 10
418.68000000000006
 20
-270.0
 30
0.0
 40
2.2
  1
蒲支0+502.99
 41
0.7
 72
1
 11
418.68000000000006
 21
-270.0
 31
0.0
100
AcDbText
 73
2
  0
TEXT
  5
39F
330
17
100
AcDbEntity
  8
IP坐标表
100
AcDbText
 10
434.1400000000001
 20
-270.0
 30
0.0
 40
2.2
  1
19.183
 41
0.7
 72
1
 11
434.1400000000001
 21
-270.0
 31
0.0
100
AcDbText
 73
2
  0
TEXT
  5
3A0
330
17
100
AcDbEntity
  8
IP坐标表
100
AcDbText
 10
444.4000000000001
 20
-270.0
 30
0.0
 40
2.2
  1
0.000
 41
0.7
 72
1
 11
444.4000000000001
 21
-270.0
 31
0.0
100
AcDbText
 73
2
  0
TEXT
  5
3A1
330
17
100
AcDbEntity
  8
IP坐标表
100
AcDbText
 10
454.4500000000001
 20
-270.0
 30
0.0
 40
2.2
  1
0.000
 41
0.7
 72
1
 11
454.4500000000001
 21
-270.0
 31
0.0
100
AcDbText
 73
2
  0
TEXT
  5
3A2
330
17
100
AcDbEntity
  8
IP坐标表
100
AcDbText
 10
464.5000000000001
 20
-270.0
 30
0.0
 40
2.2
  1
0.000
 41
0.7
 72
1
 11
464.5000000000001
 21
-270.0
 31
0.0
100
AcDbText
 73
2
  0
TEXT
  5
3A3
330
17
100
AcDbEntity
  8
IP坐标表
100
AcDbText
 10
476.8000000000001
 20
-270.0
 30
0.0
 40
2.2
  1
-
 41
0.7
 72
1
 11
476.8000000000001
 21
-270.0
 31
0.0
100
AcDbText
 73
2
  0
TEXT
  5
3A4
330
17
100
AcDbEntity
  8
IP坐标表
100
AcDbText
 10
493.0500000000001
 20
-270.0
 30
0.0
 40
2.2
  1
353.272
 41
0.7
 72
1
 11
493.0500000000001
 21
-270.0
 31
0.0
100
AcDbText
 73
2
  0
TEXT
  5
3A5
330
17
100
AcDbEntity
  8
IP坐标表
100
AcDbText
 10
319.82000000000005
 20
-276.0
 30
0.0
 40
2.2
  1
蒲支IP14
 41
0.7
 72
1
 11
319.82000000000005
 21
-276.0
 31
0.0
100
AcDbText
 73
2
  0
TEXT
  5
3A6
330
17
100
AcDbEntity
  8
IP坐标表
100
AcDbText
 10
337.12
 20
-276.0
 30
0.0
 40
2.2
  1
625329.360000
 41
0.7
 72
1
 11
337.12
 21
-276.0
 31
0.0
100
AcDbText
 73
2
  0
TEXT
  5
3A7
330
17
100
AcDbEntity
  8
IP坐标表
100
AcDbText
 10
357.94000000000005
 20
-276.0
 30
0.0
 40
2.2
  1
3451991.642000
 41
0.7
 72
1
 11
357.94000000000005
 21
-276.0
 31
0.0
100
AcDbText
 73
2
  0
TEXT
  5
3A8
330
17
100
AcDbEntity
  8
IP坐标表
100
AcDbText
 10
378.68000000000006
 20
-276.0
 30
0.0
 40
2.2
  1
蒲支0+604.64
 41
0.7
 72
1
 11
378.68000000000006
 21
-276.0
 31
0.0
100
AcDbText
 73
2
  0
TEXT
  5
3A9
330
17
100
AcDbEntity
  8
IP坐标表
100
AcDbText
 10
398.68000000000006
 20
-276.0
 30
0.0
 40
2.2
  1
蒲支0+604.64
 41
0.7
 72
1
 11
398.68000000000006
 21
-276.0
 31
0.0
100
AcDbText
 73
2
  0
TEXT
  5
3AA
330
17
100
AcDbEntity
  8
IP坐标表
100
AcDbText
 10
418.68000000000006
 20
-276.0
 30
0.0
 40
2.2
  1
蒲支0+604.64
 41
0.7
 72
1
 11
418.68000000000006
 21
-276.0
 31
0.0
100
AcDbText
 73
2
  0
TEXT
  5
3AB
330
17
100
AcDbEntity
  8
IP坐标表
100
AcDbText
 10
434.1400000000001
 20
-276.0
 30
0.0
 40
2.2
  1
10.934
 41
0.7
 72
1
 11
434.1400000000001
 21
-276.0
 31
0.0
100
AcDbText
 73
2
  0
TEXT
  5
3AC
330
17
100
AcDbEntity
  8
IP坐标表
100
AcDbText
 10
444.4000000000001
 20
-276.0
 30
0.0
 40
2.2
  1
0.000
 41
0.7
 72
1
 11
444.4000000000001
 21
-276.0
 31
0.0
100
AcDbText
 73
2
  0
TEXT
  5
3AD
330
17
100
AcDbEntity
  8
IP坐标表
100
AcDbText
 10
454.4500000000001
 20
-276.0
 30
0.0
 40
2.2
  1
0.000
 41
0.7
 72
1
 11
454.4500000000001
 21
-276.0
 31
0.0
100
AcDbText
 73
2
  0
TEXT
  5
3AE
330
17
100
AcDbEntity
  8
IP坐标表
100
AcDbText
 10
464.5000000000001
 20
-276.0
 30
0.0
 40
2.2
  1
0.000
 41
0.7
 72
1
 11
464.5000000000001
 21
-276.0
 31
0.0
100
AcDbText
 73
2
  0
TEXT
  5
3AF
330
17
100
AcDbEntity
  8
IP坐标表
100
AcDbText
 10
476.8000000000001
 20
-276.0
 30
0.0
 40
2.2
  1
-
 41
0.7
 72
1
 11
476.8000000000001
 21
-276.0
 31
0.0
100
AcDbText
 73
2
  0
TEXT
  5
3B0
330
17
100
AcDbEntity
  8
IP坐标表
100
AcDbText
 10
493.0500000000001
 20
-276.0
 30
0.0
 40
2.2
  1
353.137
 41
0.7
 72
1
 11
493.0500000000001
 21
-276.0
 31
0.0
100
AcDbText
 73
2
  0
TEXT
  5
3B1
330
17
100
AcDbEntity
  8
IP坐标表
100
AcDbText
 10
319.82000000000005
 20
-282.0
 30
0.0
 40
2.2
  1
蒲支IP15
 41
0.7
 72
1
 11
319.82000000000005
 21
-282.0
 31
0.0
100
AcDbText
 73
2
  0
TEXT
  5
3B2
330
17
100
AcDbEntity
  8
IP坐标表
100
AcDbText
 10
337.12
 20
-282.0
 30
0.0
 40
2.2
  1
625288.641000
 41
0.7
 72
1
 11
337.12
 21
-282.0
 31
0.0
100
AcDbText
 73
2
  0
TEXT
  5
3B3
330
17
100
AcDbEntity
  8
IP坐标表
100
AcDbText
 10
357.94000000000005
 20
-282.0
 30
0.0
 40
2.2
  1
3451987.990000
 41
0.7
 72
1
 11
357.94000000000005
 21
-282.0
 31
0.0
100
AcDbText
 73
2
  0
TEXT
  5
3B4
330
17
100
AcDbEntity
  8
IP坐标表
100
AcDbText
 10
378.68000000000006
 20
-282.0
 30
0.0
 40
2.2
  1
蒲支0+645.53
 41
0.7
 72
1
 11
378.68000000000006
 21
-282.0
 31
0.0
100
AcDbText
 73
2
  0
TEXT
  5
3B5
330
17
100
AcDbEntity
  8
IP坐标表
100
AcDbText
 10
398.68000000000006
 20
-282.0
 30
0.0
 40
2.2
  1
蒲支0+645.53
 41
0.7
 72
1
 11
398.68000000000006
 21
-282.0
 31
0.0
100
AcDbText
 73
2
  0
TEXT
  5
3B6
330
17
100
AcDbEntity
  8
IP坐标表
100
AcDbText
 10
418.68000000000006
 20
-282.0
 30
0.0
 40
2.2
  1
蒲支0+645.53
 41
0.7
 72
1
 11
418.68000000000006
 21
-282.0
 31
0.0
100
AcDbText
 73
2
  0
TEXT
  5
3B7
330
17
100
AcDbEntity
  8
IP坐标表
100
AcDbText
 10
434.1400000000001
 20
-282.0
 30
0.0
 40
2.2
  1
45.400
 41
0.7
 72
1
 11
434.1400000000001
 21
-282.0
 31
0.0
100
AcDbText
 73
2
  0
TEXT
  5
3B8
330
17
100
AcDbEntity
  8
IP坐标表
100
AcDbText
 10
444.4000000000001
 20
-282.0
 30
0.0
 40
2.2
  1
0.000
 41
0.7
 72
1
 11
444.4000000000001
 21
-282.0
 31
0.0
100
AcDbText
 73
2
  0
TEXT
  5
3B9
330
17
100
AcDbEntity
  8
IP坐标表
100
AcDbText
 10
454.4500000000001
 20
-282.0
 30
0.0
 40
2.2
  1
0.000
 41
0.7
 72
1
 11
454.4500000000001
 21
-282.0
 31
0.0
100
AcDbText
 73
2
  0
TEXT
  5
3BA
330
17
100
AcDbEntity
  8
IP坐标表
100
AcDbText
 10
464.5000000000001
 20
-282.0
 30
0.0
 40
2.2
  1
0.000
 41
0.7
 72
1
 11
464.5000000000001
 21
-282.0
 31
0.0
100
AcDbText
 73
2
  0
TEXT
  5
3BB
330
17
100
AcDbEntity
  8
IP坐标表
100
AcDbText
 10
476.8000000000001
 20
-282.0
 30
0.0
 40
2.2
  1
-
 41
0.7
 72
1
 11
476.8000000000001
 21
-282.0
 31
0.0
100
AcDbText
 73
2
  0
TEXT
  5
3BC
330
17
100
AcDbEntity
  8
IP坐标表
100
AcDbText
 10
493.0500000000001
 20
-282.0
 30
0.0
 40
2.2
  1
353.074
 41
0.7
 72
1
 11
493.0500000000001
 21
-282.0
 31
0.0
100
AcDbText
 73
2
  0
TEXT
  5
3BD
330
17
100
AcDbEntity
  8
IP坐标表
100
AcDbText
 10
319.82000000000005
 20
-288.0
 30
0.0
 40
2.2
  1
罗家湾隧进
 41
0.7
 72
1
 11
319.82000000000005
 21
-288.0
 31
0.0
100
AcDbText
 73
2
  0
TEXT
  5
3BE
330
17
100
AcDbEntity
  8
IP坐标表
100
AcDbText
 10
337.12
 20
-288.0
 30
0.0
 40
2.2
  1
625178.860000
 41
0.7
 72
1
 11
337.12
 21
-288.0
 31
0.0
100
AcDbText
 73
2
  0
TEXT
  5
3BF
330
17
100
AcDbEntity
  8
IP坐标表
100
AcDbText
 10
357.94000000000005
 20
-288.0
 30
0.0
 40
2.2
  1
3452081.008000
 41
0.7
 72
1
 11
357.94000000000005
 21
-288.0
 31
0.0
100
AcDbText
 73
2
  0
TEXT
  5
3C0
330
17
100
AcDbEntity
  8
IP坐标表
100
AcDbText
 10
378.68000000000006
 20
-288.0
 30
0.0
 40
2.2
  1
蒲支0+789.41
 41
0.7
 72
1
 11
378.68000000000006
 21
-288.0
 31
0.0
100
AcDbText
 73
2
  0
TEXT
  5
3C1
330
17
100
AcDbEntity
  8
IP坐标表
100
AcDbText
 10
398.68000000000006
 20
-288.0
 30
0.0
 40
2.2
  1
蒲支0+789.41
 41
0.7
 72
1
 11
398.68000000000006
 21
-288.0
 31
0.0
100
AcDbText
 73
2
  0
TEXT
  5
3C2
330
17
100
AcDbEntity
  8
IP坐标表
100
AcDbText
 10
418.68000000000006
 20
-288.0
 30
0.0
 40
2.2
  1
蒲支0+789.41
 41
0.7
 72
1
 11
418.68000000000006
 21
-288.0
 31
0.0
100
AcDbText
 73
2
  0
TEXT
  5
3C3
330
17
100
AcDbEntity
  8
IP坐标表
100
AcDbText
 10
434.1400000000001
 20
-288.0
 30
0.0
 40
2.2
  1
31.104
 41
0.7
 72
1
 11
434.1400000000001
 21
-288.0
 31
0.0
100
AcDbText
 73
2
  0
TEXT
  5
3C4
330
17
100
AcDbEntity
  8
IP坐标表
100
AcDbText
 10
444.4000000000001
 20
-288.0
 30
0.0
 40
2.2
  1
0.000
 41
0.7
 72
1
 11
444.4000000000001
 21
-288.0
 31
0.0
100
AcDbText
 73
2
  0
TEXT
  5
3C5
330
17
100
AcDbEntity
  8
IP坐标表
100
AcDbText
 10
454.4500000000001
 20
-288.0
 30
0.0
 40
2.2
  1
0.000
 41
0.7
 72
1
 11
454.4500000000001
 21
-288.0
 31
0.0
100
AcDbText
 73
2
  0
TEXT
  5
3C6
330
17
100
AcDbEntity
  8
IP坐标表
100
AcDbText
 10
464.5000000000001
 20
-288.0
 30
0.0
 40
2.2
  1
0.000
 41
0.7
 72
1
 11
464.5000000000001
 21
-288.0
 31
0.0
100
AcDbText
 73
2
  0
TEXT
  5
3C7
330
17
100
AcDbEntity
  8
IP坐标表
100
AcDbText
 10
476.8000000000001
 20
-288.0
 30
0.0
 40
2.2
  1
352.667
 41
0.7
 72
1
 11
476.8000000000001
 21
-288.0
 31
0.0
100
AcDbText
 73
2
  0
TEXT
  5
3C8
330
17
100
AcDbEntity
  8
IP坐标表
100
AcDbText
 10
493.0500000000001
 20
-288.0
 30
0.0
 40
2.2
  1
352.880
 41
0.7
 72
1
 11
493.0500000000001
 21
-288.0
 31
0.0
100
AcDbText
 73
2
  0
TEXT
  5
3C9
330
17
100
AcDbEntity
  8
IP坐标表
100
AcDbText
 10
319.82000000000005
 20
-294.0
 30
0.0
 40
2.2
  1
罗家湾隧出
 41
0.7
 72
1
 11
319.82000000000005
 21
-294.0
 31
0.0
100
AcDbText
 73
2
  0
TEXT
  5
3CA
330
17
100
AcDbEntity
  8
IP坐标表
100
AcDbText
 10
337.12
 20
-294.0
 30
0.0
 40
2.2
  1
623319.241000
 41
0.7
 72
1
 11
337.12
 21
-294.0
 31
0.0
100
AcDbText
 73
2
  0
TEXT
  5
3CB
330
17
100
AcDbEntity
  8
IP坐标表
100
AcDbText
 10
357.94000000000005
 20
-294.0
 30
0.0
 40
2.2
  1
3452381.242000
 41
0.7
 72
1
 11
357.94000000000005
 21
-294.0
 31
0.0
100
AcDbText
 73
2
  0
TEXT
  5
3CC
330
17
100
AcDbEntity
  8
IP坐标表
100
AcDbText
 10
378.68000000000006
 20
-294.0
 30
0.0
 40
2.2
  1
蒲支2+673.11
 41
0.7
 72
1
 11
378.68000000000006
 21
-294.0
 31
0.0
100
AcDbText
 73
2
  0
TEXT
  5
3CD
330
17
100
AcDbEntity
  8
IP坐标表
100
AcDbText
 10
398.68000000000006
 20
-294.0
 30
0.0
 40
2.2
  1
蒲支2+673.11
 41
0.7
 72
1
 11
398.68000000000006
 21
-294.0
 31
0.0
100
AcDbText
 73
2
  0
TEXT
  5
3CE
330
17
100
AcDbEntity
  8
IP坐标表
100
AcDbText
 10
418.68000000000006
 20
-294.0
 30
0.0
 40
2.2
  1
蒲支2+673.11
 41
0.7
 72
1
 11
418.68000000000006
 21
-294.0
 31
0.0
100
AcDbText
 73
2
  0
TEXT
  5
3CF
330
17
100
AcDbEntity
  8
IP坐标表
100
AcDbText
 10
434.1400000000001
 20
-294.0
 30
0.0
 40
2.2
  1
25.865
 41
0.7
 72
1
 11
434.1400000000001
 21
-294.0
 31
0.0
100
AcDbText
 73
2
  0
TEXT
  5
3D0
330
17
100
AcDbEntity
  8
IP坐标表
100
AcDbText
 10
444.4000000000001
 20
-294.0
 30
0.0
 40
2.2
  1
0.000
 41
0.7
 72
1
 11
444.4000000000001
 21
-294.0
 31
0.0
100
AcDbText
 73
2
  0
TEXT
  5
3D1
330
17
100
AcDbEntity
  8
IP坐标表
100
AcDbText
 10
454.4500000000001
 20
-294.0
 30
0.0
 40
2.2
  1
0.000
 41
0.7
 72
1
 11
454.4500000000001
 21
-294.0
 31
0.0
100
AcDbText
 73
2
  0
TEXT
  5
3D2
330
17
100
AcDbEntity
  8
IP坐标表
100
AcDbText
 10
464.5000000000001
 20
-294.0
 30
0.0
 40
2.2
  1
0.000
 41
0.7
 72
1
 11
464.5000000000001
 21
-294.0
 31
0.0
100
AcDbText
 73
2
  0
TEXT
  5
3D3
330
17
100
AcDbEntity
  8
IP坐标表
100
AcDbText
 10
476.8000000000001
 20
-294.0
 30
0.0
 40
2.2
  1
351.725
 41
0.7
 72
1
 11
476.8000000000001
 21
-294.0
 31
0.0
100
AcDbText
 73
2
  0
TEXT
  5
3D4
330
17
100
AcDbEntity
  8
IP坐标表
100
AcDbText
 10
493.0500000000001
 20
-294.0
 30
0.0
 40
2.2
  1
351.938
 41
0.7
 72
1
 11
493.0500000000001
 21
-294.0
 31
0.0
100
AcDbText
 73
2
  0
TEXT
  5
3D5
330
17
100
AcDbEntity
  8
IP坐标表
100
AcDbText
 10
319.82000000000005
 20
-300.0
 30
0.0
 40
2.2
  1
蒲支IP16
 41
0.7
 72
1
 11
319.82000000000005
 21
-300.0
 31
0.0
100
AcDbText
 73
2
  0
TEXT
  5
3D6
330
17
100
AcDbEntity
  8
IP坐标表
100
AcDbText
 10
337.12
 20
-300.0
 30
0.0
 40
2.2
  1
623264.652000
 41
0.7
 72
1
 11
337.12
 21
-300.0
 31
0.0
100
AcDbText
 73
2
  0
TEXT
  5
3D7
330
17
100
AcDbEntity
  8
IP坐标表
100
AcDbText
 10
357.94000000000005
 20
-300.0
 30
0.0
 40
2.2
  1
3452419.517000
 41
0.7
 72
1
 11
357.94000000000005
 21
-300.0
 31
0.0
100
AcDbText
 73
2
  0
TEXT
  5
3D8
330
17
100
AcDbEntity
  8
IP坐标表
100
AcDbText
 10
378.68000000000006
 20
-300.0
 30
0.0
 40
2.2
  1
蒲支2+739.78
 41
0.7
 72
1
 11
378.68000000000006
 21
-300.0
 31
0.0
100
AcDbText
 73
2
  0
TEXT
  5
3D9
330
17
100
AcDbEntity
  8
IP坐标表
100
AcDbText
 10
398.68000000000006
 20
-300.0
 30
0.0
 40
2.2
  1
蒲支2+739.78
 41
0.7
 72
1
 11
398.68000000000006
 21
-300.0
 31
0.0
100
AcDbText
 73
2
  0
TEXT
  5
3DA
330
17
100
AcDbEntity
  8
IP坐标表
100
AcDbText
 10
418.68000000000006
 20
-300.0
 30
0.0
 40
2.2
  1
蒲支2+739.78
 41
0.7
 72
1
 11
418.68000000000006
 21
-300.0
 31
0.0
100
AcDbText
 73
2
  0
TEXT
  5
3DB
330
17
100
AcDbEntity
  8
IP坐标表
100
AcDbText
 10
434.1400000000001
 20
-300.0
 30
0.0
 40
2.2
  1
0.002
 41
0.7
 72
1
 11
434.1400000000001
 21
-300.0
 31
0.0
100
AcDbText
 73
2
  0
TEXT
  5
3DC
330
17
100
AcDbEntity
  8
IP坐标表
100
AcDbText
 10
444.4000000000001
 20
-300.0
 30
0.0
 40
2.2
  1
0.000
 41
0.7
 72
1
 11
444.4000000000001
 21
-300.0
 31
0.0
100
AcDbText
 73
2
  0
TEXT
  5
3DD
330
17
100
AcDbEntity
  8
IP坐标表
100
AcDbText
 10
454.4500000000001
 20
-300.0
 30
0.0
 40
2.2
  1
0.000
 41
0.7
 72
1
 11
454.4500000000001
 21
-300.0
 31
0.0
100
AcDbText
 73
2
  0
TEXT
  5
3DE
330
17
100
AcDbEntity
  8
IP坐标表
100
AcDbText
 10
464.5000000000001
 20
-300.0
 30
0.0
 40
2.2
  1
0.000
 41
0.7
 72
1
 11
464.5000000000001
 21
-300.0
 31
0.0
100
AcDbText
 73
2
  0
TEXT
  5
3DF
330
17
100
AcDbEntity
  8
IP坐标表
100
AcDbText
 10
476.8000000000001
 20
-300.0
 30
0.0
 40
2.2
  1
-
 41
0.7
 72
1
 11
476.8000000000001
 21
-300.0
 31
0.0
100
AcDbText
 73
2
  0
TEXT
  5
3E0
330
17
100
AcDbEntity
  8
IP坐标表
100
AcDbText
 10
493.0500000000001
 20
-300.0
 30
0.0
 40
2.2
  1
351.860
 41
0.7
 72
1
 11
493.0500000000001
 21
-300.0
 31
0.0
100
AcDbText
 73
2
  0
TEXT
  5
3E1
330
17
100
AcDbEntity
  8
IP坐标表
100
AcDbText
 10
319.82000000000005
 20
-306.0
 30
0.0
 40
2.2
  1
蒲支IP17
 41
0.7
 72
1
 11
319.82000000000005
 21
-306.0
 31
0.0
100
AcDbText
 73
2
  0
TEXT
  5
3E2
330
17
100
AcDbEntity
  8
IP坐标表
100
AcDbText
 10
337.12
 20
-306.0
 30
0.0
 40
2.2
  1
623238.927000
 41
0.7
 72
1
 11
337.12
 21
-306.0
 31
0.0
100
AcDbText
 73
2
  0
TEXT
  5
3E3
330
17
100
AcDbEntity
  8
IP坐标表
100
AcDbText
 10
357.94000000000005
 20
-306.0
 30
0.0
 40
2.2
  1
3452437.553000
 41
0.7
 72
1
 11
357.94000000000005
 21
-306.0
 31
0.0
100
AcDbText
 73
2
  0
TEXT
  5
3E4
330
17
100
AcDbEntity
  8
IP坐标表
100
AcDbText
 10
378.68000000000006
 20
-306.0
 30
0.0
 40
2.2
  1
蒲支2+771.20
 41
0.7
 72
1
 11
378.68000000000006
 21
-306.0
 31
0.0
100
AcDbText
 73
2
  0
TEXT
  5
3E5
330
17
100
AcDbEntity
  8
IP坐标表
100
AcDbText
 10
398.68000000000006
 20
-306.0
 30
0.0
 40
2.2
  1
蒲支2+771.20
 41
0.7
 72
1
 11
398.68000000000006
 21
-306.0
 31
0.0
100
AcDbText
 73
2
  0
TEXT
  5
3E6
330
17
100
AcDbEntity
  8
IP坐标表
100
AcDbText
 10
418.68000000000006
 20
-306.0
 30
0.0
 40
2.2
  1
蒲支2+771.20
 41
0.7
 72
1
 11
418.68000000000006
 21
-306.0
 31
0.0
100
AcDbText
 73
2
  0
TEXT
  5
3E7
330
17
100
AcDbEntity
  8
IP坐标表
100
AcDbText
 10
434.1400000000001
 20
-306.0
 30
0.0
 40
2.2
  1
0.001
 41
0.7
 72
1
 11
434.1400000000001
 21
-306.0
 31
0.0
100
AcDbText
 73
2
  0
TEXT
  5
3E8
330
17
100
AcDbEntity
  8
IP坐标表
100
AcDbText
 10
444.4000000000001
 20
-306.0
 30
0.0
 40
2.2
  1
0.000
 41
0.7
 72
1
 11
444.4000000000001
 21
-306.0
 31
0.0
100
AcDbText
 73
2
  0
TEXT
  5
3E9
330
17
100
AcDbEntity
  8
IP坐标表
100
AcDbText
 10
454.4500000000001
 20
-306.0
 30
0.0
 40
2.2
  1
0.000
 41
0.7
 72
1
 11
454.4500000000001
 21
-306.0
 31
0.0
100
AcDbText
 73
2
  0
TEXT
  5
3EA
330
17
100
AcDbEntity
  8
IP坐标表
100
AcDbText
 10
464.5000000000001
 20
-306.0
 30
0.0
 40
2.2
  1
0.000
 41
0.7
 72
1
 11
464.5000000000001
 21
-306.0
 31
0.0
100
AcDbText
 73
2
  0
TEXT
  5
3EB
330
17
100
AcDbEntity
  8
IP坐标表
100
AcDbText
 10
476.8000000000001
 20
-306.0
 30
0.0
 40
2.2
  1
-
 41
0.7
 72
1
 11
476.8000000000001
 21
-306.0
 31
0.0
100
AcDbText
 73
2
  0
TEXT
  5
3EC
330
17
100
AcDbEntity
  8
IP坐标表
100
AcDbText
 10
493.0500000000001
 20
-306.0
 30
0.0
 40
2.2
  1
351.823
 41
0.7
 72
1
 11
493.0500000000001
 21
-306.0
 31
0.0
100
AcDbText
 73
2
  0
TEXT
  5
3ED
330
17
100
AcDbEntity
  8
IP坐标表
100
AcDbText
 10
319.82000000000005
 20
-312.0
 30
0.0
 40
2.2
  1
蒲支IP18
 41
0.7
 72
1
 11
319.82000000000005
 21
-312.0
 31
0.0
100
AcDbText
 73
2
  0
TEXT
  5
3EE
330
17
100
AcDbEntity
  8
IP坐标表
100
AcDbText
 10
337.12
 20
-312.0
 30
0.0
 40
2.2
  1
623221.283000
 41
0.7
 72
1
 11
337.12
 21
-312.0
 31
0.0
100
AcDbText
 73
2
  0
TEXT
  5
3EF
330
17
100
AcDbEntity
  8
IP坐标表
100
AcDbText
 10
357.94000000000005
 20
-312.0
 30
0.0
 40
2.2
  1
3452449.924000
 41
0.7
 72
1
 11
357.94000000000005
 21
-312.0
 31
0.0
100
AcDbText
 73
2
  0
TEXT
  5
3F0
330
17
100
AcDbEntity
  8
IP坐标表
100
AcDbText
 10
378.68000000000006
 20
-312.0
 30
0.0
 40
2.2
  1
蒲支2+792.75
 41
0.7
 72
1
 11
378.68000000000006
 21
-312.0
 31
0.0
100
AcDbText
 73
2
  0
TEXT
  5
3F1
330
17
100
AcDbEntity
  8
IP坐标表
100
AcDbText
 10
398.68000000000006
 20
-312.0
 30
0.0
 40
2.2
  1
蒲支2+792.75
 41
0.7
 72
1
 11
398.68000000000006
 21
-312.0
 31
0.0
100
AcDbText
 73
2
  0
TEXT
  5
3F2
330
17
100
AcDbEntity
  8
IP坐标表
100
AcDbText
 10
418.68000000000006
 20
-312.0
 30
0.0
 40
2.2
  1
蒲支2+792.75
 41
0.7
 72
1
 11
418.68000000000006
 21
-312.0
 31
0.0
100
AcDbText
 73
2
  0
TEXT
  5
3F3
330
17
100
AcDbEntity
  8
IP坐标表
100
AcDbText
 10
434.1400000000001
 20
-312.0
 30
0.0
 40
2.2
  1
0.000
 41
0.7
 72
1
 11
434.1400000000001
 21
-312.0
 31
0.0
100
AcDbText
 73
2
  0
TEXT
  5
3F4
330
17
100
AcDbEntity
  8
IP坐标表
100
AcDbText
 10
444.4000000000001
 20
-312.0
 30
0.0
 40
2.2
  1
0.000
 41
0.7
 72
1
 11
444.4000000000001
 21
-312.0
 31
0.0
100
AcDbText
 73
2
  0
TEXT
  5
3F5
330
17
100
AcDbEntity
  8
IP坐标表
100
AcDbText
 10
454.4500000000001
 20
-312.0
 30
0.0
 40
2.2
  1
0.000
 41
0.7
 72
1
 11
454.4500000000001
 21
-312.0
 31
0.0
100
AcDbText
 73
2
  0
TEXT
  5
3F6
330
17
100
AcDbEntity
  8
IP坐标表
100
AcDbText
 10
464.5000000000001
 20
-312.0
 30
0.0
 40
2.2
  1
0.000
 41
0.7
 72
1
 11
464.5000000000001
 21
-312.0
 31
0.0
100
AcDbText
 73
2
  0
TEXT
  5
3F7
330
17
100
AcDbEntity
  8
IP坐标表
100
AcDbText
 10
476.8000000000001
 20
-312.0
 30
0.0
 40
2.2
  1
-
 41
0.7
 72
1
 11
476.8000000000001
 21
-312.0
 31
0.0
100
AcDbText
 73
2
  0
TEXT
  5
3F8
330
17
100
AcDbEntity
  8
IP坐标表
100
AcDbText
 10
493.0500000000001
 20
-312.0
 30
0.0
 40
2.2
  1
351.798
 41
0.7
 72
1
 11
493.0500000000001
 21
-312.0
 31
0.0
100
AcDbText
 73
2
  0
TEXT
  5
3F9
330
17
100
AcDbEntity
  8
IP坐标表
100
AcDbText
 10
319.82000000000005
 20
-318.0
 30
0.0
 40
2.2
  1
蒲支IP19
 41
0.7
 72
1
 11
319.82000000000005
 21
-318.0
 31
0.0
100
AcDbText
 73
2
  0
TEXT
  5
3FA
330
17
100
AcDbEntity
  8
IP坐标表
100
AcDbText
 10
337.12
 20
-318.0
 30
0.0
 40
2.2
  1
623201.106000
 41
0.7
 72
1
 11
337.12
 21
-318.0
 31
0.0
100
AcDbText
 73
2
  0
TEXT
  5
3FB
330
17
100
AcDbEntity
  8
IP坐标表
100
AcDbText
 10
357.94000000000005
 20
-318.0
 30
0.0
 40
2.2
  1
3452464.071000
 41
0.7
 72
1
 11
357.94000000000005
 21
-318.0
 31
0.0
100
AcDbText
 73
2
  0
TEXT
  5
3FC
330
17
100
AcDbEntity
  8
IP坐标表
100
AcDbText
 10
378.68000000000006
 20
-318.0
 30
0.0
 40
2.2
  1
蒲支2+817.39
 41
0.7
 72
1
 11
378.68000000000006
 21
-318.0
 31
0.0
100
AcDbText
 73
2
  0
TEXT
  5
3FD
330
17
100
AcDbEntity
  8
IP坐标表
100
AcDbText
 10
398.68000000000006
 20
-318.0
 30
0.0
 40
2.2
  1
蒲支2+817.39
 41
0.7
 72
1
 11
398.68000000000006
 21
-318.0
 31
0.0
100
AcDbText
 73
2
  0
TEXT
  5
3FE
330
17
100
AcDbEntity
  8
IP坐标表
100
AcDbText
 10
418.68000000000006
 20
-318.0
 30
0.0
 40
2.2
  1
蒲支2+817.39
 41
0.7
 72
1
 11
418.68000000000006
 21
-318.0
 31
0.0
100
AcDbText
 73
2
  0
TEXT
  5
3FF
330
17
100
AcDbEntity
  8
IP坐标表
100
AcDbText
 10
434.1400000000001
 20
-318.0
 30
0.0
 40
2.2
  1
18.436
 41
0.7
 72
1
 11
434.1400000000001
 21
-318.0
 31
0.0
100
AcDbText
 73
2
  0
TEXT
  5
400
330
17
100
AcDbEntity
  8
IP坐标表
100
AcDbText
 10
444.4000000000001
 20
-318.0
 30
0.0
 40
2.2
  1
0.000
 41
0.7
 72
1
 11
444.4000000000001
 21
-318.0
 31
0.0
100
AcDbText
 73
2
  0
TEXT
  5
401
330
17
100
AcDbEntity
  8
IP坐标表
100
AcDbText
 10
454.4500000000001
 20
-318.0
 30
0.0
 40
2.2
  1
0.000
 41
0.7
 72
1
 11
454.4500000000001
 21
-318.0
 31
0.0
100
AcDbText
 73
2
  0
TEXT
  5
402
330
17
100
AcDbEntity
  8
IP坐标表
100
AcDbText
 10
464.5000000000001
 20
-318.0
 30
0.0
 40
2.2
  1
0.000
 41
0.7
 72
1
 11
464.5000000000001
 21
-318.0
 31
0.0
100
AcDbText
 73
2
  0
TEXT
  5
403
330
17
100
AcDbEntity
  8
IP坐标表
100
AcDbText
 10
476.8000000000001
 20
-318.0
 30
0.0
 40
2.2
  1
-
 41
0.7
 72
1
 11
476.8000000000001
 21
-318.0
 31
0.0
100
AcDbText
 73
2
  0
TEXT
  5
404
330
17
100
AcDbEntity
  8
IP坐标表
100
AcDbText
 10
493.0500000000001
 20
-318.0
 30
0.0
 40
2.2
  1
351.768
 41
0.7
 72
1
 11
493.0500000000001
 21
-318.0
 31
0.0
100
AcDbText
 73
2
  0
TEXT
  5
405
330
17
100
AcDbEntity
  8
IP坐标表
100
AcDbText
 10
319.82000000000005
 20
-324.0
 30
0.0
 40
2.2
  1
蒲支IP20
 41
0.7
 72
1
 11
319.82000000000005
 21
-324.0
 31
0.0
100
AcDbText
 73
2
  0
TEXT
  5
406
330
17
100
AcDbEntity
  8
IP坐标表
100
AcDbText
 10
337.12
 20
-324.0
 30
0.0
 40
2.2
  1
623172.758000
 41
0.7
 72
1
 11
337.12
 21
-324.0
 31
0.0
100
AcDbText
 73
2
  0
TEXT
  5
407
330
17
100
AcDbEntity
  8
IP坐标表
100
AcDbText
 10
357.94000000000005
 20
-324.0
 30
0.0
 40
2.2
  1
3452502.342000
 41
0.7
 72
1
 11
357.94000000000005
 21
-324.0
 31
0.0
100
AcDbText
 73
2
  0
TEXT
  5
408
330
17
100
AcDbEntity
  8
IP坐标表
100
AcDbText
 10
378.68000000000006
 20
-324.0
 30
0.0
 40
2.2
  1
蒲支2+865.02
 41
0.7
 72
1
 11
378.68000000000006
 21
-324.0
 31
0.0
100
AcDbText
 73
2
  0
TEXT
  5
409
330
17
100
AcDbEntity
  8
IP坐标表
100
AcDbText
 10
398.68000000000006
 20
-324.0
 30
0.0
 40
2.2
  1
蒲支2+865.02
 41
0.7
 72
1
 11
398.68000000000006
 21
-324.0
 31
0.0
100
AcDbText
 73
2
  0
TEXT
  5
40A
330
17
100
AcDbEntity
  8
IP坐标表
100
AcDbText
 10
418.68000000000006
 20
-324.0
 30
0.0
 40
2.2
  1
蒲支2+865.02
 41
0.7
 72
1
 11
418.68000000000006
 21
-324.0
 31
0.0
100
AcDbText
 73
2
  0
TEXT
  5
40B
330
17
100
AcDbEntity
  8
IP坐标表
100
AcDbText
 10
434.1400000000001
 20
-324.0
 30
0.0
 40
2.2
  1
6.349
 41
0.7
 72
1
 11
434.1400000000001
 21
-324.0
 31
0.0
100
AcDbText
 73
2
  0
TEXT
  5
40C
330
17
100
AcDbEntity
  8
IP坐标表
100
AcDbText
 10
444.4000000000001
 20
-324.0
 30
0.0
 40
2.2
  1
0.000
 41
0.7
 72
1
 11
444.4000000000001
 21
-324.0
 31
0.0
100
AcDbText
 73
2
  0
TEXT
  5
40D
330
17
100
AcDbEntity
  8
IP坐标表
100
AcDbText
 10
454.4500000000001
 20
-324.0
 30
0.0
 40
2.2
  1
0.000
 41
0.7
 72
1
 11
454.4500000000001
 21
-324.0
 31
0.0
100
AcDbText
 73
2
  0
TEXT
  5
40E
330
17
100
AcDbEntity
  8
IP坐标表
100
AcDbText
 10
464.5000000000001
 20
-324.0
 30
0.0
 40
2.2
  1
0.000
 41
0.7
 72
1
 11
464.5000000000001
 21
-324.0
 31
0.0
100
AcDbText
 73
2
  0
TEXT
  5
40F
330
17
100
AcDbEntity
  8
IP坐标表
100
AcDbText
 10
476.8000000000001
 20
-324.0
 30
0.0
 40
2.2
  1
-
 41
0.7
 72
1
 11
476.8000000000001
 21
-324.0
 31
0.0
100
AcDbText
 73
2
  0
TEXT
  5
410
330
17
100
AcDbEntity
  8
IP坐标表
100
AcDbText
 10
493.0500000000001
 20
-324.0
 30
0.0
 40
2.2
  1
351.712
 41
0.7
 72
1
 11
493.0500000000001
 21
-324.0
 31
0.0
100
AcDbText
 73
2
  0
TEXT
  5
411
330
17
100
AcDbEntity
  8
IP坐标表
100
AcDbText
 10
319.82000000000005
 20
-330.0
 30
0.0
 40
2.2
  1
蒲支IP21
 41
0.7
 72
1
 11
319.82000000000005
 21
-330.0
 31
0.0
100
AcDbText
 73
2
  0
TEXT
  5
412
330
17
100
AcDbEntity
  8
IP坐标表
100
AcDbText
 10
337.12
 20
-330.0
 30
0.0
 40
2.2
  1
623130.271000
 41
0.7
 72
1
 11
337.12
 21
-330.0
 31
0.0
100
AcDbText
 73
2
  0
TEXT
  5
413
330
17
100
AcDbEntity
  8
IP坐标表
100
AcDbText
 10
357.94000000000005
 20
-330.0
 30
0.0
 40
2.2
  1
3452548.100000
 41
0.7
 72
1
 11
357.94000000000005
 21
-330.0
 31
0.0
100
AcDbText
 73
2
  0
TEXT
  5
414
330
17
100
AcDbEntity
  8
IP坐标表
100
AcDbText
 10
378.68000000000006
 20
-330.0
 30
0.0
 40
2.2
  1
蒲支2+927.46
 41
0.7
 72
1
 11
378.68000000000006
 21
-330.0
 31
0.0
100
AcDbText
 73
2
  0
TEXT
  5
415
330
17
100
AcDbEntity
  8
IP坐标表
100
AcDbText
 10
398.68000000000006
 20
-330.0
 30
0.0
 40
2.2
  1
蒲支2+927.46
 41
0.7
 72
1
 11
398.68000000000006
 21
-330.0
 31
0.0
100
AcDbText
 73
2
  0
TEXT
  5
416
330
17
100
AcDbEntity
  8
IP坐标表
100
AcDbText
 10
418.68000000000006
 20
-330.0
 30
0.0
 40
2.2
  1
蒲支2+927.46
 41
0.7
 72
1
 11
418.68000000000006
 21
-330.0
 31
0.0
100
AcDbText
 73
2
  0
TEXT
  5
417
330
17
100
AcDbEntity
  8
IP坐标表
100
AcDbText
 10
434.1400000000001
 20
-330.0
 30
0.0
 40
2.2
  1
13.284
 41
0.7
 72
1
 11
434.1400000000001
 21
-330.0
 31
0.0
100
AcDbText
 73
2
  0
TEXT
  5
418
330
17
100
AcDbEntity
  8
IP坐标表
100
AcDbText
 10
444.4000000000001
 20
-330.0
 30
0.0
 40
2.2
  1
0.000
 41
0.7
 72
1
 11
444.4000000000001
 21
-330.0
 31
0.0
100
AcDbText
 73
2
  0
TEXT
  5
419
330
17
100
AcDbEntity
  8
IP坐标表
100
AcDbText
 10
454.4500000000001
 20
-330.0
 30
0.0
 40
2.2
  1
0.000
 41
0.7
 72
1
 11
454.4500000000001
 21
-330.0
 31
0.0
100
AcDbText
 73
2
  0
TEXT
  5
41A
330
17
100
AcDbEntity
  8
IP坐标表
100
AcDbText
 10
464.5000000000001
 20
-330.0
 30
0.0
 40
2.2
  1
0.000
 41
0.7
 72
1
 11
464.5000000000001
 21
-330.0
 31
0.0
100
AcDbText
 73
2
  0
TEXT
  5
41B
330
17
100
AcDbEntity
  8
IP坐标表
100
AcDbText
 10
476.8000000000001
 20
-330.0
 30
0.0
 40
2.2
  1
-
 41
0.7
 72
1
 11
476.8000000000001
 21
-330.0
 31
0.0
100
AcDbText
 73
2
  0
TEXT
  5
41C
330
17
100
AcDbEntity
  8
IP坐标表
100
AcDbText
 10
493.0500000000001
 20
-330.0
 30
0.0
 40
2.2
  1
351.639
 41
0.7
 72
1
 11
493.0500000000001
 21
-330.0
 31
0.0
100
AcDbText
 73
2
  0
TEXT
  5
41D
330
17
100
AcDbEntity
  8
IP坐标表
100
AcDbText
 10
319.82000000000005
 20
-336.0
 30
0.0
 40
2.2
  1
蒲支IP22
 41
0.7
 72
1
 11
319.82000000000005
 21
-336.0
 31
0.0
100
AcDbText
 73
2
  0
TEXT
  5
41E
330
17
100
AcDbEntity
  8
IP坐标表
100
AcDbText
 10
337.12
 20
-336.0
 30
0.0
 40
2.2
  1
623101.613000
 41
0.7
 72
1
 11
337.12
 21
-336.0
 31
0.0
100
AcDbText
 73
2
  0
TEXT
  5
41F
330
17
100
AcDbEntity
  8
IP坐标表
100
AcDbText
 10
357.94000000000005
 20
-336.0
 30
0.0
 40
2.2
  1
3452567.313000
 41
0.7
 72
1
 11
357.94000000000005
 21
-336.0
 31
0.0
100
AcDbText
 73
2
  0
TEXT
  5
420
330
17
100
AcDbEntity
  8
IP坐标表
100
AcDbText
 10
378.68000000000006
 20
-336.0
 30
0.0
 40
2.2
  1
蒲支2+961.97
 41
0.7
 72
1
 11
378.68000000000006
 21
-336.0
 31
0.0
100
AcDbText
 73
2
  0
TEXT
  5
421
330
17
100
AcDbEntity
  8
IP坐标表
100
AcDbText
 10
398.68000000000006
 20
-336.0
 30
0.0
 40
2.2
  1
蒲支2+961.97
 41
0.7
 72
1
 11
398.68000000000006
 21
-336.0
 31
0.0
100
AcDbText
 73
2
  0
TEXT
  5
422
330
17
100
AcDbEntity
  8
IP坐标表
100
AcDbText
 10
418.68000000000006
 20
-336.0
 30
0.0
 40
2.2
  1
蒲支2+961.97
 41
0.7
 72
1
 11
418.68000000000006
 21
-336.0
 31
0.0
100
AcDbText
 73
2
  0
TEXT
  5
423
330
17
100
AcDbEntity
  8
IP坐标表
100
AcDbText
 10
434.1400000000001
 20
-336.0
 30
0.0
 40
2.2
  1
16.090
 41
0.7
 72
1
 11
434.1400000000001
 21
-336.0
 31
0.0
100
AcDbText
 73
2
  0
TEXT
  5
424
330
17
100
AcDbEntity
  8
IP坐标表
100
AcDbText
 10
444.4000000000001
 20
-336.0
 30
0.0
 40
2.2
  1
0.000
 41
0.7
 72
1
 11
444.4000000000001
 21
-336.0
 31
0.0
100
AcDbText
 73
2
  0
TEXT
  5
425
330
17
100
AcDbEntity
  8
IP坐标表
100
AcDbText
 10
454.4500000000001
 20
-336.0
 30
0.0
 40
2.2
  1
0.000
 41
0.7
 72
1
 11
454.4500000000001
 21
-336.0
 31
0.0
100
AcDbText
 73
2
  0
TEXT
  5
426
330
17
100
AcDbEntity
  8
IP坐标表
100
AcDbText
 10
464.5000000000001
 20
-336.0
 30
0.0
 40
2.2
  1
0.000
 41
0.7
 72
1
 11
464.5000000000001
 21
-336.0
 31
0.0
100
AcDbText
 73
2
  0
TEXT
  5
427
330
17
100
AcDbEntity
  8
IP坐标表
100
AcDbText
 10
476.8000000000001
 20
-336.0
 30
0.0
 40
2.2
  1
-
 41
0.7
 72
1
 11
476.8000000000001
 21
-336.0
 31
0.0
100
AcDbText
 73
2
  0
TEXT
  5
428
330
17
100
AcDbEntity
  8
IP坐标表
100
AcDbText
 10
493.0500000000001
 20
-336.0
 30
0.0
 40
2.2
  1
351.598
 41
0.7
 72
1
 11
493.0500000000001
 21
-336.0
 31
0.0
100
AcDbText
 73
2
  0
TEXT
  5
429
330
17
100
AcDbEntity
  8
IP坐标表
100
AcDbText
 10
319.82000000000005
 20
-342.0
 30
0.0
 40
2.2
  1
蒲支IP23
 41
0.7
 72
1
 11
319.82000000000005
 21
-342.0
 31
0.0
100
AcDbText
 73
2
  0
TEXT
  5
42A
330
17
100
AcDbEntity
  8
IP坐标表
100
AcDbText
 10
337.12
 20
-342.0
 30
0.0
 40
2.2
  1
623050.106000
 41
0.7
 72
1
 11
337.12
 21
-342.0
 31
0.0
100
AcDbText
 73
2
  0
TEXT
  5
42B
330
17
100
AcDbEntity
  8
IP坐标表
100
AcDbText
 10
357.94000000000005
 20
-342.0
 30
0.0
 40
2.2
  1
3452628.541000
 41
0.7
 72
1
 11
357.94000000000005
 21
-342.0
 31
0.0
100
AcDbText
 73
2
  0
TEXT
  5
42C
330
17
100
AcDbEntity
  8
IP坐标表
100
AcDbText
 10
378.68000000000006
 20
-342.0
 30
0.0
 40
2.2
  1
蒲支3+041.98
 41
0.7
 72
1
 11
378.68000000000006
 21
-342.0
 31
0.0
100
AcDbText
 73
2
  0
TEXT
  5
42D
330
17
100
AcDbEntity
  8
IP坐标表
100
AcDbText
 10
398.68000000000006
 20
-342.0
 30
0.0
 40
2.2
  1
蒲支3+041.98
 41
0.7
 72
1
 11
398.68000000000006
 21
-342.0
 31
0.0
100
AcDbText
 73
2
  0
TEXT
  5
42E
330
17
100
AcDbEntity
  8
IP坐标表
100
AcDbText
 10
418.68000000000006
 20
-342.0
 30
0.0
 40
2.2
  1
蒲支3+041.98
 41
0.7
 72
1
 11
418.68000000000006
 21
-342.0
 31
0.0
100
AcDbText
 73
2
  0
TEXT
  5
42F
330
17
100
AcDbEntity
  8
IP坐标表
100
AcDbText
 10
434.1400000000001
 20
-342.0
 30
0.0
 40
2.2
  1
17.614
 41
0.7
 72
1
 11
434.1400000000001
 21
-342.0
 31
0.0
100
AcDbText
 73
2
  0
TEXT
  5
430
330
17
100
AcDbEntity
  8
IP坐标表
100
AcDbText
 10
444.4000000000001
 20
-342.0
 30
0.0
 40
2.2
  1
0.000
 41
0.7
 72
1
 11
444.4000000000001
 21
-342.0
 31
0.0
100
AcDbText
 73
2
  0
TEXT
  5
431
330
17
100
AcDbEntity
  8
IP坐标表
100
AcDbText
 10
454.4500000000001
 20
-342.0
 30
0.0
 40
2.2
  1
0.000
 41
0.7
 72
1
 11
454.4500000000001
 21
-342.0
 31
0.0
100
AcDbText
 73
2
  0
TEXT
  5
432
330
17
100
AcDbEntity
  8
IP坐标表
100
AcDbText
 10
464.5000000000001
 20
-342.0
 30
0.0
 40
2.2
  1
0.000
 41
0.7
 72
1
 11
464.5000000000001
 21
-342.0
 31
0.0
100
AcDbText
 73
2
  0
TEXT
  5
433
330
17
100
AcDbEntity
  8
IP坐标表
100
AcDbText
 10
476.8000000000001
 20
-342.0
 30
0.0
 40
2.2
  1
-
 41
0.7
 72
1
 11
476.8000000000001
 21
-342.0
 31
0.0
100
AcDbText
 73
2
  0
TEXT
  5
434
330
17
100
AcDbEntity
  8
IP坐标表
100
AcDbText
 10
493.0500000000001
 20
-342.0
 30
0.0
 40
2.2
  1
351.503
 41
0.7
 72
1
 11
493.0500000000001
 21
-342.0
 31
0.0
100
AcDbText
 73
2
  0
TEXT
  5
435
330
17
100
AcDbEntity
  8
IP坐标表
100
AcDbText
 10
319.82000000000005
 20
-348.0
 30
0.0
 40
2.2
  1
蒲支IP24
 41
0.7
 72
1
 11
319.82000000000005
 21
-348.0
 31
0.0
100
AcDbText
 73
2
  0
TEXT
  5
436
330
17
100
AcDbEntity
  8
IP坐标表
100
AcDbText
 10
337.12
 20
-348.0
 30
0.0
 40
2.2
  1
623011.533000
 41
0.7
 72
1
 11
337.12
 21
-348.0
 31
0.0
100
AcDbText
 73
2
  0
TEXT
  5
437
330
17
100
AcDbEntity
  8
IP坐标表
100
AcDbText
 10
357.94000000000005
 20
-348.0
 30
0.0
 40
2.2
  1
3452652.939000
 41
0.7
 72
1
 11
357.94000000000005
 21
-348.0
 31
0.0
100
AcDbText
 73
2
  0
TEXT
  5
438
330
17
100
AcDbEntity
  8
IP坐标表
100
AcDbText
 10
378.68000000000006
 20
-348.0
 30
0.0
 40
2.2
  1
蒲支3+087.62
 41
0.7
 72
1
 11
378.68000000000006
 21
-348.0
 31
0.0
100
AcDbText
 73
2
  0
TEXT
  5
439
330
17
100
AcDbEntity
  8
IP坐标表
100
AcDbText
 10
398.68000000000006
 20
-348.0
 30
0.0
 40
2.2
  1
蒲支3+087.62
 41
0.7
 72
1
 11
398.68000000000006
 21
-348.0
 31
0.0
100
AcDbText
 73
2
  0
TEXT
  5
43A
330
17
100
AcDbEntity
  8
IP坐标表
100
AcDbText
 10
418.68000000000006
 20
-348.0
 30
0.0
 40
2.2
  1
蒲支3+087.62
 41
0.7
 72
1
 11
418.68000000000006
 21
-348.0
 31
0.0
100
AcDbText
 73
2
  0
TEXT
  5
43B
330
17
100
AcDbEntity
  8
IP坐标表
100
AcDbText
 10
434.1400000000001
 20
-348.0
 30
0.0
 40
2.2
  1
0.000
 41
0.7
 72
1
 11
434.1400000000001
 21
-348.0
 31
0.0
100
AcDbText
 73
2
  0
TEXT
  5
43C
330
17
100
AcDbEntity
  8
IP坐标表
100
AcDbText
 10
444.4000000000001
 20
-348.0
 30
0.0
 40
2.2
  1
0.000
 41
0.7
 72
1
 11
444.4000000000001
 21
-348.0
 31
0.0
100
AcDbText
 73
2
  0
TEXT
  5
43D
330
17
100
AcDbEntity
  8
IP坐标表
100
AcDbText
 10
454.4500000000001
 20
-348.0
 30
0.0
 40
2.2
  1
0.000
 41
0.7
 72
1
 11
454.4500000000001
 21
-348.0
 31
0.0
100
AcDbText
 73
2
  0
TEXT
  5
43E
330
17
100
AcDbEntity
  8
IP坐标表
100
AcDbText
 10
464.5000000000001
 20
-348.0
 30
0.0
 40
2.2
  1
0.000
 41
0.7
 72
1
 11
464.5000000000001
 21
-348.0
 31
0.0
100
AcDbText
 73
2
  0
TEXT
  5
43F
330
17
100
AcDbEntity
  8
IP坐标表
100
AcDbText
 10
476.8000000000001
 20
-348.0
 30
0.0
 40
2.2
  1
-
 41
0.7
 72
1
 11
476.8000000000001
 21
-348.0
 31
0.0
100
AcDbText
 73
2
  0
TEXT
  5
440
330
17
100
AcDbEntity
  8
IP坐标表
100
AcDbText
 10
493.0500000000001
 20
-348.0
 30
0.0
 40
2.2
  1
351.450
 41
0.7
 72
1
 11
493.0500000000001
 21
-348.0
 31
0.0
100
AcDbText
 73
2
  0
TEXT
  5
441
330
17
100
AcDbEntity
  8
IP坐标表
100
AcDbText
 10
319.82000000000005
 20
-354.0
 30
0.0
 40
2.2
  1
蒲支IP25
 41
0.7
 72
1
 11
319.82000000000005
 21
-354.0
 31
0.0
100
AcDbText
 73
2
  0
TEXT
  5
442
330
17
100
AcDbEntity
  8
IP坐标表
100
AcDbText
 10
337.12
 20
-354.0
 30
0.0
 40
2.2
  1
622971.087000
 41
0.7
 72
1
 11
337.12
 21
-354.0
 31
0.0
100
AcDbText
 73
2
  0
TEXT
  5
443
330
17
100
AcDbEntity
  8
IP坐标表
100
AcDbText
 10
357.94000000000005
 20
-354.0
 30
0.0
 40
2.2
  1
3452678.522000
 41
0.7
 72
1
 11
357.94000000000005
 21
-354.0
 31
0.0
100
AcDbText
 73
2
  0
TEXT
  5
444
330
17
100
AcDbEntity
  8
IP坐标表
100
AcDbText
 10
378.68000000000006
 20
-354.0
 30
0.0
 40
2.2
  1
蒲支3+135.47
 41
0.7
 72
1
 11
378.68000000000006
 21
-354.0
 31
0.0
100
AcDbText
 73
2
  0
TEXT
  5
445
330
17
100
AcDbEntity
  8
IP坐标表
100
AcDbText
 10
398.68000000000006
 20
-354.0
 30
0.0
 40
2.2
  1
蒲支3+135.47
 41
0.7
 72
1
 11
398.68000000000006
 21
-354.0
 31
0.0
100
AcDbText
 73
2
  0
TEXT
  5
446
330
17
100
AcDbEntity
  8
IP坐标表
100
AcDbText
 10
418.68000000000006
 20
-354.0
 30
0.0
 40
2.2
  1
蒲支3+135.47
 41
0.7
 72
1
 11
418.68000000000006
 21
-354.0
 31
0.0
100
AcDbText
 73
2
  0
TEXT
  5
447
330
17
100
AcDbEntity
  8
IP坐标表
100
AcDbText
 10
434.1400000000001
 20
-354.0
 30
0.0
 40
2.2
  1
46.049
 41
0.7
 72
1
 11
434.1400000000001
 21
-354.0
 31
0.0
100
AcDbText
 73
2
  0
TEXT
  5
448
330
17
100
AcDbEntity
  8
IP坐标表
100
AcDbText
 10
444.4000000000001
 20
-354.0
 30
0.0
 40
2.2
  1
0.000
 41
0.7
 72
1
 11
444.4000000000001
 21
-354.0
 31
0.0
100
AcDbText
 73
2
  0
TEXT
  5
449
330
17
100
AcDbEntity
  8
IP坐标表
100
AcDbText
 10
454.4500000000001
 20
-354.0
 30
0.0
 40
2.2
  1
0.000
 41
0.7
 72
1
 11
454.4500000000001
 21
-354.0
 31
0.0
100
AcDbText
 73
2
  0
TEXT
  5
44A
330
17
100
AcDbEntity
  8
IP坐标表
100
AcDbText
 10
464.5000000000001
 20
-354.0
 30
0.0
 40
2.2
  1
0.000
 41
0.7
 72
1
 11
464.5000000000001
 21
-354.0
 31
0.0
100
AcDbText
 73
2
  0
TEXT
  5
44B
330
17
100
AcDbEntity
  8
IP坐标表
100
AcDbText
 10
476.8000000000001
 20
-354.0
 30
0.0
 40
2.2
  1
-
 41
0.7
 72
1
 11
476.8000000000001
 21
-354.0
 31
0.0
100
AcDbText
 73
2
  0
TEXT
  5
44C
330
17
100
AcDbEntity
  8
IP坐标表
100
AcDbText
 10
493.0500000000001
 20
-354.0
 30
0.0
 40
2.2
  1
351.389
 41
0.7
 72
1
 11
493.0500000000001
 21
-354.0
 31
0.0
100
AcDbText
 73
2
  0
TEXT
  5
44D
330
17
100
AcDbEntity
  8
IP坐标表
100
AcDbText
 10
319.82000000000005
 20
-360.0
 30
0.0
 40
2.2
  1
蒲支IP26
 41
0.7
 72
1
 11
319.82000000000005
 21
-360.0
 31
0.0
100
AcDbText
 73
2
  0
TEXT
  5
44E
330
17
100
AcDbEntity
  8
IP坐标表
100
AcDbText
 10
337.12
 20
-360.0
 30
0.0
 40
2.2
  1
622949.296000
 41
0.7
 72
1
 11
337.12
 21
-360.0
 31
0.0
100
AcDbText
 73
2
  0
TEXT
  5
44F
330
17
100
AcDbEntity
  8
IP坐标表
100
AcDbText
 10
357.94000000000005
 20
-360.0
 30
0.0
 40
2.2
  1
3452784.338000
 41
0.7
 72
1
 11
357.94000000000005
 21
-360.0
 31
0.0
100
AcDbText
 73
2
  0
TEXT
  5
450
330
17
100
AcDbEntity
  8
IP坐标表
100
AcDbText
 10
378.68000000000006
 20
-360.0
 30
0.0
 40
2.2
  1
蒲支3+243.51
 41
0.7
 72
1
 11
378.68000000000006
 21
-360.0
 31
0.0
100
AcDbText
 73
2
  0
TEXT
  5
451
330
17
100
AcDbEntity
  8
IP坐标表
100
AcDbText
 10
398.68000000000006
 20
-360.0
 30
0.0
 40
2.2
  1
蒲支3+243.51
 41
0.7
 72
1
 11
398.68000000000006
 21
-360.0
 31
0.0
100
AcDbText
 73
2
  0
TEXT
  5
452
330
17
100
AcDbEntity
  8
IP坐标表
100
AcDbText
 10
418.68000000000006
 20
-360.0
 30
0.0
 40
2.2
  1
蒲支3+243.51
 41
0.7
 72
1
 11
418.68000000000006
 21
-360.0
 31
0.0
100
AcDbText
 73
2
  0
TEXT
  5
453
330
17
100
AcDbEntity
  8
IP坐标表
100
AcDbText
 10
434.1400000000001
 20
-360.0
 30
0.0
 40
2.2
  1
0.000
 41
0.7
 72
1
 11
434.1400000000001
 21
-360.0
 31
0.0
100
AcDbText
 73
2
  0
TEXT
  5
454
330
17
100
AcDbEntity
  8
IP坐标表
100
AcDbText
 10
444.4000000000001
 20
-360.0
 30
0.0
 40
2.2
  1
0.000
 41
0.7
 72
1
 11
444.4000000000001
 21
-360.0
 31
0.0
100
AcDbText
 73
2
  0
TEXT
  5
455
330
17
100
AcDbEntity
  8
IP坐标表
100
AcDbText
 10
454.4500000000001
 20
-360.0
 30
0.0
 40
2.2
  1
0.000
 41
0.7
 72
1
 11
454.4500000000001
 21
-360.0
 31
0.0
100
AcDbText
 73
2
  0
TEXT
  5
456
330
17
100
AcDbEntity
  8
IP坐标表
100
AcDbText
 10
464.5000000000001
 20
-360.0
 30
0.0
 40
2.2
  1
0.000
 41
0.7
 72
1
 11
464.5000000000001
 21
-360.0
 31
0.0
100
AcDbText
 73
2
  0
TEXT
  5
457
330
17
100
AcDbEntity
  8
IP坐标表
100
AcDbText
 10
476.8000000000001
 20
-360.0
 30
0.0
 40
2.2
  1
-
 41
0.7
 72
1
 11
476.8000000000001
 21
-360.0
 31
0.0
100
AcDbText
 73
2
  0
TEXT
  5
458
330
17
100
AcDbEntity
  8
IP坐标表
100
AcDbText
 10
493.0500000000001
 20
-360.0
 30
0.0
 40
2.2
  1
351.262
 41
0.7
 72
1
 11
493.0500000000001
 21
-360.0
 31
0.0
100
AcDbText
 73
2
  0
TEXT
  5
459
330
17
100
AcDbEntity
  8
IP坐标表
100
AcDbText
 10
319.82000000000005
 20
-366.0
 30
0.0
 40
2.2
  1
蒲支IP27
 41
0.7
 72
1
 11
319.82000000000005
 21
-366.0
 31
0.0
100
AcDbText
 73
2
  0
TEXT
  5
45A
330
17
100
AcDbEntity
  8
IP坐标表
100
AcDbText
 10
337.12
 20
-366.0
 30
0.0
 40
2.2
  1
622944.674000
 41
0.7
 72
1
 11
337.12
 21
-366.0
 31
0.0
100
AcDbText
 73
2
  0
TEXT
  5
45B
330
17
100
AcDbEntity
  8
IP坐标表
100
AcDbText
 10
357.94000000000005
 20
-366.0
 30
0.0
 40
2.2
  1
3452806.783000
 41
0.7
 72
1
 11
357.94000000000005
 21
-366.0
 31
0.0
100
AcDbText
 73
2
  0
TEXT
  5
45C
330
17
100
AcDbEntity
  8
IP坐标表
100
AcDbText
 10
378.68000000000006
 20
-366.0
 30
0.0
 40
2.2
  1
蒲支3+266.43
 41
0.7
 72
1
 11
378.68000000000006
 21
-366.0
 31
0.0
100
AcDbText
 73
2
  0
TEXT
  5
45D
330
17
100
AcDbEntity
  8
IP坐标表
100
AcDbText
 10
398.68000000000006
 20
-366.0
 30
0.0
 40
2.2
  1
蒲支3+266.43
 41
0.7
 72
1
 11
398.68000000000006
 21
-366.0
 31
0.0
100
AcDbText
 73
2
  0
TEXT
  5
45E
330
17
100
AcDbEntity
  8
IP坐标表
100
AcDbText
 10
418.68000000000006
 20
-366.0
 30
0.0
 40
2.2
  1
蒲支3+266.43
 41
0.7
 72
1
 11
418.68000000000006
 21
-366.0
 31
0.0
100
AcDbText
 73
2
  0
TEXT
  5
45F
330
17
100
AcDbEntity
  8
IP坐标表
100
AcDbText
 10
434.1400000000001
 20
-366.0
 30
0.0
 40
2.2
  1
0.000
 41
0.7
 72
1
 11
434.1400000000001
 21
-366.0
 31
0.0
100
AcDbText
 73
2
  0
TEXT
  5
460
330
17
100
AcDbEntity
  8
IP坐标表
100
AcDbText
 10
444.4000000000001
 20
-366.0
 30
0.0
 40
2.2
  1
0.000
 41
0.7
 72
1
 11
444.4000000000001
 21
-366.0
 31
0.0
100
AcDbText
 73
2
  0
TEXT
  5
461
330
17
100
AcDbEntity
  8
IP坐标表
100
AcDbText
 10
454.4500000000001
 20
-366.0
 30
0.0
 40
2.2
  1
0.000
 41
0.7
 72
1
 11
454.4500000000001
 21
-366.0
 31
0.0
100
AcDbText
 73
2
  0
TEXT
  5
462
330
17
100
AcDbEntity
  8
IP坐标表
100
AcDbText
 10
464.5000000000001
 20
-366.0
 30
0.0
 40
2.2
  1
0.000
 41
0.7
 72
1
 11
464.5000000000001
 21
-366.0
 31
0.0
100
AcDbText
 73
2
  0
TEXT
  5
463
330
17
100
AcDbEntity
  8
IP坐标表
100
AcDbText
 10
476.8000000000001
 20
-366.0
 30
0.0
 40
2.2
  1
-
 41
0.7
 72
1
 11
476.8000000000001
 21
-366.0
 31
0.0
100
AcDbText
 73
2
  0
TEXT
  5
464
330
17
100
AcDbEntity
  8
IP坐标表
100
AcDbText
 10
493.0500000000001
 20
-366.0
 30
0.0
 40
2.2
  1
351.235
 41
0.7
 72
1
 11
493.0500000000001
 21
-366.0
 31
0.0
100
AcDbText
 73
2
  0
TEXT
  5
465
330
17
100
AcDbEntity
  8
IP坐标表
100
AcDbText
 10
319.82000000000005
 20
-372.0
 30
0.0
 40
2.2
  1
蒲支IP28
 41
0.7
 72
1
 11
319.82000000000005
 21
-372.0
 31
0.0
100
AcDbText
 73
2
  0
TEXT
  5
466
330
17
100
AcDbEntity
  8
IP坐标表
100
AcDbText
 10
337.12
 20
-372.0
 30
0.0
 40
2.2
  1
622922.591000
 41
0.7
 72
1
 11
337.12
 21
-372.0
 31
0.0
100
AcDbText
 73
2
  0
TEXT
  5
467
330
17
100
AcDbEntity
  8
IP坐标表
100
AcDbText
 10
357.94000000000005
 20
-372.0
 30
0.0
 40
2.2
  1
3452914.020000
 41
0.7
 72
1
 11
357.94000000000005
 21
-372.0
 31
0.0
100
AcDbText
 73
2
  0
TEXT
  5
468
330
17
100
AcDbEntity
  8
IP坐标表
100
AcDbText
 10
378.68000000000006
 20
-372.0
 30
0.0
 40
2.2
  1
蒲支3+375.91
 41
0.7
 72
1
 11
378.68000000000006
 21
-372.0
 31
0.0
100
AcDbText
 73
2
  0
TEXT
  5
469
330
17
100
AcDbEntity
  8
IP坐标表
100
AcDbText
 10
398.68000000000006
 20
-372.0
 30
0.0
 40
2.2
  1
蒲支3+375.91
 41
0.7
 72
1
 11
398.68000000000006
 21
-372.0
 31
0.0
100
AcDbText
 73
2
  0
TEXT
  5
46A
330
17
100
AcDbEntity
  8
IP坐标表
100
AcDbText
 10
418.68000000000006
 20
-372.0
 30
0.0
 40
2.2
  1
蒲支3+375.91
 41
0.7
 72
1
 11
418.68000000000006
 21
-372.0
 31
0.0
100
AcDbText
 73
2
  0
TEXT
  5
46B
330
17
100
AcDbEntity
  8
IP坐标表
100
AcDbText
 10
434.1400000000001
 20
-372.0
 30
0.0
 40
2.2
  1
38.145
 41
0.7
 72
1
 11
434.1400000000001
 21
-372.0
 31
0.0
100
AcDbText
 73
2
  0
TEXT
  5
46C
330
17
100
AcDbEntity
  8
IP坐标表
100
AcDbText
 10
444.4000000000001
 20
-372.0
 30
0.0
 40
2.2
  1
0.000
 41
0.7
 72
1
 11
444.4000000000001
 21
-372.0
 31
0.0
100
AcDbText
 73
2
  0
TEXT
  5
46D
330
17
100
AcDbEntity
  8
IP坐标表
100
AcDbText
 10
454.4500000000001
 20
-372.0
 30
0.0
 40
2.2
  1
0.000
 41
0.7
 72
1
 11
454.4500000000001
 21
-372.0
 31
0.0
100
AcDbText
 73
2
  0
TEXT
  5
46E
330
17
100
AcDbEntity
  8
IP坐标表
100
AcDbText
 10
464.5000000000001
 20
-372.0
 30
0.0
 40
2.2
  1
0.000
 41
0.7
 72
1
 11
464.5000000000001
 21
-372.0
 31
0.0
100
AcDbText
 73
2
  0
TEXT
  5
46F
330
17
100
AcDbEntity
  8
IP坐标表
100
AcDbText
 10
476.8000000000001
 20
-372.0
 30
0.0
 40
2.2
  1
-
 41
0.7
 72
1
 11
476.8000000000001
 21
-372.0
 31
0.0
100
AcDbText
 73
2
  0
TEXT
  5
470
330
17
100
AcDbEntity
  8
IP坐标表
100
AcDbText
 10
493.0500000000001
 20
-372.0
 30
0.0
 40
2.2
  1
351.104
 41
0.7
 72
1
 11
493.0500000000001
 21
-372.0
 31
0.0
100
AcDbText
 73
2
  0
TEXT
  5
471
330
17
100
AcDbEntity
  8
IP坐标表
100
AcDbText
 10
319.82000000000005
 20
-378.0
 30
0.0
 40
2.2
  1
蒲支IP29
 41
0.7
 72
1
 11
319.82000000000005
 21
-378.0
 31
0.0
100
AcDbText
 73
2
  0
TEXT
  5
472
330
17
100
AcDbEntity
  8
IP坐标表
100
AcDbText
 10
337.12
 20
-378.0
 30
0.0
 40
2.2
  1
622829.248000
 41
0.7
 72
1
 11
337.12
 21
-378.0
 31
0.0
100
AcDbText
 73
2
  0
TEXT
  5
473
330
17
100
AcDbEntity
  8
IP坐标表
100
AcDbText
 10
357.94000000000005
 20
-378.0
 30
0.0
 40
2.2
  1
3452992.954000
 41
0.7
 72
1
 11
357.94000000000005
 21
-378.0
 31
0.0
100
AcDbText
 73
2
  0
TEXT
  5
474
330
17
100
AcDbEntity
  8
IP坐标表
100
AcDbText
 10
378.68000000000006
 20
-378.0
 30
0.0
 40
2.2
  1
蒲支3+498.16
 41
0.7
 72
1
 11
378.68000000000006
 21
-378.0
 31
0.0
100
AcDbText
 73
2
  0
TEXT
  5
475
330
17
100
AcDbEntity
  8
IP坐标表
100
AcDbText
 10
398.68000000000006
 20
-378.0
 30
0.0
 40
2.2
  1
蒲支3+498.16
 41
0.7
 72
1
 11
398.68000000000006
 21
-378.0
 31
0.0
100
AcDbText
 73
2
  0
TEXT
  5
476
330
17
100
AcDbEntity
  8
IP坐标表
100
AcDbText
 10
418.68000000000006
 20
-378.0
 30
0.0
 40
2.2
  1
蒲支3+498.16
 41
0.7
 72
1
 11
418.68000000000006
 21
-378.0
 31
0.0
100
AcDbText
 73
2
  0
TEXT
  5
477
330
17
100
AcDbEntity
  8
IP坐标表
100
AcDbText
 10
434.1400000000001
 20
-378.0
 30
0.0
 40
2.2
  1
20.863
 41
0.7
 72
1
 11
434.1400000000001
 21
-378.0
 31
0.0
100
AcDbText
 73
2
  0
TEXT
  5
478
330
17
100
AcDbEntity
  8
IP坐标表
100
AcDbText
 10
444.4000000000001
 20
-378.0
 30
0.0
 40
2.2
  1
0.000
 41
0.7
 72
1
 11
444.4000000000001
 21
-378.0
 31
0.0
100
AcDbText
 73
2
  0
TEXT
  5
479
330
17
100
AcDbEntity
  8
IP坐标表
100
AcDbText
 10
454.4500000000001
 20
-378.0
 30
0.0
 40
2.2
  1
0.000
 41
0.7
 72
1
 11
454.4500000000001
 21
-378.0
 31
0.0
100
AcDbText
 73
2
  0
TEXT
  5
47A
330
17
100
AcDbEntity
  8
IP坐标表
100
AcDbText
 10
464.5000000000001
 20
-378.0
 30
0.0
 40
2.2
  1
0.000
 41
0.7
 72
1
 11
464.5000000000001
 21
-378.0
 31
0.0
100
AcDbText
 73
2
  0
TEXT
  5
47B
330
17
100
AcDbEntity
  8
IP坐标表
100
AcDbText
 10
476.8000000000001
 20
-378.0
 30
0.0
 40
2.2
  1
-
 41
0.7
 72
1
 11
476.8000000000001
 21
-378.0
 31
0.0
100
AcDbText
 73
2
  0
TEXT
  5
47C
330
17
100
AcDbEntity
  8
IP坐标表
100
AcDbText
 10
493.0500000000001
 20
-378.0
 30
0.0
 40
2.2
  1
350.959
 41
0.7
 72
1
 11
493.0500000000001
 21
-378.0
 31
0.0
100
AcDbText
 73
2
  0
TEXT
  5
47D
330
17
100
AcDbEntity
  8
IP坐标表
100
AcDbText
 10
319.82000000000005
 20
-384.0
 30
0.0
 40
2.2
  1
蒲支IP30
 41
0.7
 72
1
 11
319.82000000000005
 21
-384.0
 31
0.0
100
AcDbText
 73
2
  0
TEXT
  5
47E
330
17
100
AcDbEntity
  8
IP坐标表
100
AcDbText
 10
337.12
 20
-384.0
 30
0.0
 40
2.2
  1
622686.138000
 41
0.7
 72
1
 11
337.12
 21
-384.0
 31
0.0
100
AcDbText
 73
2
  0
TEXT
  5
47F
330
17
100
AcDbEntity
  8
IP坐标表
100
AcDbText
 10
357.94000000000005
 20
-384.0
 30
0.0
 40
2.2
  1
3453043.228000
 41
0.7
 72
1
 11
357.94000000000005
 21
-384.0
 31
0.0
100
AcDbText
 73
2
  0
TEXT
  5
480
330
17
100
AcDbEntity
  8
IP坐标表
100
AcDbText
 10
378.68000000000006
 20
-384.0
 30
0.0
 40
2.2
  1
蒲支3+649.84
 41
0.7
 72
1
 11
378.68000000000006
 21
-384.0
 31
0.0
100
AcDbText
 73
2
  0
TEXT
  5
481
330
17
100
AcDbEntity
  8
IP坐标表
100
AcDbText
 10
398.68000000000006
 20
-384.0
 30
0.0
 40
2.2
  1
蒲支3+649.84
 41
0.7
 72
1
 11
398.68000000000006
 21
-384.0
 31
0.0
100
AcDbText
 73
2
  0
TEXT
  5
482
330
17
100
AcDbEntity
  8
IP坐标表
100
AcDbText
 10
418.68000000000006
 20
-384.0
 30
0.0
 40
2.2
  1
蒲支3+649.84
 41
0.7
 72
1
 11
418.68000000000006
 21
-384.0
 31
0.0
100
AcDbText
 73
2
  0
TEXT
  5
483
330
17
100
AcDbEntity
  8
IP坐标表
100
AcDbText
 10
434.1400000000001
 20
-384.0
 30
0.0
 40
2.2
  1
10.080
 41
0.7
 72
1
 11
434.1400000000001
 21
-384.0
 31
0.0
100
AcDbText
 73
2
  0
TEXT
  5
484
330
17
100
AcDbEntity
  8
IP坐标表
100
AcDbText
 10
444.4000000000001
 20
-384.0
 30
0.0
 40
2.2
  1
0.000
 41
0.7
 72
1
 11
444.4000000000001
 21
-384.0
 31
0.0
100
AcDbText
 73
2
  0
TEXT
  5
485
330
17
100
AcDbEntity
  8
IP坐标表
100
AcDbText
 10
454.4500000000001
 20
-384.0
 30
0.0
 40
2.2
  1
0.000
 41
0.7
 72
1
 11
454.4500000000001
 21
-384.0
 31
0.0
100
AcDbText
 73
2
  0
TEXT
  5
486
330
17
100
AcDbEntity
  8
IP坐标表
100
AcDbText
 10
464.5000000000001
 20
-384.0
 30
0.0
 40
2.2
  1
0.000
 41
0.7
 72
1
 11
464.5000000000001
 21
-384.0
 31
0.0
100
AcDbText
 73
2
  0
TEXT
  5
487
330
17
100
AcDbEntity
  8
IP坐标表
100
AcDbText
 10
476.8000000000001
 20
-384.0
 30
0.0
 40
2.2
  1
-
 41
0.7
 72
1
 11
476.8000000000001
 21
-384.0
 31
0.0
100
AcDbText
 73
2
  0
TEXT
  5
488
330
17
100
AcDbEntity
  8
IP坐标表
100
AcDbText
 10
493.0500000000001
 20
-384.0
 30
0.0
 40
2.2
  1
350.781
 41
0.7
 72
1
 11
493.0500000000001
 21
-384.0
 31
0.0
100
AcDbText
 73
2
  0
TEXT
  5
489
330
17
100
AcDbEntity
  8
IP坐标表
100
AcDbText
 10
319.82000000000005
 20
-390.0
 30
0.0
 40
2.2
  1
蒲支IP31
 41
0.7
 72
1
 11
319.82000000000005
 21
-390.0
 31
0.0
100
AcDbText
 73
2
  0
TEXT
  5
48A
330
17
100
AcDbEntity
  8
IP坐标表
100
AcDbText
 10
337.12
 20
-390.0
 30
0.0
 40
2.2
  1
622640.138000
 41
0.7
 72
1
 11
337.12
 21
-390.0
 31
0.0
100
AcDbText
 73
2
  0
TEXT
  5
48B
330
17
100
AcDbEntity
  8
IP坐标表
100
AcDbText
 10
357.94000000000005
 20
-390.0
 30
0.0
 40
2.2
  1
3453069.186000
 41
0.7
 72
1
 11
357.94000000000005
 21
-390.0
 31
0.0
100
AcDbText
 73
2
  0
TEXT
  5
48C
330
17
100
AcDbEntity
  8
IP坐标表
100
AcDbText
 10
378.68000000000006
 20
-390.0
 30
0.0
 40
2.2
  1
蒲支3+702.66
 41
0.7
 72
1
 11
378.68000000000006
 21
-390.0
 31
0.0
100
AcDbText
 73
2
  0
TEXT
  5
48D
330
17
100
AcDbEntity
  8
IP坐标表
100
AcDbText
 10
398.68000000000006
 20
-390.0
 30
0.0
 40
2.2
  1
蒲支3+702.66
 41
0.7
 72
1
 11
398.68000000000006
 21
-390.0
 31
0.0
100
AcDbText
 73
2
  0
TEXT
  5
48E
330
17
100
AcDbEntity
  8
IP坐标表
100
AcDbText
 10
418.68000000000006
 20
-390.0
 30
0.0
 40
2.2
  1
蒲支3+702.66
 41
0.7
 72
1
 11
418.68000000000006
 21
-390.0
 31
0.0
100
AcDbText
 73
2
  0
TEXT
  5
48F
330
17
100
AcDbEntity
  8
IP坐标表
100
AcDbText
 10
434.1400000000001
 20
-390.0
 30
0.0
 40
2.2
  1
0.001
 41
0.7
 72
1
 11
434.1400000000001
 21
-390.0
 31
0.0
100
AcDbText
 73
2
  0
TEXT
  5
490
330
17
100
AcDbEntity
  8
IP坐标表
100
AcDbText
 10
444.4000000000001
 20
-390.0
 30
0.0
 40
2.2
  1
0.000
 41
0.7
 72
1
 11
444.4000000000001
 21
-390.0
 31
0.0
100
AcDbText
 73
2
  0
TEXT
  5
491
330
17
100
AcDbEntity
  8
IP坐标表
100
AcDbText
 10
454.4500000000001
 20
-390.0
 30
0.0
 40
2.2
  1
0.000
 41
0.7
 72
1
 11
454.4500000000001
 21
-390.0
 31
0.0
100
AcDbText
 73
2
  0
TEXT
  5
492
330
17
100
AcDbEntity
  8
IP坐标表
100
AcDbText
 10
464.5000000000001
 20
-390.0
 30
0.0
 40
2.2
  1
0.000
 41
0.7
 72
1
 11
464.5000000000001
 21
-390.0
 31
0.0
100
AcDbText
 73
2
  0
TEXT
  5
493
330
17
100
AcDbEntity
  8
IP坐标表
100
AcDbText
 10
476.8000000000001
 20
-390.0
 30
0.0
 40
2.2
  1
-
 41
0.7
 72
1
 11
476.8000000000001
 21
-390.0
 31
0.0
100
AcDbText
 73
2
  0
TEXT
  5
494
330
17
100
AcDbEntity
  8
IP坐标表
100
AcDbText
 10
493.0500000000001
 20
-390.0
 30
0.0
 40
2.2
  1
350.719
 41
0.7
 72
1
 11
493.0500000000001
 21
-390.0
 31
0.0
100
AcDbText
 73
2
  0
TEXT
  5
495
330
17
100
AcDbEntity
  8
IP坐标表
100
AcDbText
 10
319.82000000000005
 20
-396.0
 30
0.0
 40
2.2
  1
蒲支IP32
 41
0.7
 72
1
 11
319.82000000000005
 21
-396.0
 31
0.0
100
AcDbText
 73
2
  0
TEXT
  5
496
330
17
100
AcDbEntity
  8
IP坐标表
100
AcDbText
 10
337.12
 20
-396.0
 30
0.0
 40
2.2
  1
622619.616000
 41
0.7
 72
1
 11
337.12
 21
-396.0
 31
0.0
100
AcDbText
 73
2
  0
TEXT
  5
497
330
17
100
AcDbEntity
  8
IP坐标表
100
AcDbText
 10
357.94000000000005
 20
-396.0
 30
0.0
 40
2.2
  1
3453080.766000
 41
0.7
 72
1
 11
357.94000000000005
 21
-396.0
 31
0.0
100
AcDbText
 73
2
  0
TEXT
  5
498
330
17
100
AcDbEntity
  8
IP坐标表
100
AcDbText
 10
378.68000000000006
 20
-396.0
 30
0.0
 40
2.2
  1
蒲支3+726.22
 41
0.7
 72
1
 11
378.68000000000006
 21
-396.0
 31
0.0
100
AcDbText
 73
2
  0
TEXT
  5
499
330
17
100
AcDbEntity
  8
IP坐标表
100
AcDbText
 10
398.68000000000006
 20
-396.0
 30
0.0
 40
2.2
  1
蒲支3+726.22
 41
0.7
 72
1
 11
398.68000000000006
 21
-396.0
 31
0.0
100
AcDbText
 73
2
  0
TEXT
  5
49A
330
17
100
AcDbEntity
  8
IP坐标表
100
AcDbText
 10
418.68000000000006
 20
-396.0
 30
0.0
 40
2.2
  1
蒲支3+726.22
 41
0.7
 72
1
 11
418.68000000000006
 21
-396.0
 31
0.0
100
AcDbText
 73
2
  0
TEXT
  5
49B
330
17
100
AcDbEntity
  8
IP坐标表
100
AcDbText
 10
434.1400000000001
 20
-396.0
 30
0.0
 40
2.2
  1
0.001
 41
0.7
 72
1
 11
434.1400000000001
 21
-396.0
 31
0.0
100
AcDbText
 73
2
  0
TEXT
  5
49C
330
17
100
AcDbEntity
  8
IP坐标表
100
AcDbText
 10
444.4000000000001
 20
-396.0
 30
0.0
 40
2.2
  1
0.000
 41
0.7
 72
1
 11
444.4000000000001
 21
-396.0
 31
0.0
100
AcDbText
 73
2
  0
TEXT
  5
49D
330
17
100
AcDbEntity
  8
IP坐标表
100
AcDbText
 10
454.4500000000001
 20
-396.0
 30
0.0
 40
2.2
  1
0.000
 41
0.7
 72
1
 11
454.4500000000001
 21
-396.0
 31
0.0
100
AcDbText
 73
2
  0
TEXT
  5
49E
330
17
100
AcDbEntity
  8
IP坐标表
100
AcDbText
 10
464.5000000000001
 20
-396.0
 30
0.0
 40
2.2
  1
0.000
 41
0.7
 72
1
 11
464.5000000000001
 21
-396.0
 31
0.0
100
AcDbText
 73
2
  0
TEXT
  5
49F
330
17
100
AcDbEntity
  8
IP坐标表
100
AcDbText
 10
476.8000000000001
 20
-396.0
 30
0.0
 40
2.2
  1
-
 41
0.7
 72
1
 11
476.8000000000001
 21
-396.0
 31
0.0
100
AcDbText
 73
2
  0
TEXT
  5
4A0
330
17
100
AcDbEntity
  8
IP坐标表
100
AcDbText
 10
493.0500000000001
 20
-396.0
 30
0.0
 40
2.2
  1
350.691
 41
0.7
 72
1
 11
493.0500000000001
 21
-396.0
 31
0.0
100
AcDbText
 73
2
  0
TEXT
  5
4A1
330
17
100
AcDbEntity
  8
IP坐标表
100
AcDbText
 10
319.82000000000005
 20
-402.0
 30
0.0
 40
2.2
  1
蒲支IP33
 41
0.7
 72
1
 11
319.82000000000005
 21
-402.0
 31
0.0
100
AcDbText
 73
2
  0
TEXT
  5
4A2
330
17
100
AcDbEntity
  8
IP坐标表
100
AcDbText
 10
337.12
 20
-402.0
 30
0.0
 40
2.2
  1
622479.159000
 41
0.7
 72
1
 11
337.12
 21
-402.0
 31
0.0
100
AcDbText
 73
2
  0
TEXT
  5
4A3
330
17
100
AcDbEntity
  8
IP坐标表
100
AcDbText
 10
357.94000000000005
 20
-402.0
 30
0.0
 40
2.2
  1
3453160.026000
 41
0.7
 72
1
 11
357.94000000000005
 21
-402.0
 31
0.0
100
AcDbText
 73
2
  0
TEXT
  5
4A4
330
17
100
AcDbEntity
  8
IP坐标表
100
AcDbText
 10
378.68000000000006
 20
-402.0
 30
0.0
 40
2.2
  1
蒲支3+887.50
 41
0.7
 72
1
 11
378.68000000000006
 21
-402.0
 31
0.0
100
AcDbText
 73
2
  0
TEXT
  5
4A5
330
17
100
AcDbEntity
  8
IP坐标表
100
AcDbText
 10
398.68000000000006
 20
-402.0
 30
0.0
 40
2.2
  1
蒲支3+887.50
 41
0.7
 72
1
 11
398.68000000000006
 21
-402.0
 31
0.0
100
AcDbText
 73
2
  0
TEXT
  5
4A6
330
17
100
AcDbEntity
  8
IP坐标表
100
AcDbText
 10
418.68000000000006
 20
-402.0
 30
0.0
 40
2.2
  1
蒲支3+887.50
 41
0.7
 72
1
 11
418.68000000000006
 21
-402.0
 31
0.0
100
AcDbText
 73
2
  0
TEXT
  5
4A7
330
17
100
AcDbEntity
  8
IP坐标表
100
AcDbText
 10
434.1400000000001
 20
-402.0
 30
0.0
 40
2.2
  1
0.000
 41
0.7
 72
1
 11
434.1400000000001
 21
-402.0
 31
0.0
100
AcDbText
 73
2
  0
TEXT
  5
4A8
330
17
100
AcDbEntity
  8
IP坐标表
100
AcDbText
 10
444.4000000000001
 20
-402.0
 30
0.0
 40
2.2
  1
0.000
 41
0.7
 72
1
 11
444.4000000000001
 21
-402.0
 31
0.0
100
AcDbText
 73
2
  0
TEXT
  5
4A9
330
17
100
AcDbEntity
  8
IP坐标表
100
AcDbText
 10
454.4500000000001
 20
-402.0
 30
0.0
 40
2.2
  1
0.000
 41
0.7
 72
1
 11
454.4500000000001
 21
-402.0
 31
0.0
100
AcDbText
 73
2
  0
TEXT
  5
4AA
330
17
100
AcDbEntity
  8
IP坐标表
100
AcDbText
 10
464.5000000000001
 20
-402.0
 30
0.0
 40
2.2
  1
0.000
 41
0.7
 72
1
 11
464.5000000000001
 21
-402.0
 31
0.0
100
AcDbText
 73
2
  0
TEXT
  5
4AB
330
17
100
AcDbEntity
  8
IP坐标表
100
AcDbText
 10
476.8000000000001
 20
-402.0
 30
0.0
 40
2.2
  1
-
 41
0.7
 72
1
 11
476.8000000000001
 21
-402.0
 31
0.0
100
AcDbText
 73
2
  0
TEXT
  5
4AC
330
17
100
AcDbEntity
  8
IP坐标表
100
AcDbText
 10
493.0500000000001
 20
-402.0
 30
0.0
 40
2.2
  1
350.502
 41
0.7
 72
1
 11
493.0500000000001
 21
-402.0
 31
0.0
100
AcDbText
 73
2
  0
TEXT
  5
4AD
330
17
100
AcDbEntity
  8
IP坐标表
100
AcDbText
 10
319.82000000000005
 20
-408.0
 30
0.0
 40
2.2
  1
蒲支IP34
 41
0.7
 72
1
 11
319.82000000000005
 21
-408.0
 31
0.0
100
AcDbText
 73
2
  0
TEXT
  5
4AE
330
17
100
AcDbEntity
  8
IP坐标表
100
AcDbText
 10
337.12
 20
-408.0
 30
0.0
 40
2.2
  1
622431.649000
 41
0.7
 72
1
 11
337.12
 21
-408.0
 31
0.0
100
AcDbText
 73
2
  0
TEXT
  5
4AF
330
17
100
AcDbEntity
  8
IP坐标表
100
AcDbText
 10
357.94000000000005
 20
-408.0
 30
0.0
 40
2.2
  1
3453186.836000
 41
0.7
 72
1
 11
357.94000000000005
 21
-408.0
 31
0.0
100
AcDbText
 73
2
  0
TEXT
  5
4B0
330
17
100
AcDbEntity
  8
IP坐标表
100
AcDbText
 10
378.68000000000006
 20
-408.0
 30
0.0
 40
2.2
  1
蒲支3+942.05
 41
0.7
 72
1
 11
378.68000000000006
 21
-408.0
 31
0.0
100
AcDbText
 73
2
  0
TEXT
  5
4B1
330
17
100
AcDbEntity
  8
IP坐标表
100
AcDbText
 10
398.68000000000006
 20
-408.0
 30
0.0
 40
2.2
  1
蒲支3+942.05
 41
0.7
 72
1
 11
398.68000000000006
 21
-408.0
 31
0.0
100
AcDbText
 73
2
  0
TEXT
  5
4B2
330
17
100
AcDbEntity
  8
IP坐标表
100
AcDbText
 10
418.68000000000006
 20
-408.0
 30
0.0
 40
2.2
  1
蒲支3+942.05
 41
0.7
 72
1
 11
418.68000000000006
 21
-408.0
 31
0.0
100
AcDbText
 73
2
  0
TEXT
  5
4B3
330
17
100
AcDbEntity
  8
IP坐标表
100
AcDbText
 10
434.1400000000001
 20
-408.0
 30
0.0
 40
2.2
  1
0.002
 41
0.7
 72
1
 11
434.1400000000001
 21
-408.0
 31
0.0
100
AcDbText
 73
2
  0
TEXT
  5
4B4
330
17
100
AcDbEntity
  8
IP坐标表
100
AcDbText
 10
444.4000000000001
 20
-408.0
 30
0.0
 40
2.2
  1
0.000
 41
0.7
 72
1
 11
444.4000000000001
 21
-408.0
 31
0.0
100
AcDbText
 73
2
  0
TEXT
  5
4B5
330
17
100
AcDbEntity
  8
IP坐标表
100
AcDbText
 10
454.4500000000001
 20
-408.0
 30
0.0
 40
2.2
  1
0.000
 41
0.7
 72
1
 11
454.4500000000001
 21
-408.0
 31
0.0
100
AcDbText
 73
2
  0
TEXT
  5
4B6
330
17
100
AcDbEntity
  8
IP坐标表
100
AcDbText
 10
464.5000000000001
 20
-408.0
 30
0.0
 40
2.2
  1
0.000
 41
0.7
 72
1
 11
464.5000000000001
 21
-408.0
 31
0.0
100
AcDbText
 73
2
  0
TEXT
  5
4B7
330
17
100
AcDbEntity
  8
IP坐标表
100
AcDbText
 10
476.8000000000001
 20
-408.0
 30
0.0
 40
2.2
  1
-
 41
0.7
 72
1
 11
476.8000000000001
 21
-408.0
 31
0.0
100
AcDbText
 73
2
  0
TEXT
  5
4B8
330
17
100
AcDbEntity
  8
IP坐标表
100
AcDbText
 10
493.0500000000001
 20
-408.0
 30
0.0
 40
2.2
  1
350.438
 41
0.7
 72
1
 11
493.0500000000001
 21
-408.0
 31
0.0
100
AcDbText
 73
2
  0
TEXT
  5
4B9
330
17
100
AcDbEntity
  8
IP坐标表
100
AcDbText
 10
319.82000000000005
 20
-414.0
 30
0.0
 40
2.2
  1
蒲支IP35
 41
0.7
 72
1
 11
319.82000000000005
 21
-414.0
 31
0.0
100
AcDbText
 73
2
  0
TEXT
  5
4BA
330
17
100
AcDbEntity
  8
IP坐标表
100
AcDbText
 10
337.12
 20
-414.0
 30
0.0
 40
2.2
  1
622417.528000
 41
0.7
 72
1
 11
337.12
 21
-414.0
 31
0.0
100
AcDbText
 73
2
  0
TEXT
  5
4BB
330
17
100
AcDbEntity
  8
IP坐标表
100
AcDbText
 10
357.94000000000005
 20
-414.0
 30
0.0
 40
2.2
  1
3453194.804000
 41
0.7
 72
1
 11
357.94000000000005
 21
-414.0
 31
0.0
100
AcDbText
 73
2
  0
TEXT
  5
4BC
330
17
100
AcDbEntity
  8
IP坐标表
100
AcDbText
 10
378.68000000000006
 20
-414.0
 30
0.0
 40
2.2
  1
蒲支3+958.27
 41
0.7
 72
1
 11
378.68000000000006
 21
-414.0
 31
0.0
100
AcDbText
 73
2
  0
TEXT
  5
4BD
330
17
100
AcDbEntity
  8
IP坐标表
100
AcDbText
 10
398.68000000000006
 20
-414.0
 30
0.0
 40
2.2
  1
蒲支3+958.27
 41
0.7
 72
1
 11
398.68000000000006
 21
-414.0
 31
0.0
100
AcDbText
 73
2
  0
TEXT
  5
4BE
330
17
100
AcDbEntity
  8
IP坐标表
100
AcDbText
 10
418.68000000000006
 20
-414.0
 30
0.0
 40
2.2
  1
蒲支3+958.27
 41
0.7
 72
1
 11
418.68000000000006
 21
-414.0
 31
0.0
100
AcDbText
 73
2
  0
TEXT
  5
4BF
330
17
100
AcDbEntity
  8
IP坐标表
100
AcDbText
 10
434.1400000000001
 20
-414.0
 30
0.0
 40
2.2
  1
0.001
 41
0.7
 72
1
 11
434.1400000000001
 21
-414.0
 31
0.0
100
AcDbText
 73
2
  0
TEXT
  5
4C0
330
17
100
AcDbEntity
  8
IP坐标表
100
AcDbText
 10
444.4000000000001
 20
-414.0
 30
0.0
 40
2.2
  1
0.000
 41
0.7
 72
1
 11
444.4000000000001
 21
-414.0
 31
0.0
100
AcDbText
 73
2
  0
TEXT
  5
4C1
330
17
100
AcDbEntity
  8
IP坐标表
100
AcDbText
 10
454.4500000000001
 20
-414.0
 30
0.0
 40
2.2
  1
0.000
 41
0.7
 72
1
 11
454.4500000000001
 21
-414.0
 31
0.0
100
AcDbText
 73
2
  0
TEXT
  5
4C2
330
17
100
AcDbEntity
  8
IP坐标表
100
AcDbText
 10
464.5000000000001
 20
-414.0
 30
0.0
 40
2.2
  1
0.000
 41
0.7
 72
1
 11
464.5000000000001
 21
-414.0
 31
0.0
100
AcDbText
 73
2
  0
TEXT
  5
4C3
330
17
100
AcDbEntity
  8
IP坐标表
100
AcDbText
 10
476.8000000000001
 20
-414.0
 30
0.0
 40
2.2
  1
-
 41
0.7
 72
1
 11
476.8000000000001
 21
-414.0
 31
0.0
100
AcDbText
 73
2
  0
TEXT
  5
4C4
330
17
100
AcDbEntity
  8
IP坐标表
100
AcDbText
 10
493.0500000000001
 20
-414.0
 30
0.0
 40
2.2
  1
350.419
 41
0.7
 72
1
 11
493.0500000000001
 21
-414.0
 31
0.0
100
AcDbText
 73
2
  0
TEXT
  5
4C5
330
17
100
AcDbEntity
  8
IP坐标表
100
AcDbText
 10
319.82000000000005
 20
-420.0
 30
0.0
 40
2.2
  1
蒲支IP36
 41
0.7
 72
1
 11
319.82000000000005
 21
-420.0
 31
0.0
100
AcDbText
 73
2
  0
TEXT
  5
4C6
330
17
100
AcDbEntity
  8
IP坐标表
100
AcDbText
 10
337.12
 20
-420.0
 30
0.0
 40
2.2
  1
622391.435000
 41
0.7
 72
1
 11
337.12
 21
-420.0
 31
0.0
100
AcDbText
 73
2
  0
TEXT
  5
4C7
330
17
100
AcDbEntity
  8
IP坐标表
100
AcDbText
 10
357.94000000000005
 20
-420.0
 30
0.0
 40
2.2
  1
3453209.528000
 41
0.7
 72
1
 11
357.94000000000005
 21
-420.0
 31
0.0
100
AcDbText
 73
2
  0
TEXT
  5
4C8
330
17
100
AcDbEntity
  8
IP坐标表
100
AcDbText
 10
378.68000000000006
 20
-420.0
 30
0.0
 40
2.2
  1
蒲支3+988.23
 41
0.7
 72
1
 11
378.68000000000006
 21
-420.0
 31
0.0
100
AcDbText
 73
2
  0
TEXT
  5
4C9
330
17
100
AcDbEntity
  8
IP坐标表
100
AcDbText
 10
398.68000000000006
 20
-420.0
 30
0.0
 40
2.2
  1
蒲支3+988.23
 41
0.7
 72
1
 11
398.68000000000006
 21
-420.0
 31
0.0
100
AcDbText
 73
2
  0
TEXT
  5
4CA
330
17
100
AcDbEntity
  8
IP坐标表
100
AcDbText
 10
418.68000000000006
 20
-420.0
 30
0.0
 40
2.2
  1
蒲支3+988.23
 41
0.7
 72
1
 11
418.68000000000006
 21
-420.0
 31
0.0
100
AcDbText
 73
2
  0
TEXT
  5
4CB
330
17
100
AcDbEntity
  8
IP坐标表
100
AcDbText
 10
434.1400000000001
 20
-420.0
 30
0.0
 40
2.2
  1
0.001
 41
0.7
 72
1
 11
434.1400000000001
 21
-420.0
 31
0.0
100
AcDbText
 73
2
  0
TEXT
  5
4CC
330
17
100
AcDbEntity
  8
IP坐标表
100
AcDbText
 10
444.4000000000001
 20
-420.0
 30
0.0
 40
2.2
  1
0.000
 41
0.7
 72
1
 11
444.4000000000001
 21
-420.0
 31
0.0
100
AcDbText
 73
2
  0
TEXT
  5
4CD
330
17
100
AcDbEntity
  8
IP坐标表
100
AcDbText
 10
454.4500000000001
 20
-420.0
 30
0.0
 40
2.2
  1
0.000
 41
0.7
 72
1
 11
454.4500000000001
 21
-420.0
 31
0.0
100
AcDbText
 73
2
  0
TEXT
  5
4CE
330
17
100
AcDbEntity
  8
IP坐标表
100
AcDbText
 10
464.5000000000001
 20
-420.0
 30
0.0
 40
2.2
  1
0.000
 41
0.7
 72
1
 11
464.5000000000001
 21
-420.0
 31
0.0
100
AcDbText
 73
2
  0
TEXT
  5
4CF
330
17
100
AcDbEntity
  8
IP坐标表
100
AcDbText
 10
476.8000000000001
 20
-420.0
 30
0.0
 40
2.2
  1
-
 41
0.7
 72
1
 11
476.8000000000001
 21
-420.0
 31
0.0
100
AcDbText
 73
2
  0
TEXT
  5
4D0
330
17
100
AcDbEntity
  8
IP坐标表
100
AcDbText
 10
493.0500000000001
 20
-420.0
 30
0.0
 40
2.2
  1
350.383
 41
0.7
 72
1
 11
493.0500000000001
 21
-420.0
 31
0.0
100
AcDbText
 73
2
  0
TEXT
  5
4D1
330
17
100
AcDbEntity
  8
IP坐标表
100
AcDbText
 10
319.82000000000005
 20
-426.0
 30
0.0
 40
2.2
  1
蒲支IP37
 41
0.7
 72
1
 11
319.82000000000005
 21
-426.0
 31
0.0
100
AcDbText
 73
2
  0
TEXT
  5
4D2
330
17
100
AcDbEntity
  8
IP坐标表
100
AcDbText
 10
337.12
 20
-426.0
 30
0.0
 40
2.2
  1
622239.633000
 41
0.7
 72
1
 11
337.12
 21
-426.0
 31
0.0
100
AcDbText
 73
2
  0
TEXT
  5
4D3
330
17
100
AcDbEntity
  8
IP坐标表
100
AcDbText
 10
357.94000000000005
 20
-426.0
 30
0.0
 40
2.2
  1
3453295.190000
 41
0.7
 72
1
 11
357.94000000000005
 21
-426.0
 31
0.0
100
AcDbText
 73
2
  0
TEXT
  5
4D4
330
17
100
AcDbEntity
  8
IP坐标表
100
AcDbText
 10
378.68000000000006
 20
-426.0
 30
0.0
 40
2.2
  1
蒲支4+162.53
 41
0.7
 72
1
 11
378.68000000000006
 21
-426.0
 31
0.0
100
AcDbText
 73
2
  0
TEXT
  5
4D5
330
17
100
AcDbEntity
  8
IP坐标表
100
AcDbText
 10
398.68000000000006
 20
-426.0
 30
0.0
 40
2.2
  1
蒲支4+162.53
 41
0.7
 72
1
 11
398.68000000000006
 21
-426.0
 31
0.0
100
AcDbText
 73
2
  0
TEXT
  5
4D6
330
17
100
AcDbEntity
  8
IP坐标表
100
AcDbText
 10
418.68000000000006
 20
-426.0
 30
0.0
 40
2.2
  1
蒲支4+162.53
 41
0.7
 72
1
 11
418.68000000000006
 21
-426.0
 31
0.0
100
AcDbText
 73
2
  0
TEXT
  5
4D7
330
17
100
AcDbEntity
  8
IP坐标表
100
AcDbText
 10
434.1400000000001
 20
-426.0
 30
0.0
 40
2.2
  1
21.423
 41
0.7
 72
1
 11
434.1400000000001
 21
-426.0
 31
0.0
100
AcDbText
 73
2
  0
TEXT
  5
4D8
330
17
100
AcDbEntity
  8
IP坐标表
100
AcDbText
 10
444.4000000000001
 20
-426.0
 30
0.0
 40
2.2
  1
0.000
 41
0.7
 72
1
 11
444.4000000000001
 21
-426.0
 31
0.0
100
AcDbText
 73
2
  0
TEXT
  5
4D9
330
17
100
AcDbEntity
  8
IP坐标表
100
AcDbText
 10
454.4500000000001
 20
-426.0
 30
0.0
 40
2.2
  1
0.000
 41
0.7
 72
1
 11
454.4500000000001
 21
-426.0
 31
0.0
100
AcDbText
 73
2
  0
TEXT
  5
4DA
330
17
100
AcDbEntity
  8
IP坐标表
100
AcDbText
 10
464.5000000000001
 20
-426.0
 30
0.0
 40
2.2
  1
0.000
 41
0.7
 72
1
 11
464.5000000000001
 21
-426.0
 31
0.0
100
AcDbText
 73
2
  0
TEXT
  5
4DB
330
17
100
AcDbEntity
  8
IP坐标表
100
AcDbText
 10
476.8000000000001
 20
-426.0
 30
0.0
 40
2.2
  1
-
 41
0.7
 72
1
 11
476.8000000000001
 21
-426.0
 31
0.0
100
AcDbText
 73
2
  0
TEXT
  5
4DC
330
17
100
AcDbEntity
  8
IP坐标表
100
AcDbText
 10
493.0500000000001
 20
-426.0
 30
0.0
 40
2.2
  1
350.177
 41
0.7
 72
1
 11
493.0500000000001
 21
-426.0
 31
0.0
100
AcDbText
 73
2
  0
TEXT
  5
4DD
330
17
100
AcDbEntity
  8
IP坐标表
100
AcDbText
 10
319.82000000000005
 20
-432.0
 30
0.0
 40
2.2
  1
蒲支IP38
 41
0.7
 72
1
 11
319.82000000000005
 21
-432.0
 31
0.0
100
AcDbText
 73
2
  0
TEXT
  5
4DE
330
17
100
AcDbEntity
  8
IP坐标表
100
AcDbText
 10
337.12
 20
-432.0
 30
0.0
 40
2.2
  1
622189.586000
 41
0.7
 72
1
 11
337.12
 21
-432.0
 31
0.0
100
AcDbText
 73
2
  0
TEXT
  5
4DF
330
17
100
AcDbEntity
  8
IP坐标表
100
AcDbText
 10
357.94000000000005
 20
-432.0
 30
0.0
 40
2.2
  1
3453356.683000
 41
0.7
 72
1
 11
357.94000000000005
 21
-432.0
 31
0.0
100
AcDbText
 73
2
  0
TEXT
  5
4E0
330
17
100
AcDbEntity
  8
IP坐标表
100
AcDbText
 10
378.68000000000006
 20
-432.0
 30
0.0
 40
2.2
  1
蒲支4+241.82
 41
0.7
 72
1
 11
378.68000000000006
 21
-432.0
 31
0.0
100
AcDbText
 73
2
  0
TEXT
  5
4E1
330
17
100
AcDbEntity
  8
IP坐标表
100
AcDbText
 10
398.68000000000006
 20
-432.0
 30
0.0
 40
2.2
  1
蒲支4+241.82
 41
0.7
 72
1
 11
398.68000000000006
 21
-432.0
 31
0.0
100
AcDbText
 73
2
  0
TEXT
  5
4E2
330
17
100
AcDbEntity
  8
IP坐标表
100
AcDbText
 10
418.68000000000006
 20
-432.0
 30
0.0
 40
2.2
  1
蒲支4+241.82
 41
0.7
 72
1
 11
418.68000000000006
 21
-432.0
 31
0.0
100
AcDbText
 73
2
  0
TEXT
  5
4E3
330
17
100
AcDbEntity
  8
IP坐标表
100
AcDbText
 10
434.1400000000001
 20
-432.0
 30
0.0
 40
2.2
  1
0.001
 41
0.7
 72
1
 11
434.1400000000001
 21
-432.0
 31
0.0
100
AcDbText
 73
2
  0
TEXT
  5
4E4
330
17
100
AcDbEntity
  8
IP坐标表
100
AcDbText
 10
444.4000000000001
 20
-432.0
 30
0.0
 40
2.2
  1
0.000
 41
0.7
 72
1
 11
444.4000000000001
 21
-432.0
 31
0.0
100
AcDbText
 73
2
  0
TEXT
  5
4E5
330
17
100
AcDbEntity
  8
IP坐标表
100
AcDbText
 10
454.4500000000001
 20
-432.0
 30
0.0
 40
2.2
  1
0.000
 41
0.7
 72
1
 11
454.4500000000001
 21
-432.0
 31
0.0
100
AcDbText
 73
2
  0
TEXT
  5
4E6
330
17
100
AcDbEntity
  8
IP坐标表
100
AcDbText
 10
464.5000000000001
 20
-432.0
 30
0.0
 40
2.2
  1
0.000
 41
0.7
 72
1
 11
464.5000000000001
 21
-432.0
 31
0.0
100
AcDbText
 73
2
  0
TEXT
  5
4E7
330
17
100
AcDbEntity
  8
IP坐标表
100
AcDbText
 10
476.8000000000001
 20
-432.0
 30
0.0
 40
2.2
  1
-
 41
0.7
 72
1
 11
476.8000000000001
 21
-432.0
 31
0.0
100
AcDbText
 73
2
  0
TEXT
  5
4E8
330
17
100
AcDbEntity
  8
IP坐标表
100
AcDbText
 10
493.0500000000001
 20
-432.0
 30
0.0
 40
2.2
  1
350.084
 41
0.7
 72
1
 11
493.0500000000001
 21
-432.0
 31
0.0
100
AcDbText
 73
2
  0
TEXT
  5
4E9
330
17
100
AcDbEntity
  8
IP坐标表
100
AcDbText
 10
319.82000000000005
 20
-438.0
 30
0.0
 40
2.2
  1
蒲支IP39
 41
0.7
 72
1
 11
319.82000000000005
 21
-438.0
 31
0.0
100
AcDbText
 73
2
  0
TEXT
  5
4EA
330
17
100
AcDbEntity
  8
IP坐标表
100
AcDbText
 10
337.12
 20
-438.0
 30
0.0
 40
2.2
  1
622172.488000
 41
0.7
 72
1
 11
337.12
 21
-438.0
 31
0.0
100
AcDbText
 73
2
  0
TEXT
  5
4EB
330
17
100
AcDbEntity
  8
IP坐标表
100
AcDbText
 10
357.94000000000005
 20
-438.0
 30
0.0
 40
2.2
  1
3453377.691000
 41
0.7
 72
1
 11
357.94000000000005
 21
-438.0
 31
0.0
100
AcDbText
 73
2
  0
TEXT
  5
4EC
330
17
100
AcDbEntity
  8
IP坐标表
100
AcDbText
 10
378.68000000000006
 20
-438.0
 30
0.0
 40
2.2
  1
蒲支4+268.90
 41
0.7
 72
1
 11
378.68000000000006
 21
-438.0
 31
0.0
100
AcDbText
 73
2
  0
TEXT
  5
4ED
330
17
100
AcDbEntity
  8
IP坐标表
100
AcDbText
 10
398.68000000000006
 20
-438.0
 30
0.0
 40
2.2
  1
蒲支4+268.90
 41
0.7
 72
1
 11
398.68000000000006
 21
-438.0
 31
0.0
100
AcDbText
 73
2
  0
TEXT
  5
4EE
330
17
100
AcDbEntity
  8
IP坐标表
100
AcDbText
 10
418.68000000000006
 20
-438.0
 30
0.0
 40
2.2
  1
蒲支4+268.90
 41
0.7
 72
1
 11
418.68000000000006
 21
-438.0
 31
0.0
100
AcDbText
 73
2
  0
TEXT
  5
4EF
330
17
100
AcDbEntity
  8
IP坐标表
100
AcDbText
 10
434.1400000000001
 20
-438.0
 30
0.0
 40
2.2
  1
20.808
 41
0.7
 72
1
 11
434.1400000000001
 21
-438.0
 31
0.0
100
AcDbText
 73
2
  0
TEXT
  5
4F0
330
17
100
AcDbEntity
  8
IP坐标表
100
AcDbText
 10
444.4000000000001
 20
-438.0
 30
0.0
 40
2.2
  1
0.000
 41
0.7
 72
1
 11
444.4000000000001
 21
-438.0
 31
0.0
100
AcDbText
 73
2
  0
TEXT
  5
4F1
330
17
100
AcDbEntity
  8
IP坐标表
100
AcDbText
 10
454.4500000000001
 20
-438.0
 30
0.0
 40
2.2
  1
0.000
 41
0.7
 72
1
 11
454.4500000000001
 21
-438.0
 31
0.0
100
AcDbText
 73
2
  0
TEXT
  5
4F2
330
17
100
AcDbEntity
  8
IP坐标表
100
AcDbText
 10
464.5000000000001
 20
-438.0
 30
0.0
 40
2.2
  1
0.000
 41
0.7
 72
1
 11
464.5000000000001
 21
-438.0
 31
0.0
100
AcDbText
 73
2
  0
TEXT
  5
4F3
330
17
100
AcDbEntity
  8
IP坐标表
100
AcDbText
 10
476.8000000000001
 20
-438.0
 30
0.0
 40
2.2
  1
-
 41
0.7
 72
1
 11
476.8000000000001
 21
-438.0
 31
0.0
100
AcDbText
 73
2
  0
TEXT
  5
4F4
330
17
100
AcDbEntity
  8
IP坐标表
100
AcDbText
 10
493.0500000000001
 20
-438.0
 30
0.0
 40
2.2
  1
350.051
 41
0.7
 72
1
 11
493.0500000000001
 21
-438.0
 31
0.0
100
AcDbText
 73
2
  0
TEXT
  5
4F5
330
17
100
AcDbEntity
  8
IP坐标表
100
AcDbText
 10
319.82000000000005
 20
-444.0
 30
0.0
 40
2.2
  1
蒲支IP40
 41
0.7
 72
1
 11
319.82000000000005
 21
-444.0
 31
0.0
100
AcDbText
 73
2
  0
TEXT
  5
4F6
330
17
100
AcDbEntity
  8
IP坐标表
100
AcDbText
 10
337.12
 20
-444.0
 30
0.0
 40
2.2
  1
622142.344000
 41
0.7
 72
1
 11
337.12
 21
-444.0
 31
0.0
100
AcDbText
 73
2
  0
TEXT
  5
4F7
330
17
100
AcDbEntity
  8
IP坐标表
100
AcDbText
 10
357.94000000000005
 20
-444.0
 30
0.0
 40
2.2
  1
3453395.130000
 41
0.7
 72
1
 11
357.94000000000005
 21
-444.0
 31
0.0
100
AcDbText
 73
2
  0
TEXT
  5
4F8
330
17
100
AcDbEntity
  8
IP坐标表
100
AcDbText
 10
378.68000000000006
 20
-444.0
 30
0.0
 40
2.2
  1
蒲支4+303.73
 41
0.7
 72
1
 11
378.68000000000006
 21
-444.0
 31
0.0
100
AcDbText
 73
2
  0
TEXT
  5
4F9
330
17
100
AcDbEntity
  8
IP坐标表
100
AcDbText
 10
398.68000000000006
 20
-444.0
 30
0.0
 40
2.2
  1
蒲支4+303.73
 41
0.7
 72
1
 11
398.68000000000006
 21
-444.0
 31
0.0
100
AcDbText
 73
2
  0
TEXT
  5
4FA
330
17
100
AcDbEntity
  8
IP坐标表
100
AcDbText
 10
418.68000000000006
 20
-444.0
 30
0.0
 40
2.2
  1
蒲支4+303.73
 41
0.7
 72
1
 11
418.68000000000006
 21
-444.0
 31
0.0
100
AcDbText
 73
2
  0
TEXT
  5
4FB
330
17
100
AcDbEntity
  8
IP坐标表
100
AcDbText
 10
434.1400000000001
 20
-444.0
 30
0.0
 40
2.2
  1
0.001
 41
0.7
 72
1
 11
434.1400000000001
 21
-444.0
 31
0.0
100
AcDbText
 73
2
  0
TEXT
  5
4FC
330
17
100
AcDbEntity
  8
IP坐标表
100
AcDbText
 10
444.4000000000001
 20
-444.0
 30
0.0
 40
2.2
  1
0.000
 41
0.7
 72
1
 11
444.4000000000001
 21
-444.0
 31
0.0
100
AcDbText
 73
2
  0
TEXT
  5
4FD
330
17
100
AcDbEntity
  8
IP坐标表
100
AcDbText
 10
454.4500000000001
 20
-444.0
 30
0.0
 40
2.2
  1
0.000
 41
0.7
 72
1
 11
454.4500000000001
 21
-444.0
 31
0.0
100
AcDbText
 73
2
  0
TEXT
  5
4FE
330
17
100
AcDbEntity
  8
IP坐标表
100
AcDbText
 10
464.5000000000001
 20
-444.0
 30
0.0
 40
2.2
  1
0.000
 41
0.7
 72
1
 11
464.5000000000001
 21
-444.0
 31
0.0
100
AcDbText
 73
2
  0
TEXT
  5
4FF
330
17
100
AcDbEntity
  8
IP坐标表
100
AcDbText
 10
476.8000000000001
 20
-444.0
 30
0.0
 40
2.2
  1
-
 41
0.7
 72
1
 11
476.8000000000001
 21
-444.0
 31
0.0
100
AcDbText
 73
2
  0
TEXT
  5
500
330
17
100
AcDbEntity
  8
IP坐标表
100
AcDbText
 10
493.0500000000001
 20
-444.0
 30
0.0
 40
2.2
  1
350.010
 41
0.7
 72
1
 11
493.0500000000001
 21
-444.0
 31
0.0
100
AcDbText
 73
2
  0
TEXT
  5
501
330
17
100
AcDbEntity
  8
IP坐标表
100
AcDbText
 10
319.82000000000005
 20
-450.0
 30
0.0
 40
2.2
  1
蒲支IP41
 41
0.7
 72
1
 11
319.82000000000005
 21
-450.0
 31
0.0
100
AcDbText
 73
2
  0
TEXT
  5
502
330
17
100
AcDbEntity
  8
IP坐标表
100
AcDbText
 10
337.12
 20
-450.0
 30
0.0
 40
2.2
  1
622052.785000
 41
0.7
 72
1
 11
337.12
 21
-450.0
 31
0.0
100
AcDbText
 73
2
  0
TEXT
  5
503
330
17
100
AcDbEntity
  8
IP坐标表
100
AcDbText
 10
357.94000000000005
 20
-450.0
 30
0.0
 40
2.2
  1
3453446.943000
 41
0.7
 72
1
 11
357.94000000000005
 21
-450.0
 31
0.0
100
AcDbText
 73
2
  0
TEXT
  5
504
330
17
100
AcDbEntity
  8
IP坐标表
100
AcDbText
 10
378.68000000000006
 20
-450.0
 30
0.0
 40
2.2
  1
蒲支4+407.20
 41
0.7
 72
1
 11
378.68000000000006
 21
-450.0
 31
0.0
100
AcDbText
 73
2
  0
TEXT
  5
505
330
17
100
AcDbEntity
  8
IP坐标表
100
AcDbText
 10
398.68000000000006
 20
-450.0
 30
0.0
 40
2.2
  1
蒲支4+407.20
 41
0.7
 72
1
 11
398.68000000000006
 21
-450.0
 31
0.0
100
AcDbText
 73
2
  0
TEXT
  5
506
330
17
100
AcDbEntity
  8
IP坐标表
100
AcDbText
 10
418.68000000000006
 20
-450.0
 30
0.0
 40
2.2
  1
蒲支4+407.20
 41
0.7
 72
1
 11
418.68000000000006
 21
-450.0
 31
0.0
100
AcDbText
 73
2
  0
TEXT
  5
507
330
17
100
AcDbEntity
  8
IP坐标表
100
AcDbText
 10
434.1400000000001
 20
-450.0
 30
0.0
 40
2.2
  1
25.877
 41
0.7
 72
1
 11
434.1400000000001
 21
-450.0
 31
0.0
100
AcDbText
 73
2
  0
TEXT
  5
508
330
17
100
AcDbEntity
  8
IP坐标表
100
AcDbText
 10
444.4000000000001
 20
-450.0
 30
0.0
 40
2.2
  1
0.000
 41
0.7
 72
1
 11
444.4000000000001
 21
-450.0
 31
0.0
100
AcDbText
 73
2
  0
TEXT
  5
509
330
17
100
AcDbEntity
  8
IP坐标表
100
AcDbText
 10
454.4500000000001
 20
-450.0
 30
0.0
 40
2.2
  1
0.000
 41
0.7
 72
1
 11
454.4500000000001
 21
-450.0
 31
0.0
100
AcDbText
 73
2
  0
TEXT
  5
50A
330
17
100
AcDbEntity
  8
IP坐标表
100
AcDbText
 10
464.5000000000001
 20
-450.0
 30
0.0
 40
2.2
  1
0.000
 41
0.7
 72
1
 11
464.5000000000001
 21
-450.0
 31
0.0
100
AcDbText
 73
2
  0
TEXT
  5
50B
330
17
100
AcDbEntity
  8
IP坐标表
100
AcDbText
 10
476.8000000000001
 20
-450.0
 30
0.0
 40
2.2
  1
-
 41
0.7
 72
1
 11
476.8000000000001
 21
-450.0
 31
0.0
100
AcDbText
 73
2
  0
TEXT
  5
50C
330
17
100
AcDbEntity
  8
IP坐标表
100
AcDbText
 10
493.0500000000001
 20
-450.0
 30
0.0
 40
2.2
  1
349.887
 41
0.7
 72
1
 11
493.0500000000001
 21
-450.0
 31
0.0
100
AcDbText
 73
2
  0
TEXT
  5
50D
330
17
100
AcDbEntity
  8
IP坐标表
100
AcDbText
 10
319.82000000000005
 20
-456.0
 30
0.0
 40
2.2
  1
蒲支IP42
 41
0.7
 72
1
 11
319.82000000000005
 21
-456.0
 31
0.0
100
AcDbText
 73
2
  0
TEXT
  5
50E
330
17
100
AcDbEntity
  8
IP坐标表
100
AcDbText
 10
337.12
 20
-456.0
 30
0.0
 40
2.2
  1
622022.170000
 41
0.7
 72
1
 11
337.12
 21
-456.0
 31
0.0
100
AcDbText
 73
2
  0
TEXT
  5
50F
330
17
100
AcDbEntity
  8
IP坐标表
100
AcDbText
 10
357.94000000000005
 20
-456.0
 30
0.0
 40
2.2
  1
3453492.208000
 41
0.7
 72
1
 11
357.94000000000005
 21
-456.0
 31
0.0
100
AcDbText
 73
2
  0
TEXT
  5
510
330
17
100
AcDbEntity
  8
IP坐标表
100
AcDbText
 10
378.68000000000006
 20
-456.0
 30
0.0
 40
2.2
  1
蒲支4+461.84
 41
0.7
 72
1
 11
378.68000000000006
 21
-456.0
 31
0.0
100
AcDbText
 73
2
  0
TEXT
  5
511
330
17
100
AcDbEntity
  8
IP坐标表
100
AcDbText
 10
398.68000000000006
 20
-456.0
 30
0.0
 40
2.2
  1
蒲支4+461.84
 41
0.7
 72
1
 11
398.68000000000006
 21
-456.0
 31
0.0
100
AcDbText
 73
2
  0
TEXT
  5
512
330
17
100
AcDbEntity
  8
IP坐标表
100
AcDbText
 10
418.68000000000006
 20
-456.0
 30
0.0
 40
2.2
  1
蒲支4+461.84
 41
0.7
 72
1
 11
418.68000000000006
 21
-456.0
 31
0.0
100
AcDbText
 73
2
  0
TEXT
  5
513
330
17
100
AcDbEntity
  8
IP坐标表
100
AcDbText
 10
434.1400000000001
 20
-456.0
 30
0.0
 40
2.2
  1
0.001
 41
0.7
 72
1
 11
434.1400000000001
 21
-456.0
 31
0.0
100
AcDbText
 73
2
  0
TEXT
  5
514
330
17
100
AcDbEntity
  8
IP坐标表
100
AcDbText
 10
444.4000000000001
 20
-456.0
 30
0.0
 40
2.2
  1
0.000
 41
0.7
 72
1
 11
444.4000000000001
 21
-456.0
 31
0.0
100
AcDbText
 73
2
  0
TEXT
  5
515
330
17
100
AcDbEntity
  8
IP坐标表
100
AcDbText
 10
454.4500000000001
 20
-456.0
 30
0.0
 40
2.2
  1
0.000
 41
0.7
 72
1
 11
454.4500000000001
 21
-456.0
 31
0.0
100
AcDbText
 73
2
  0
TEXT
  5
516
330
17
100
AcDbEntity
  8
IP坐标表
100
AcDbText
 10
464.5000000000001
 20
-456.0
 30
0.0
 40
2.2
  1
0.000
 41
0.7
 72
1
 11
464.5000000000001
 21
-456.0
 31
0.0
100
AcDbText
 73
2
  0
TEXT
  5
517
330
17
100
AcDbEntity
  8
IP坐标表
100
AcDbText
 10
476.8000000000001
 20
-456.0
 30
0.0
 40
2.2
  1
-
 41
0.7
 72
1
 11
476.8000000000001
 21
-456.0
 31
0.0
100
AcDbText
 73
2
  0
TEXT
  5
518
330
17
100
AcDbEntity
  8
IP坐标表
100
AcDbText
 10
493.0500000000001
 20
-456.0
 30
0.0
 40
2.2
  1
349.823
 41
0.7
 72
1
 11
493.0500000000001
 21
-456.0
 31
0.0
100
AcDbText
 73
2
  0
TEXT
  5
519
330
17
100
AcDbEntity
  8
IP坐标表
100
AcDbText
 10
319.82000000000005
 20
-462.0
 30
0.0
 40
2.2
  1
蒲支IP43
 41
0.7
 72
1
 11
319.82000000000005
 21
-462.0
 31
0.0
100
AcDbText
 73
2
  0
TEXT
  5
51A
330
17
100
AcDbEntity
  8
IP坐标表
100
AcDbText
 10
337.12
 20
-462.0
 30
0.0
 40
2.2
  1
622013.448000
 41
0.7
 72
1
 11
337.12
 21
-462.0
 31
0.0
100
AcDbText
 73
2
  0
TEXT
  5
51B
330
17
100
AcDbEntity
  8
IP坐标表
100
AcDbText
 10
357.94000000000005
 20
-462.0
 30
0.0
 40
2.2
  1
3453505.103000
 41
0.7
 72
1
 11
357.94000000000005
 21
-462.0
 31
0.0
100
AcDbText
 73
2
  0
TEXT
  5
51C
330
17
100
AcDbEntity
  8
IP坐标表
100
AcDbText
 10
378.68000000000006
 20
-462.0
 30
0.0
 40
2.2
  1
蒲支4+477.41
 41
0.7
 72
1
 11
378.68000000000006
 21
-462.0
 31
0.0
100
AcDbText
 73
2
  0
TEXT
  5
51D
330
17
100
AcDbEntity
  8
IP坐标表
100
AcDbText
 10
398.68000000000006
 20
-462.0
 30
0.0
 40
2.2
  1
蒲支4+477.41
 41
0.7
 72
1
 11
398.68000000000006
 21
-462.0
 31
0.0
100
AcDbText
 73
2
  0
TEXT
  5
51E
330
17
100
AcDbEntity
  8
IP坐标表
100
AcDbText
 10
418.68000000000006
 20
-462.0
 30
0.0
 40
2.2
  1
蒲支4+477.41
 41
0.7
 72
1
 11
418.68000000000006
 21
-462.0
 31
0.0
100
AcDbText
 73
2
  0
TEXT
  5
51F
330
17
100
AcDbEntity
  8
IP坐标表
100
AcDbText
 10
434.1400000000001
 20
-462.0
 30
0.0
 40
2.2
  1
0.000
 41
0.7
 72
1
 11
434.1400000000001
 21
-462.0
 31
0.0
100
AcDbText
 73
2
  0
TEXT
  5
520
330
17
100
AcDbEntity
  8
IP坐标表
100
AcDbText
 10
444.4000000000001
 20
-462.0
 30
0.0
 40
2.2
  1
0.000
 41
0.7
 72
1
 11
444.4000000000001
 21
-462.0
 31
0.0
100
AcDbText
 73
2
  0
TEXT
  5
521
330
17
100
AcDbEntity
  8
IP坐标表
100
AcDbText
 10
454.4500000000001
 20
-462.0
 30
0.0
 40
2.2
  1
0.000
 41
0.7
 72
1
 11
454.4500000000001
 21
-462.0
 31
0.0
100
AcDbText
 73
2
  0
TEXT
  5
522
330
17
100
AcDbEntity
  8
IP坐标表
100
AcDbText
 10
464.5000000000001
 20
-462.0
 30
0.0
 40
2.2
  1
0.000
 41
0.7
 72
1
 11
464.5000000000001
 21
-462.0
 31
0.0
100
AcDbText
 73
2
  0
TEXT
  5
523
330
17
100
AcDbEntity
  8
IP坐标表
100
AcDbText
 10
476.8000000000001
 20
-462.0
 30
0.0
 40
2.2
  1
-
 41
0.7
 72
1
 11
476.8000000000001
 21
-462.0
 31
0.0
100
AcDbText
 73
2
  0
TEXT
  5
524
330
17
100
AcDbEntity
  8
IP坐标表
100
AcDbText
 10
493.0500000000001
 20
-462.0
 30
0.0
 40
2.2
  1
349.805
 41
0.7
 72
1
 11
493.0500000000001
 21
-462.0
 31
0.0
100
AcDbText
 73
2
  0
TEXT
  5
525
330
17
100
AcDbEntity
  8
IP坐标表
100
AcDbText
 10
319.82000000000005
 20
-468.0
 30
0.0
 40
2.2
  1
蒲支IP44
 41
0.7
 72
1
 11
319.82000000000005
 21
-468.0
 31
0.0
100
AcDbText
 73
2
  0
TEXT
  5
526
330
17
100
AcDbEntity
  8
IP坐标表
100
AcDbText
 10
337.12
 20
-468.0
 30
0.0
 40
2.2
  1
621997.456000
 41
0.7
 72
1
 11
337.12
 21
-468.0
 31
0.0
100
AcDbText
 73
2
  0
TEXT
  5
527
330
17
100
AcDbEntity
  8
IP坐标表
100
AcDbText
 10
357.94000000000005
 20
-468.0
 30
0.0
 40
2.2
  1
3453528.746000
 41
0.7
 72
1
 11
357.94000000000005
 21
-468.0
 31
0.0
100
AcDbText
 73
2
  0
TEXT
  5
528
330
17
100
AcDbEntity
  8
IP坐标表
100
AcDbText
 10
378.68000000000006
 20
-468.0
 30
0.0
 40
2.2
  1
蒲支4+505.95
 41
0.7
 72
1
 11
378.68000000000006
 21
-468.0
 31
0.0
100
AcDbText
 73
2
  0
TEXT
  5
529
330
17
100
AcDbEntity
  8
IP坐标表
100
AcDbText
 10
398.68000000000006
 20
-468.0
 30
0.0
 40
2.2
  1
蒲支4+505.95
 41
0.7
 72
1
 11
398.68000000000006
 21
-468.0
 31
0.0
100
AcDbText
 73
2
  0
TEXT
  5
52A
330
17
100
AcDbEntity
  8
IP坐标表
100
AcDbText
 10
418.68000000000006
 20
-468.0
 30
0.0
 40
2.2
  1
蒲支4+505.95
 41
0.7
 72
1
 11
418.68000000000006
 21
-468.0
 31
0.0
100
AcDbText
 73
2
  0
TEXT
  5
52B
330
17
100
AcDbEntity
  8
IP坐标表
100
AcDbText
 10
434.1400000000001
 20
-468.0
 30
0.0
 40
2.2
  1
14.290
 41
0.7
 72
1
 11
434.1400000000001
 21
-468.0
 31
0.0
100
AcDbText
 73
2
  0
TEXT
  5
52C
330
17
100
AcDbEntity
  8
IP坐标表
100
AcDbText
 10
444.4000000000001
 20
-468.0
 30
0.0
 40
2.2
  1
0.000
 41
0.7
 72
1
 11
444.4000000000001
 21
-468.0
 31
0.0
100
AcDbText
 73
2
  0
TEXT
  5
52D
330
17
100
AcDbEntity
  8
IP坐标表
100
AcDbText
 10
454.4500000000001
 20
-468.0
 30
0.0
 40
2.2
  1
0.000
 41
0.7
 72
1
 11
454.4500000000001
 21
-468.0
 31
0.0
100
AcDbText
 73
2
  0
TEXT
  5
52E
330
17
100
AcDbEntity
  8
IP坐标表
100
AcDbText
 10
464.5000000000001
 20
-468.0
 30
0.0
 40
2.2
  1
0.000
 41
0.7
 72
1
 11
464.5000000000001
 21
-468.0
 31
0.0
100
AcDbText
 73
2
  0
TEXT
  5
52F
330
17
100
AcDbEntity
  8
IP坐标表
100
AcDbText
 10
476.8000000000001
 20
-468.0
 30
0.0
 40
2.2
  1
-
 41
0.7
 72
1
 11
476.8000000000001
 21
-468.0
 31
0.0
100
AcDbText
 73
2
  0
TEXT
  5
530
330
17
100
AcDbEntity
  8
IP坐标表
100
AcDbText
 10
493.0500000000001
 20
-468.0
 30
0.0
 40
2.2
  1
349.771
 41
0.7
 72
1
 11
493.0500000000001
 21
-468.0
 31
0.0
100
AcDbText
 73
2
  0
TEXT
  5
531
330
17
100
AcDbEntity
  8
IP坐标表
100
AcDbText
 10
319.82000000000005
 20
-474.0
 30
0.0
 40
2.2
  1
蒲支IP45
 41
0.7
 72
1
 11
319.82000000000005
 21
-474.0
 31
0.0
100
AcDbText
 73
2
  0
TEXT
  5
532
330
17
100
AcDbEntity
  8
IP坐标表
100
AcDbText
 10
337.12
 20
-474.0
 30
0.0
 40
2.2
  1
621992.200000
 41
0.7
 72
1
 11
337.12
 21
-474.0
 31
0.0
100
AcDbText
 73
2
  0
TEXT
  5
533
330
17
100
AcDbEntity
  8
IP坐标表
100
AcDbText
 10
357.94000000000005
 20
-474.0
 30
0.0
 40
2.2
  1
3453543.358000
 41
0.7
 72
1
 11
357.94000000000005
 21
-474.0
 31
0.0
100
AcDbText
 73
2
  0
TEXT
  5
534
330
17
100
AcDbEntity
  8
IP坐标表
100
AcDbText
 10
378.68000000000006
 20
-474.0
 30
0.0
 40
2.2
  1
蒲支4+521.48
 41
0.7
 72
1
 11
378.68000000000006
 21
-474.0
 31
0.0
100
AcDbText
 73
2
  0
TEXT
  5
535
330
17
100
AcDbEntity
  8
IP坐标表
100
AcDbText
 10
398.68000000000006
 20
-474.0
 30
0.0
 40
2.2
  1
蒲支4+521.48
 41
0.7
 72
1
 11
398.68000000000006
 21
-474.0
 31
0.0
100
AcDbText
 73
2
  0
TEXT
  5
536
330
17
100
AcDbEntity
  8
IP坐标表
100
AcDbText
 10
418.68000000000006
 20
-474.0
 30
0.0
 40
2.2
  1
蒲支4+521.48
 41
0.7
 72
1
 11
418.68000000000006
 21
-474.0
 31
0.0
100
AcDbText
 73
2
  0
TEXT
  5
537
330
17
100
AcDbEntity
  8
IP坐标表
100
AcDbText
 10
434.1400000000001
 20
-474.0
 30
0.0
 40
2.2
  1
0.001
 41
0.7
 72
1
 11
434.1400000000001
 21
-474.0
 31
0.0
100
AcDbText
 73
2
  0
TEXT
  5
538
330
17
100
AcDbEntity
  8
IP坐标表
100
AcDbText
 10
444.4000000000001
 20
-474.0
 30
0.0
 40
2.2
  1
0.000
 41
0.7
 72
1
 11
444.4000000000001
 21
-474.0
 31
0.0
100
AcDbText
 73
2
  0
TEXT
  5
539
330
17
100
AcDbEntity
  8
IP坐标表
100
AcDbText
 10
454.4500000000001
 20
-474.0
 30
0.0
 40
2.2
  1
0.000
 41
0.7
 72
1
 11
454.4500000000001
 21
-474.0
 31
0.0
100
AcDbText
 73
2
  0
TEXT
  5
53A
330
17
100
AcDbEntity
  8
IP坐标表
100
AcDbText
 10
464.5000000000001
 20
-474.0
 30
0.0
 40
2.2
  1
0.000
 41
0.7
 72
1
 11
464.5000000000001
 21
-474.0
 31
0.0
100
AcDbText
 73
2
  0
TEXT
  5
53B
330
17
100
AcDbEntity
  8
IP坐标表
100
AcDbText
 10
476.8000000000001
 20
-474.0
 30
0.0
 40
2.2
  1
-
 41
0.7
 72
1
 11
476.8000000000001
 21
-474.0
 31
0.0
100
AcDbText
 73
2
  0
TEXT
  5
53C
330
17
100
AcDbEntity
  8
IP坐标表
100
AcDbText
 10
493.0500000000001
 20
-474.0
 30
0.0
 40
2.2
  1
349.753
 41
0.7
 72
1
 11
493.0500000000001
 21
-474.0
 31
0.0
100
AcDbText
 73
2
  0
TEXT
  5
53D
330
17
100
AcDbEntity
  8
IP坐标表
100
AcDbText
 10
319.82000000000005
 20
-480.0
 30
0.0
 40
2.2
  1
蒲支IP46
 41
0.7
 72
1
 11
319.82000000000005
 21
-480.0
 31
0.0
100
AcDbText
 73
2
  0
TEXT
  5
53E
330
17
100
AcDbEntity
  8
IP坐标表
100
AcDbText
 10
337.12
 20
-480.0
 30
0.0
 40
2.2
  1
621981.374000
 41
0.7
 72
1
 11
337.12
 21
-480.0
 31
0.0
100
AcDbText
 73
2
  0
TEXT
  5
53F
330
17
100
AcDbEntity
  8
IP坐标表
100
AcDbText
 10
357.94000000000005
 20
-480.0
 30
0.0
 40
2.2
  1
3453573.454000
 41
0.7
 72
1
 11
357.94000000000005
 21
-480.0
 31
0.0
100
AcDbText
 73
2
  0
TEXT
  5
540
330
17
100
AcDbEntity
  8
IP坐标表
100
AcDbText
 10
378.68000000000006
 20
-480.0
 30
0.0
 40
2.2
  1
蒲支4+553.47
 41
0.7
 72
1
 11
378.68000000000006
 21
-480.0
 31
0.0
100
AcDbText
 73
2
  0
TEXT
  5
541
330
17
100
AcDbEntity
  8
IP坐标表
100
AcDbText
 10
398.68000000000006
 20
-480.0
 30
0.0
 40
2.2
  1
蒲支4+553.47
 41
0.7
 72
1
 11
398.68000000000006
 21
-480.0
 31
0.0
100
AcDbText
 73
2
  0
TEXT
  5
542
330
17
100
AcDbEntity
  8
IP坐标表
100
AcDbText
 10
418.68000000000006
 20
-480.0
 30
0.0
 40
2.2
  1
蒲支4+553.47
 41
0.7
 72
1
 11
418.68000000000006
 21
-480.0
 31
0.0
100
AcDbText
 73
2
  0
TEXT
  5
543
330
17
100
AcDbEntity
  8
IP坐标表
100
AcDbText
 10
434.1400000000001
 20
-480.0
 30
0.0
 40
2.2
  1
41.441
 41
0.7
 72
1
 11
434.1400000000001
 21
-480.0
 31
0.0
100
AcDbText
 73
2
  0
TEXT
  5
544
330
17
100
AcDbEntity
  8
IP坐标表
100
AcDbText
 10
444.4000000000001
 20
-480.0
 30
0.0
 40
2.2
  1
0.000
 41
0.7
 72
1
 11
444.4000000000001
 21
-480.0
 31
0.0
100
AcDbText
 73
2
  0
TEXT
  5
545
330
17
100
AcDbEntity
  8
IP坐标表
100
AcDbText
 10
454.4500000000001
 20
-480.0
 30
0.0
 40
2.2
  1
0.000
 41
0.7
 72
1
 11
454.4500000000001
 21
-480.0
 31
0.0
100
AcDbText
 73
2
  0
TEXT
  5
546
330
17
100
AcDbEntity
  8
IP坐标表
100
AcDbText
 10
464.5000000000001
 20
-480.0
 30
0.0
 40
2.2
  1
0.000
 41
0.7
 72
1
 11
464.5000000000001
 21
-480.0
 31
0.0
100
AcDbText
 73
2
  0
TEXT
  5
547
330
17
100
AcDbEntity
  8
IP坐标表
100
AcDbText
 10
476.8000000000001
 20
-480.0
 30
0.0
 40
2.2
  1
-
 41
0.7
 72
1
 11
476.8000000000001
 21
-480.0
 31
0.0
100
AcDbText
 73
2
  0
TEXT
  5
548
330
17
100
AcDbEntity
  8
IP坐标表
100
AcDbText
 10
493.0500000000001
 20
-480.0
 30
0.0
 40
2.2
  1
349.711
 41
0.7
 72
1
 11
493.0500000000001
 21
-480.0
 31
0.0
100
AcDbText
 73
2
  0
TEXT
  5
549
330
17
100
AcDbEntity
  8
IP坐标表
100
AcDbText
 10
319.82000000000005
 20
-486.0
 30
0.0
 40
2.2
  1
蒲支IP47
 41
0.7
 72
1
 11
319.82000000000005
 21
-486.0
 31
0.0
100
AcDbText
 73
2
  0
TEXT
  5
54A
330
17
100
AcDbEntity
  8
IP坐标表
100
AcDbText
 10
337.12
 20
-486.0
 30
0.0
 40
2.2
  1
621971.940000
 41
0.7
 72
1
 11
337.12
 21
-486.0
 31
0.0
100
AcDbText
 73
2
  0
TEXT
  5
54B
330
17
100
AcDbEntity
  8
IP坐标表
100
AcDbText
 10
357.94000000000005
 20
-486.0
 30
0.0
 40
2.2
  1
3453578.635000
 41
0.7
 72
1
 11
357.94000000000005
 21
-486.0
 31
0.0
100
AcDbText
 73
2
  0
TEXT
  5
54C
330
17
100
AcDbEntity
  8
IP坐标表
100
AcDbText
 10
378.68000000000006
 20
-486.0
 30
0.0
 40
2.2
  1
蒲支4+564.23
 41
0.7
 72
1
 11
378.68000000000006
 21
-486.0
 31
0.0
100
AcDbText
 73
2
  0
TEXT
  5
54D
330
17
100
AcDbEntity
  8
IP坐标表
100
AcDbText
 10
398.68000000000006
 20
-486.0
 30
0.0
 40
2.2
  1
蒲支4+564.23
 41
0.7
 72
1
 11
398.68000000000006
 21
-486.0
 31
0.0
100
AcDbText
 73
2
  0
TEXT
  5
54E
330
17
100
AcDbEntity
  8
IP坐标表
100
AcDbText
 10
418.68000000000006
 20
-486.0
 30
0.0
 40
2.2
  1
蒲支4+564.23
 41
0.7
 72
1
 11
418.68000000000006
 21
-486.0
 31
0.0
100
AcDbText
 73
2
  0
TEXT
  5
54F
330
17
100
AcDbEntity
  8
IP坐标表
100
AcDbText
 10
434.1400000000001
 20
-486.0
 30
0.0
 40
2.2
  1
0.000
 41
0.7
 72
1
 11
434.1400000000001
 21
-486.0
 31
0.0
100
AcDbText
 73
2
  0
TEXT
  5
550
330
17
100
AcDbEntity
  8
IP坐标表
100
AcDbText
 10
444.4000000000001
 20
-486.0
 30
0.0
 40
2.2
  1
0.000
 41
0.7
 72
1
 11
444.4000000000001
 21
-486.0
 31
0.0
100
AcDbText
 73
2
  0
TEXT
  5
551
330
17
100
AcDbEntity
  8
IP坐标表
100
AcDbText
 10
454.4500000000001
 20
-486.0
 30
0.0
 40
2.2
  1
0.000
 41
0.7
 72
1
 11
454.4500000000001
 21
-486.0
 31
0.0
100
AcDbText
 73
2
  0
TEXT
  5
552
330
17
100
AcDbEntity
  8
IP坐标表
100
AcDbText
 10
464.5000000000001
 20
-486.0
 30
0.0
 40
2.2
  1
0.000
 41
0.7
 72
1
 11
464.5000000000001
 21
-486.0
 31
0.0
100
AcDbText
 73
2
  0
TEXT
  5
553
330
17
100
AcDbEntity
  8
IP坐标表
100
AcDbText
 10
476.8000000000001
 20
-486.0
 30
0.0
 40
2.2
  1
-
 41
0.7
 72
1
 11
476.8000000000001
 21
-486.0
 31
0.0
100
AcDbText
 73
2
  0
TEXT
  5
554
330
17
100
AcDbEntity
  8
IP坐标表
100
AcDbText
 10
493.0500000000001
 20
-486.0
 30
0.0
 40
2.2
  1
349.698
 41
0.7
 72
1
 11
493.0500000000001
 21
-486.0
 31
0.0
100
AcDbText
 73
2
  0
TEXT
  5
555
330
17
100
AcDbEntity
  8
IP坐标表
100
AcDbText
 10
319.82000000000005
 20
-492.0
 30
0.0
 40
2.2
  1
蒲支IP48
 41
0.7
 72
1
 11
319.82000000000005
 21
-492.0
 31
0.0
100
AcDbText
 73
2
  0
TEXT
  5
556
330
17
100
AcDbEntity
  8
IP坐标表
100
AcDbText
 10
337.12
 20
-492.0
 30
0.0
 40
2.2
  1
621919.602000
 41
0.7
 72
1
 11
337.12
 21
-492.0
 31
0.0
100
AcDbText
 73
2
  0
TEXT
  5
557
330
17
100
AcDbEntity
  8
IP坐标表
100
AcDbText
 10
357.94000000000005
 20
-492.0
 30
0.0
 40
2.2
  1
3453607.378000
 41
0.7
 72
1
 11
357.94000000000005
 21
-492.0
 31
0.0
100
AcDbText
 73
2
  0
TEXT
  5
558
330
17
100
AcDbEntity
  8
IP坐标表
100
AcDbText
 10
378.68000000000006
 20
-492.0
 30
0.0
 40
2.2
  1
蒲支4+623.94
 41
0.7
 72
1
 11
378.68000000000006
 21
-492.0
 31
0.0
100
AcDbText
 73
2
  0
TEXT
  5
559
330
17
100
AcDbEntity
  8
IP坐标表
100
AcDbText
 10
398.68000000000006
 20
-492.0
 30
0.0
 40
2.2
  1
蒲支4+623.94
 41
0.7
 72
1
 11
398.68000000000006
 21
-492.0
 31
0.0
100
AcDbText
 73
2
  0
TEXT
  5
55A
330
17
100
AcDbEntity
  8
IP坐标表
100
AcDbText
 10
418.68000000000006
 20
-492.0
 30
0.0
 40
2.2
  1
蒲支4+623.94
 41
0.7
 72
1
 11
418.68000000000006
 21
-492.0
 31
0.0
100
AcDbText
 73
2
  0
TEXT
  5
55B
330
17
100
AcDbEntity
  8
IP坐标表
100
AcDbText
 10
434.1400000000001
 20
-492.0
 30
0.0
 40
2.2
  1
12.774
 41
0.7
 72
1
 11
434.1400000000001
 21
-492.0
 31
0.0
100
AcDbText
 73
2
  0
TEXT
  5
55C
330
17
100
AcDbEntity
  8
IP坐标表
100
AcDbText
 10
444.4000000000001
 20
-492.0
 30
0.0
 40
2.2
  1
0.000
 41
0.7
 72
1
 11
444.4000000000001
 21
-492.0
 31
0.0
100
AcDbText
 73
2
  0
TEXT
  5
55D
330
17
100
AcDbEntity
  8
IP坐标表
100
AcDbText
 10
454.4500000000001
 20
-492.0
 30
0.0
 40
2.2
  1
0.000
 41
0.7
 72
1
 11
454.4500000000001
 21
-492.0
 31
0.0
100
AcDbText
 73
2
  0
TEXT
  5
55E
330
17
100
AcDbEntity
  8
IP坐标表
100
AcDbText
 10
464.5000000000001
 20
-492.0
 30
0.0
 40
2.2
  1
0.000
 41
0.7
 72
1
 11
464.5000000000001
 21
-492.0
 31
0.0
100
AcDbText
 73
2
  0
TEXT
  5
55F
330
17
100
AcDbEntity
  8
IP坐标表
100
AcDbText
 10
476.8000000000001
 20
-492.0
 30
0.0
 40
2.2
  1
-
 41
0.7
 72
1
 11
476.8000000000001
 21
-492.0
 31
0.0
100
AcDbText
 73
2
  0
TEXT
  5
560
330
17
100
AcDbEntity
  8
IP坐标表
100
AcDbText
 10
493.0500000000001
 20
-492.0
 30
0.0
 40
2.2
  1
349.627
 41
0.7
 72
1
 11
493.0500000000001
 21
-492.0
 31
0.0
100
AcDbText
 73
2
  0
TEXT
  5
561
330
17
100
AcDbEntity
  8
IP坐标表
100
AcDbText
 10
319.82000000000005
 20
-498.0
 30
0.0
 40
2.2
  1
蒲支IP49
 41
0.7
 72
1
 11
319.82000000000005
 21
-498.0
 31
0.0
100
AcDbText
 73
2
  0
TEXT
  5
562
330
17
100
AcDbEntity
  8
IP坐标表
100
AcDbText
 10
337.12
 20
-498.0
 30
0.0
 40
2.2
  1
621891.407000
 41
0.7
 72
1
 11
337.12
 21
-498.0
 31
0.0
100
AcDbText
 73
2
  0
TEXT
  5
563
330
17
100
AcDbEntity
  8
IP坐标表
100
AcDbText
 10
357.94000000000005
 20
-498.0
 30
0.0
 40
2.2
  1
3453632.366000
 41
0.7
 72
1
 11
357.94000000000005
 21
-498.0
 31
0.0
100
AcDbText
 73
2
  0
TEXT
  5
564
330
17
100
AcDbEntity
  8
IP坐标表
100
AcDbText
 10
378.68000000000006
 20
-498.0
 30
0.0
 40
2.2
  1
蒲支4+661.61
 41
0.7
 72
1
 11
378.68000000000006
 21
-498.0
 31
0.0
100
AcDbText
 73
2
  0
TEXT
  5
565
330
17
100
AcDbEntity
  8
IP坐标表
100
AcDbText
 10
398.68000000000006
 20
-498.0
 30
0.0
 40
2.2
  1
蒲支4+661.61
 41
0.7
 72
1
 11
398.68000000000006
 21
-498.0
 31
0.0
100
AcDbText
 73
2
  0
TEXT
  5
566
330
17
100
AcDbEntity
  8
IP坐标表
100
AcDbText
 10
418.68000000000006
 20
-498.0
 30
0.0
 40
2.2
  1
蒲支4+661.61
 41
0.7
 72
1
 11
418.68000000000006
 21
-498.0
 31
0.0
100
AcDbText
 73
2
  0
TEXT
  5
567
330
17
100
AcDbEntity
  8
IP坐标表
100
AcDbText
 10
434.1400000000001
 20
-498.0
 30
0.0
 40
2.2
  1
0.002
 41
0.7
 72
1
 11
434.1400000000001
 21
-498.0
 31
0.0
100
AcDbText
 73
2
  0
TEXT
  5
568
330
17
100
AcDbEntity
  8
IP坐标表
100
AcDbText
 10
444.4000000000001
 20
-498.0
 30
0.0
 40
2.2
  1
0.000
 41
0.7
 72
1
 11
444.4000000000001
 21
-498.0
 31
0.0
100
AcDbText
 73
2
  0
TEXT
  5
569
330
17
100
AcDbEntity
  8
IP坐标表
100
AcDbText
 10
454.4500000000001
 20
-498.0
 30
0.0
 40
2.2
  1
0.000
 41
0.7
 72
1
 11
454.4500000000001
 21
-498.0
 31
0.0
100
AcDbText
 73
2
  0
TEXT
  5
56A
330
17
100
AcDbEntity
  8
IP坐标表
100
AcDbText
 10
464.5000000000001
 20
-498.0
 30
0.0
 40
2.2
  1
0.000
 41
0.7
 72
1
 11
464.5000000000001
 21
-498.0
 31
0.0
100
AcDbText
 73
2
  0
TEXT
  5
56B
330
17
100
AcDbEntity
  8
IP坐标表
100
AcDbText
 10
476.8000000000001
 20
-498.0
 30
0.0
 40
2.2
  1
-
 41
0.7
 72
1
 11
476.8000000000001
 21
-498.0
 31
0.0
100
AcDbText
 73
2
  0
TEXT
  5
56C
330
17
100
AcDbEntity
  8
IP坐标表
100
AcDbText
 10
493.0500000000001
 20
-498.0
 30
0.0
 40
2.2
  1
349.583
 41
0.7
 72
1
 11
493.0500000000001
 21
-498.0
 31
0.0
100
AcDbText
 73
2
  0
TEXT
  5
56D
330
17
100
AcDbEntity
  8
IP坐标表
100
AcDbText
 10
319.82000000000005
 20
-504.0
 30
0.0
 40
2.2
  1
蒲支IP50
 41
0.7
 72
1
 11
319.82000000000005
 21
-504.0
 31
0.0
100
AcDbText
 73
2
  0
TEXT
  5
56E
330
17
100
AcDbEntity
  8
IP坐标表
100
AcDbText
 10
337.12
 20
-504.0
 30
0.0
 40
2.2
  1
621863.247000
 41
0.7
 72
1
 11
337.12
 21
-504.0
 31
0.0
100
AcDbText
 73
2
  0
TEXT
  5
56F
330
17
100
AcDbEntity
  8
IP坐标表
100
AcDbText
 10
357.94000000000005
 20
-504.0
 30
0.0
 40
2.2
  1
3453657.325000
 41
0.7
 72
1
 11
357.94000000000005
 21
-504.0
 31
0.0
100
AcDbText
 73
2
  0
TEXT
  5
570
330
17
100
AcDbEntity
  8
IP坐标表
100
AcDbText
 10
378.68000000000006
 20
-504.0
 30
0.0
 40
2.2
  1
蒲支4+699.24
 41
0.7
 72
1
 11
378.68000000000006
 21
-504.0
 31
0.0
100
AcDbText
 73
2
  0
TEXT
  5
571
330
17
100
AcDbEntity
  8
IP坐标表
100
AcDbText
 10
398.68000000000006
 20
-504.0
 30
0.0
 40
2.2
  1
蒲支4+699.24
 41
0.7
 72
1
 11
398.68000000000006
 21
-504.0
 31
0.0
100
AcDbText
 73
2
  0
TEXT
  5
572
330
17
100
AcDbEntity
  8
IP坐标表
100
AcDbText
 10
418.68000000000006
 20
-504.0
 30
0.0
 40
2.2
  1
蒲支4+699.24
 41
0.7
 72
1
 11
418.68000000000006
 21
-504.0
 31
0.0
100
AcDbText
 73
2
  0
TEXT
  5
573
330
17
100
AcDbEntity
  8
IP坐标表
100
AcDbText
 10
434.1400000000001
 20
-504.0
 30
0.0
 40
2.2
  1
33.182
 41
0.7
 72
1
 11
434.1400000000001
 21
-504.0
 31
0.0
100
AcDbText
 73
2
  0
TEXT
  5
574
330
17
100
AcDbEntity
  8
IP坐标表
100
AcDbText
 10
444.4000000000001
 20
-504.0
 30
0.0
 40
2.2
  1
0.000
 41
0.7
 72
1
 11
444.4000000000001
 21
-504.0
 31
0.0
100
AcDbText
 73
2
  0
TEXT
  5
575
330
17
100
AcDbEntity
  8
IP坐标表
100
AcDbText
 10
454.4500000000001
 20
-504.0
 30
0.0
 40
2.2
  1
0.000
 41
0.7
 72
1
 11
454.4500000000001
 21
-504.0
 31
0.0
100
AcDbText
 73
2
  0
TEXT
  5
576
330
17
100
AcDbEntity
  8
IP坐标表
100
AcDbText
 10
464.5000000000001
 20
-504.0
 30
0.0
 40
2.2
  1
0.000
 41
0.7
 72
1
 11
464.5000000000001
 21
-504.0
 31
0.0
100
AcDbText
 73
2
  0
TEXT
  5
577
330
17
100
AcDbEntity
  8
IP坐标表
100
AcDbText
 10
476.8000000000001
 20
-504.0
 30
0.0
 40
2.2
  1
-
 41
0.7
 72
1
 11
476.8000000000001
 21
-504.0
 31
0.0
100
AcDbText
 73
2
  0
TEXT
  5
578
330
17
100
AcDbEntity
  8
IP坐标表
100
AcDbText
 10
493.0500000000001
 20
-504.0
 30
0.0
 40
2.2
  1
349.537
 41
0.7
 72
1
 11
493.0500000000001
 21
-504.0
 31
0.0
100
AcDbText
 73
2
  0
TEXT
  5
579
330
17
100
AcDbEntity
  8
IP坐标表
100
AcDbText
 10
319.82000000000005
 20
-510.0
 30
0.0
 40
2.2
  1
蒲支IP51
 41
0.7
 72
1
 11
319.82000000000005
 21
-510.0
 31
0.0
100
AcDbText
 73
2
  0
TEXT
  5
57A
330
17
100
AcDbEntity
  8
IP坐标表
100
AcDbText
 10
337.12
 20
-510.0
 30
0.0
 40
2.2
  1
621801.988000
 41
0.7
 72
1
 11
337.12
 21
-510.0
 31
0.0
100
AcDbText
 73
2
  0
TEXT
  5
57B
330
17
100
AcDbEntity
  8
IP坐标表
100
AcDbText
 10
357.94000000000005
 20
-510.0
 30
0.0
 40
2.2
  1
3453666.338000
 41
0.7
 72
1
 11
357.94000000000005
 21
-510.0
 31
0.0
100
AcDbText
 73
2
  0
TEXT
  5
57C
330
17
100
AcDbEntity
  8
IP坐标表
100
AcDbText
 10
378.68000000000006
 20
-510.0
 30
0.0
 40
2.2
  1
蒲支4+761.16
 41
0.7
 72
1
 11
378.68000000000006
 21
-510.0
 31
0.0
100
AcDbText
 73
2
  0
TEXT
  5
57D
330
17
100
AcDbEntity
  8
IP坐标表
100
AcDbText
 10
398.68000000000006
 20
-510.0
 30
0.0
 40
2.2
  1
蒲支4+761.16
 41
0.7
 72
1
 11
398.68000000000006
 21
-510.0
 31
0.0
100
AcDbText
 73
2
  0
TEXT
  5
57E
330
17
100
AcDbEntity
  8
IP坐标表
100
AcDbText
 10
418.68000000000006
 20
-510.0
 30
0.0
 40
2.2
  1
蒲支4+761.16
 41
0.7
 72
1
 11
418.68000000000006
 21
-510.0
 31
0.0
100
AcDbText
 73
2
  0
TEXT
  5
57F
330
17
100
AcDbEntity
  8
IP坐标表
100
AcDbText
 10
434.1400000000001
 20
-510.0
 30
0.0
 40
2.2
  1
0.001
 41
0.7
 72
1
 11
434.1400000000001
 21
-510.0
 31
0.0
100
AcDbText
 73
2
  0
TEXT
  5
580
330
17
100
AcDbEntity
  8
IP坐标表
100
AcDbText
 10
444.4000000000001
 20
-510.0
 30
0.0
 40
2.2
  1
0.000
 41
0.7
 72
1
 11
444.4000000000001
 21
-510.0
 31
0.0
100
AcDbText
 73
2
  0
TEXT
  5
581
330
17
100
AcDbEntity
  8
IP坐标表
100
AcDbText
 10
454.4500000000001
 20
-510.0
 30
0.0
 40
2.2
  1
0.000
 41
0.7
 72
1
 11
454.4500000000001
 21
-510.0
 31
0.0
100
AcDbText
 73
2
  0
TEXT
  5
582
330
17
100
AcDbEntity
  8
IP坐标表
100
AcDbText
 10
464.5000000000001
 20
-510.0
 30
0.0
 40
2.2
  1
0.000
 41
0.7
 72
1
 11
464.5000000000001
 21
-510.0
 31
0.0
100
AcDbText
 73
2
  0
TEXT
  5
583
330
17
100
AcDbEntity
  8
IP坐标表
100
AcDbText
 10
476.8000000000001
 20
-510.0
 30
0.0
 40
2.2
  1
-
 41
0.7
 72
1
 11
476.8000000000001
 21
-510.0
 31
0.0
100
AcDbText
 73
2
  0
TEXT
  5
584
330
17
100
AcDbEntity
  8
IP坐标表
100
AcDbText
 10
493.0500000000001
 20
-510.0
 30
0.0
 40
2.2
  1
349.464
 41
0.7
 72
1
 11
493.0500000000001
 21
-510.0
 31
0.0
100
AcDbText
 73
2
  0
TEXT
  5
585
330
17
100
AcDbEntity
  8
IP坐标表
100
AcDbText
 10
319.82000000000005
 20
-516.0
 30
0.0
 40
2.2
  1
蒲支IP52
 41
0.7
 72
1
 11
319.82000000000005
 21
-516.0
 31
0.0
100
AcDbText
 73
2
  0
TEXT
  5
586
330
17
100
AcDbEntity
  8
IP坐标表
100
AcDbText
 10
337.12
 20
-516.0
 30
0.0
 40
2.2
  1
621774.225000
 41
0.7
 72
1
 11
337.12
 21
-516.0
 31
0.0
100
AcDbText
 73
2
  0
TEXT
  5
587
330
17
100
AcDbEntity
  8
IP坐标表
100
AcDbText
 10
357.94000000000005
 20
-516.0
 30
0.0
 40
2.2
  1
3453670.423000
 41
0.7
 72
1
 11
357.94000000000005
 21
-516.0
 31
0.0
100
AcDbText
 73
2
  0
TEXT
  5
588
330
17
100
AcDbEntity
  8
IP坐标表
100
AcDbText
 10
378.68000000000006
 20
-516.0
 30
0.0
 40
2.2
  1
蒲支4+789.22
 41
0.7
 72
1
 11
378.68000000000006
 21
-516.0
 31
0.0
100
AcDbText
 73
2
  0
TEXT
  5
589
330
17
100
AcDbEntity
  8
IP坐标表
100
AcDbText
 10
398.68000000000006
 20
-516.0
 30
0.0
 40
2.2
  1
蒲支4+789.22
 41
0.7
 72
1
 11
398.68000000000006
 21
-516.0
 31
0.0
100
AcDbText
 73
2
  0
TEXT
  5
58A
330
17
100
AcDbEntity
  8
IP坐标表
100
AcDbText
 10
418.68000000000006
 20
-516.0
 30
0.0
 40
2.2
  1
蒲支4+789.22
 41
0.7
 72
1
 11
418.68000000000006
 21
-516.0
 31
0.0
100
AcDbText
 73
2
  0
TEXT
  5
58B
330
17
100
AcDbEntity
  8
IP坐标表
100
AcDbText
 10
434.1400000000001
 20
-516.0
 30
0.0
 40
2.2
  1
0.000
 41
0.7
 72
1
 11
434.1400000000001
 21
-516.0
 31
0.0
100
AcDbText
 73
2
  0
TEXT
  5
58C
330
17
100
AcDbEntity
  8
IP坐标表
100
AcDbText
 10
444.4000000000001
 20
-516.0
 30
0.0
 40
2.2
  1
0.000
 41
0.7
 72
1
 11
444.4000000000001
 21
-516.0
 31
0.0
100
AcDbText
 73
2
  0
TEXT
  5
58D
330
17
100
AcDbEntity
  8
IP坐标表
100
AcDbText
 10
454.4500000000001
 20
-516.0
 30
0.0
 40
2.2
  1
0.000
 41
0.7
 72
1
 11
454.4500000000001
 21
-516.0
 31
0.0
100
AcDbText
 73
2
  0
TEXT
  5
58E
330
17
100
AcDbEntity
  8
IP坐标表
100
AcDbText
 10
464.5000000000001
 20
-516.0
 30
0.0
 40
2.2
  1
0.000
 41
0.7
 72
1
 11
464.5000000000001
 21
-516.0
 31
0.0
100
AcDbText
 73
2
  0
TEXT
  5
58F
330
17
100
AcDbEntity
  8
IP坐标表
100
AcDbText
 10
476.8000000000001
 20
-516.0
 30
0.0
 40
2.2
  1
-
 41
0.7
 72
1
 11
476.8000000000001
 21
-516.0
 31
0.0
100
AcDbText
 73
2
  0
TEXT
  5
590
330
17
100
AcDbEntity
  8
IP坐标表
100
AcDbText
 10
493.0500000000001
 20
-516.0
 30
0.0
 40
2.2
  1
349.429
 41
0.7
 72
1
 11
493.0500000000001
 21
-516.0
 31
0.0
100
AcDbText
 73
2
  0
TEXT
  5
591
330
17
100
AcDbEntity
  8
IP坐标表
100
AcDbText
 10
319.82000000000005
 20
-522.0
 30
0.0
 40
2.2
  1
蒲支IP53
 41
0.7
 72
1
 11
319.82000000000005
 21
-522.0
 31
0.0
100
AcDbText
 73
2
  0
TEXT
  5
592
330
17
100
AcDbEntity
  8
IP坐标表
100
AcDbText
 10
337.12
 20
-522.0
 30
0.0
 40
2.2
  1
621657.218000
 41
0.7
 72
1
 11
337.12
 21
-522.0
 31
0.0
100
AcDbText
 73
2
  0
TEXT
  5
593
330
17
100
AcDbEntity
  8
IP坐标表
100
AcDbText
 10
357.94000000000005
 20
-522.0
 30
0.0
 40
2.2
  1
3453687.639000
 41
0.7
 72
1
 11
357.94000000000005
 21
-522.0
 31
0.0
100
AcDbText
 73
2
  0
TEXT
  5
594
330
17
100
AcDbEntity
  8
IP坐标表
100
AcDbText
 10
378.68000000000006
 20
-522.0
 30
0.0
 40
2.2
  1
蒲支4+907.49
 41
0.7
 72
1
 11
378.68000000000006
 21
-522.0
 31
0.0
100
AcDbText
 73
2
  0
TEXT
  5
595
330
17
100
AcDbEntity
  8
IP坐标表
100
AcDbText
 10
398.68000000000006
 20
-522.0
 30
0.0
 40
2.2
  1
蒲支4+907.49
 41
0.7
 72
1
 11
398.68000000000006
 21
-522.0
 31
0.0
100
AcDbText
 73
2
  0
TEXT
  5
596
330
17
100
AcDbEntity
  8
IP坐标表
100
AcDbText
 10
418.68000000000006
 20
-522.0
 30
0.0
 40
2.2
  1
蒲支4+907.49
 41
0.7
 72
1
 11
418.68000000000006
 21
-522.0
 31
0.0
100
AcDbText
 73
2
  0
TEXT
  5
597
330
17
100
AcDbEntity
  8
IP坐标表
100
AcDbText
 10
434.1400000000001
 20
-522.0
 30
0.0
 40
2.2
  1
39.945
 41
0.7
 72
1
 11
434.1400000000001
 21
-522.0
 31
0.0
100
AcDbText
 73
2
  0
TEXT
  5
598
330
17
100
AcDbEntity
  8
IP坐标表
100
AcDbText
 10
444.4000000000001
 20
-522.0
 30
0.0
 40
2.2
  1
0.000
 41
0.7
 72
1
 11
444.4000000000001
 21
-522.0
 31
0.0
100
AcDbText
 73
2
  0
TEXT
  5
599
330
17
100
AcDbEntity
  8
IP坐标表
100
AcDbText
 10
454.4500000000001
 20
-522.0
 30
0.0
 40
2.2
  1
0.000
 41
0.7
 72
1
 11
454.4500000000001
 21
-522.0
 31
0.0
100
AcDbText
 73
2
  0
TEXT
  5
59A
330
17
100
AcDbEntity
  8
IP坐标表
100
AcDbText
 10
464.5000000000001
 20
-522.0
 30
0.0
 40
2.2
  1
0.000
 41
0.7
 72
1
 11
464.5000000000001
 21
-522.0
 31
0.0
100
AcDbText
 73
2
  0
TEXT
  5
59B
330
17
100
AcDbEntity
  8
IP坐标表
100
AcDbText
 10
476.8000000000001
 20
-522.0
 30
0.0
 40
2.2
  1
-
 41
0.7
 72
1
 11
476.8000000000001
 21
-522.0
 31
0.0
100
AcDbText
 73
2
  0
TEXT
  5
59C
330
17
100
AcDbEntity
  8
IP坐标表
100
AcDbText
 10
493.0500000000001
 20
-522.0
 30
0.0
 40
2.2
  1
349.287
 41
0.7
 72
1
 11
493.0500000000001
 21
-522.0
 31
0.0
100
AcDbText
 73
2
  0
TEXT
  5
59D
330
17
100
AcDbEntity
  8
IP坐标表
100
AcDbText
 10
319.82000000000005
 20
-528.0
 30
0.0
 40
2.2
  1
蒲支IP54
 41
0.7
 72
1
 11
319.82000000000005
 21
-528.0
 31
0.0
100
AcDbText
 73
2
  0
TEXT
  5
59E
330
17
100
AcDbEntity
  8
IP坐标表
100
AcDbText
 10
337.12
 20
-528.0
 30
0.0
 40
2.2
  1
621550.889000
 41
0.7
 72
1
 11
337.12
 21
-528.0
 31
0.0
100
AcDbText
 73
2
  0
TEXT
  5
59F
330
17
100
AcDbEntity
  8
IP坐标表
100
AcDbText
 10
357.94000000000005
 20
-528.0
 30
0.0
 40
2.2
  1
3453807.043000
 41
0.7
 72
1
 11
357.94000000000005
 21
-528.0
 31
0.0
100
AcDbText
 73
2
  0
TEXT
  5
5A0
330
17
100
AcDbEntity
  8
IP坐标表
100
AcDbText
 10
378.68000000000006
 20
-528.0
 30
0.0
 40
2.2
  1
蒲支5+067.38
 41
0.7
 72
1
 11
378.68000000000006
 21
-528.0
 31
0.0
100
AcDbText
 73
2
  0
TEXT
  5
5A1
330
17
100
AcDbEntity
  8
IP坐标表
100
AcDbText
 10
398.68000000000006
 20
-528.0
 30
0.0
 40
2.2
  1
蒲支5+067.38
 41
0.7
 72
1
 11
398.68000000000006
 21
-528.0
 31
0.0
100
AcDbText
 73
2
  0
TEXT
  5
5A2
330
17
100
AcDbEntity
  8
IP坐标表
100
AcDbText
 10
418.68000000000006
 20
-528.0
 30
0.0
 40
2.2
  1
蒲支5+067.38
 41
0.7
 72
1
 11
418.68000000000006
 21
-528.0
 31
0.0
100
AcDbText
 73
2
  0
TEXT
  5
5A3
330
17
100
AcDbEntity
  8
IP坐标表
100
AcDbText
 10
434.1400000000001
 20
-528.0
 30
0.0
 40
2.2
  1
16.083
 41
0.7
 72
1
 11
434.1400000000001
 21
-528.0
 31
0.0
100
AcDbText
 73
2
  0
TEXT
  5
5A4
330
17
100
AcDbEntity
  8
IP坐标表
100
AcDbText
 10
444.4000000000001
 20
-528.0
 30
0.0
 40
2.2
  1
0.000
 41
0.7
 72
1
 11
444.4000000000001
 21
-528.0
 31
0.0
100
AcDbText
 73
2
  0
TEXT
  5
5A5
330
17
100
AcDbEntity
  8
IP坐标表
100
AcDbText
 10
454.4500000000001
 20
-528.0
 30
0.0
 40
2.2
  1
0.000
 41
0.7
 72
1
 11
454.4500000000001
 21
-528.0
 31
0.0
100
AcDbText
 73
2
  0
TEXT
  5
5A6
330
17
100
AcDbEntity
  8
IP坐标表
100
AcDbText
 10
464.5000000000001
 20
-528.0
 30
0.0
 40
2.2
  1
0.000
 41
0.7
 72
1
 11
464.5000000000001
 21
-528.0
 31
0.0
100
AcDbText
 73
2
  0
TEXT
  5
5A7
330
17
100
AcDbEntity
  8
IP坐标表
100
AcDbText
 10
476.8000000000001
 20
-528.0
 30
0.0
 40
2.2
  1
-
 41
0.7
 72
1
 11
476.8000000000001
 21
-528.0
 31
0.0
100
AcDbText
 73
2
  0
TEXT
  5
5A8
330
17
100
AcDbEntity
  8
IP坐标表
100
AcDbText
 10
493.0500000000001
 20
-528.0
 30
0.0
 40
2.2
  1
349.099
 41
0.7
 72
1
 11
493.0500000000001
 21
-528.0
 31
0.0
100
AcDbText
 73
2
  0
TEXT
  5
5A9
330
17
100
AcDbEntity
  8
IP坐标表
100
AcDbText
 10
319.82000000000005
 20
-534.0
 30
0.0
 40
2.2
  1
蒲支IP55
 41
0.7
 72
1
 11
319.82000000000005
 21
-534.0
 31
0.0
100
AcDbText
 73
2
  0
TEXT
  5
5AA
330
17
100
AcDbEntity
  8
IP坐标表
100
AcDbText
 10
337.12
 20
-534.0
 30
0.0
 40
2.2
  1
621397.538000
 41
0.7
 72
1
 11
337.12
 21
-534.0
 31
0.0
100
AcDbText
 73
2
  0
TEXT
  5
5AB
330
17
100
AcDbEntity
  8
IP坐标表
100
AcDbText
 10
357.94000000000005
 20
-534.0
 30
0.0
 40
2.2
  1
3453903.733000
 41
0.7
 72
1
 11
357.94000000000005
 21
-534.0
 31
0.0
100
AcDbText
 73
2
  0
TEXT
  5
5AC
330
17
100
AcDbEntity
  8
IP坐标表
100
AcDbText
 10
378.68000000000006
 20
-534.0
 30
0.0
 40
2.2
  1
蒲支5+248.66
 41
0.7
 72
1
 11
378.68000000000006
 21
-534.0
 31
0.0
100
AcDbText
 73
2
  0
TEXT
  5
5AD
330
17
100
AcDbEntity
  8
IP坐标表
100
AcDbText
 10
398.68000000000006
 20
-534.0
 30
0.0
 40
2.2
  1
蒲支5+248.66
 41
0.7
 72
1
 11
398.68000000000006
 21
-534.0
 31
0.0
100
AcDbText
 73
2
  0
TEXT
  5
5AE
330
17
100
AcDbEntity
  8
IP坐标表
100
AcDbText
 10
418.68000000000006
 20
-534.0
 30
0.0
 40
2.2
  1
蒲支5+248.66
 41
0.7
 72
1
 11
418.68000000000006
 21
-534.0
 31
0.0
100
AcDbText
 73
2
  0
TEXT
  5
5AF
330
17
100
AcDbEntity
  8
IP坐标表
100
AcDbText
 10
434.1400000000001
 20
-534.0
 30
0.0
 40
2.2
  1
24.484
 41
0.7
 72
1
 11
434.1400000000001
 21
-534.0
 31
0.0
100
AcDbText
 73
2
  0
TEXT
  5
5B0
330
17
100
AcDbEntity
  8
IP坐标表
100
AcDbText
 10
444.4000000000001
 20
-534.0
 30
0.0
 40
2.2
  1
0.000
 41
0.7
 72
1
 11
444.4000000000001
 21
-534.0
 31
0.0
100
AcDbText
 73
2
  0
TEXT
  5
5B1
330
17
100
AcDbEntity
  8
IP坐标表
100
AcDbText
 10
454.4500000000001
 20
-534.0
 30
0.0
 40
2.2
  1
0.000
 41
0.7
 72
1
 11
454.4500000000001
 21
-534.0
 31
0.0
100
AcDbText
 73
2
  0
TEXT
  5
5B2
330
17
100
AcDbEntity
  8
IP坐标表
100
AcDbText
 10
464.5000000000001
 20
-534.0
 30
0.0
 40
2.2
  1
0.000
 41
0.7
 72
1
 11
464.5000000000001
 21
-534.0
 31
0.0
100
AcDbText
 73
2
  0
TEXT
  5
5B3
330
17
100
AcDbEntity
  8
IP坐标表
100
AcDbText
 10
476.8000000000001
 20
-534.0
 30
0.0
 40
2.2
  1
-
 41
0.7
 72
1
 11
476.8000000000001
 21
-534.0
 31
0.0
100
AcDbText
 73
2
  0
TEXT
  5
5B4
330
17
100
AcDbEntity
  8
IP坐标表
100
AcDbText
 10
493.0500000000001
 20
-534.0
 30
0.0
 40
2.2
  1
348.885
 41
0.7
 72
1
 11
493.0500000000001
 21
-534.0
 31
0.0
100
AcDbText
 73
2
  0
TEXT
  5
5B5
330
17
100
AcDbEntity
  8
IP坐标表
100
AcDbText
 10
319.82000000000005
 20
-540.0
 30
0.0
 40
2.2
  1
蒲支IP56
 41
0.7
 72
1
 11
319.82000000000005
 21
-540.0
 31
0.0
100
AcDbText
 73
2
  0
TEXT
  5
5B6
330
17
100
AcDbEntity
  8
IP坐标表
100
AcDbText
 10
337.12
 20
-540.0
 30
0.0
 40
2.2
  1
621355.158000
 41
0.7
 72
1
 11
337.12
 21
-540.0
 31
0.0
100
AcDbText
 73
2
  0
TEXT
  5
5B7
330
17
100
AcDbEntity
  8
IP坐标表
100
AcDbText
 10
357.94000000000005
 20
-540.0
 30
0.0
 40
2.2
  1
3453968.289000
 41
0.7
 72
1
 11
357.94000000000005
 21
-540.0
 31
0.0
100
AcDbText
 73
2
  0
TEXT
  5
5B8
330
17
100
AcDbEntity
  8
IP坐标表
100
AcDbText
 10
378.68000000000006
 20
-540.0
 30
0.0
 40
2.2
  1
蒲支5+325.89
 41
0.7
 72
1
 11
378.68000000000006
 21
-540.0
 31
0.0
100
AcDbText
 73
2
  0
TEXT
  5
5B9
330
17
100
AcDbEntity
  8
IP坐标表
100
AcDbText
 10
398.68000000000006
 20
-540.0
 30
0.0
 40
2.2
  1
蒲支5+325.89
 41
0.7
 72
1
 11
398.68000000000006
 21
-540.0
 31
0.0
100
AcDbText
 73
2
  0
TEXT
  5
5BA
330
17
100
AcDbEntity
  8
IP坐标表
100
AcDbText
 10
418.68000000000006
 20
-540.0
 30
0.0
 40
2.2
  1
蒲支5+325.89
 41
0.7
 72
1
 11
418.68000000000006
 21
-540.0
 31
0.0
100
AcDbText
 73
2
  0
TEXT
  5
5BB
330
17
100
AcDbEntity
  8
IP坐标表
100
AcDbText
 10
434.1400000000001
 20
-540.0
 30
0.0
 40
2.2
  1
7.725
 41
0.7
 72
1
 11
434.1400000000001
 21
-540.0
 31
0.0
100
AcDbText
 73
2
  0
TEXT
  5
5BC
330
17
100
AcDbEntity
  8
IP坐标表
100
AcDbText
 10
444.4000000000001
 20
-540.0
 30
0.0
 40
2.2
  1
0.000
 41
0.7
 72
1
 11
444.4000000000001
 21
-540.0
 31
0.0
100
AcDbText
 73
2
  0
TEXT
  5
5BD
330
17
100
AcDbEntity
  8
IP坐标表
100
AcDbText
 10
454.4500000000001
 20
-540.0
 30
0.0
 40
2.2
  1
0.000
 41
0.7
 72
1
 11
454.4500000000001
 21
-540.0
 31
0.0
100
AcDbText
 73
2
  0
TEXT
  5
5BE
330
17
100
AcDbEntity
  8
IP坐标表
100
AcDbText
 10
464.5000000000001
 20
-540.0
 30
0.0
 40
2.2
  1
0.000
 41
0.7
 72
1
 11
464.5000000000001
 21
-540.0
 31
0.0
100
AcDbText
 73
2
  0
TEXT
  5
5BF
330
17
100
AcDbEntity
  8
IP坐标表
100
AcDbText
 10
476.8000000000001
 20
-540.0
 30
0.0
 40
2.2
  1
-
 41
0.7
 72
1
 11
476.8000000000001
 21
-540.0
 31
0.0
100
AcDbText
 73
2
  0
TEXT
  5
5C0
330
17
100
AcDbEntity
  8
IP坐标表
100
AcDbText
 10
493.0500000000001
 20
-540.0
 30
0.0
 40
2.2
  1
348.794
 41
0.7
 72
1
 11
493.0500000000001
 21
-540.0
 31
0.0
100
AcDbText
 73
2
  0
TEXT
  5
5C1
330
17
100
AcDbEntity
  8
IP坐标表
100
AcDbText
 10
319.82000000000005
 20
-546.0
 30
0.0
 40
2.2
  1
蒲支IP57
 41
0.7
 72
1
 11
319.82000000000005
 21
-546.0
 31
0.0
100
AcDbText
 73
2
  0
TEXT
  5
5C2
330
17
100
AcDbEntity
  8
IP坐标表
100
AcDbText
 10
337.12
 20
-546.0
 30
0.0
 40
2.2
  1
621285.772000
 41
0.7
 72
1
 11
337.12
 21
-546.0
 31
0.0
100
AcDbText
 73
2
  0
TEXT
  5
5C3
330
17
100
AcDbEntity
  8
IP坐标表
100
AcDbText
 10
357.94000000000005
 20
-546.0
 30
0.0
 40
2.2
  1
3454048.083000
 41
0.7
 72
1
 11
357.94000000000005
 21
-546.0
 31
0.0
100
AcDbText
 73
2
  0
TEXT
  5
5C4
330
17
100
AcDbEntity
  8
IP坐标表
100
AcDbText
 10
378.68000000000006
 20
-546.0
 30
0.0
 40
2.2
  1
蒲支5+431.63
 41
0.7
 72
1
 11
378.68000000000006
 21
-546.0
 31
0.0
100
AcDbText
 73
2
  0
TEXT
  5
5C5
330
17
100
AcDbEntity
  8
IP坐标表
100
AcDbText
 10
398.68000000000006
 20
-546.0
 30
0.0
 40
2.2
  1
蒲支5+431.63
 41
0.7
 72
1
 11
398.68000000000006
 21
-546.0
 31
0.0
100
AcDbText
 73
2
  0
TEXT
  5
5C6
330
17
100
AcDbEntity
  8
IP坐标表
100
AcDbText
 10
418.68000000000006
 20
-546.0
 30
0.0
 40
2.2
  1
蒲支5+431.63
 41
0.7
 72
1
 11
418.68000000000006
 21
-546.0
 31
0.0
100
AcDbText
 73
2
  0
TEXT
  5
5C7
330
17
100
AcDbEntity
  8
IP坐标表
100
AcDbText
 10
434.1400000000001
 20
-546.0
 30
0.0
 40
2.2
  1
11.173
 41
0.7
 72
1
 11
434.1400000000001
 21
-546.0
 31
0.0
100
AcDbText
 73
2
  0
TEXT
  5
5C8
330
17
100
AcDbEntity
  8
IP坐标表
100
AcDbText
 10
444.4000000000001
 20
-546.0
 30
0.0
 40
2.2
  1
0.000
 41
0.7
 72
1
 11
444.4000000000001
 21
-546.0
 31
0.0
100
AcDbText
 73
2
  0
TEXT
  5
5C9
330
17
100
AcDbEntity
  8
IP坐标表
100
AcDbText
 10
454.4500000000001
 20
-546.0
 30
0.0
 40
2.2
  1
0.000
 41
0.7
 72
1
 11
454.4500000000001
 21
-546.0
 31
0.0
100
AcDbText
 73
2
  0
TEXT
  5
5CA
330
17
100
AcDbEntity
  8
IP坐标表
100
AcDbText
 10
464.5000000000001
 20
-546.0
 30
0.0
 40
2.2
  1
0.000
 41
0.7
 72
1
 11
464.5000000000001
 21
-546.0
 31
0.0
100
AcDbText
 73
2
  0
TEXT
  5
5CB
330
17
100
AcDbEntity
  8
IP坐标表
100
AcDbText
 10
476.8000000000001
 20
-546.0
 30
0.0
 40
2.2
  1
-
 41
0.7
 72
1
 11
476.8000000000001
 21
-546.0
 31
0.0
100
AcDbText
 73
2
  0
TEXT
  5
5CC
330
17
100
AcDbEntity
  8
IP坐标表
100
AcDbText
 10
493.0500000000001
 20
-546.0
 30
0.0
 40
2.2
  1
348.670
 41
0.7
 72
1
 11
493.0500000000001
 21
-546.0
 31
0.0
100
AcDbText
 73
2
  0
TEXT
  5
5CD
330
17
100
AcDbEntity
  8
IP坐标表
100
AcDbText
 10
319.82000000000005
 20
-552.0
 30
0.0
 40
2.2
  1
蒲支IP58
 41
0.7
 72
1
 11
319.82000000000005
 21
-552.0
 31
0.0
100
AcDbText
 73
2
  0
TEXT
  5
5CE
330
17
100
AcDbEntity
  8
IP坐标表
100
AcDbText
 10
337.12
 20
-552.0
 30
0.0
 40
2.2
  1
621192.391000
 41
0.7
 72
1
 11
337.12
 21
-552.0
 31
0.0
100
AcDbText
 73
2
  0
TEXT
  5
5CF
330
17
100
AcDbEntity
  8
IP坐标表
100
AcDbText
 10
357.94000000000005
 20
-552.0
 30
0.0
 40
2.2
  1
3454120.563000
 41
0.7
 72
1
 11
357.94000000000005
 21
-552.0
 31
0.0
100
AcDbText
 73
2
  0
TEXT
  5
5D0
330
17
100
AcDbEntity
  8
IP坐标表
100
AcDbText
 10
378.68000000000006
 20
-552.0
 30
0.0
 40
2.2
  1
蒲支5+549.84
 41
0.7
 72
1
 11
378.68000000000006
 21
-552.0
 31
0.0
100
AcDbText
 73
2
  0
TEXT
  5
5D1
330
17
100
AcDbEntity
  8
IP坐标表
100
AcDbText
 10
398.68000000000006
 20
-552.0
 30
0.0
 40
2.2
  1
蒲支5+549.84
 41
0.7
 72
1
 11
398.68000000000006
 21
-552.0
 31
0.0
100
AcDbText
 73
2
  0
TEXT
  5
5D2
330
17
100
AcDbEntity
  8
IP坐标表
100
AcDbText
 10
418.68000000000006
 20
-552.0
 30
0.0
 40
2.2
  1
蒲支5+549.84
 41
0.7
 72
1
 11
418.68000000000006
 21
-552.0
 31
0.0
100
AcDbText
 73
2
  0
TEXT
  5
5D3
330
17
100
AcDbEntity
  8
IP坐标表
100
AcDbText
 10
434.1400000000001
 20
-552.0
 30
0.0
 40
2.2
  1
51.509
 41
0.7
 72
1
 11
434.1400000000001
 21
-552.0
 31
0.0
100
AcDbText
 73
2
  0
TEXT
  5
5D4
330
17
100
AcDbEntity
  8
IP坐标表
100
AcDbText
 10
444.4000000000001
 20
-552.0
 30
0.0
 40
2.2
  1
0.000
 41
0.7
 72
1
 11
444.4000000000001
 21
-552.0
 31
0.0
100
AcDbText
 73
2
  0
TEXT
  5
5D5
330
17
100
AcDbEntity
  8
IP坐标表
100
AcDbText
 10
454.4500000000001
 20
-552.0
 30
0.0
 40
2.2
  1
0.000
 41
0.7
 72
1
 11
454.4500000000001
 21
-552.0
 31
0.0
100
AcDbText
 73
2
  0
TEXT
  5
5D6
330
17
100
AcDbEntity
  8
IP坐标表
100
AcDbText
 10
464.5000000000001
 20
-552.0
 30
0.0
 40
2.2
  1
0.000
 41
0.7
 72
1
 11
464.5000000000001
 21
-552.0
 31
0.0
100
AcDbText
 73
2
  0
TEXT
  5
5D7
330
17
100
AcDbEntity
  8
IP坐标表
100
AcDbText
 10
476.8000000000001
 20
-552.0
 30
0.0
 40
2.2
  1
-
 41
0.7
 72
1
 11
476.8000000000001
 21
-552.0
 31
0.0
100
AcDbText
 73
2
  0
TEXT
  5
5D8
330
17
100
AcDbEntity
  8
IP坐标表
100
AcDbText
 10
493.0500000000001
 20
-552.0
 30
0.0
 40
2.2
  1
348.525
 41
0.7
 72
1
 11
493.0500000000001
 21
-552.0
 31
0.0
100
AcDbText
 73
2
  0
TEXT
  5
5D9
330
17
100
AcDbEntity
  8
IP坐标表
100
AcDbText
 10
319.82000000000005
 20
-558.0
 30
0.0
 40
2.2
  1
蒲支IP59
 41
0.7
 72
1
 11
319.82000000000005
 21
-558.0
 31
0.0
100
AcDbText
 73
2
  0
TEXT
  5
5DA
330
17
100
AcDbEntity
  8
IP坐标表
100
AcDbText
 10
337.12
 20
-558.0
 30
0.0
 40
2.2
  1
621172.745000
 41
0.7
 72
1
 11
337.12
 21
-558.0
 31
0.0
100
AcDbText
 73
2
  0
TEXT
  5
5DB
330
17
100
AcDbEntity
  8
IP坐标表
100
AcDbText
 10
357.94000000000005
 20
-558.0
 30
0.0
 40
2.2
  1
3454115.777000
 41
0.7
 72
1
 11
357.94000000000005
 21
-558.0
 31
0.0
100
AcDbText
 73
2
  0
TEXT
  5
5DC
330
17
100
AcDbEntity
  8
IP坐标表
100
AcDbText
 10
378.68000000000006
 20
-558.0
 30
0.0
 40
2.2
  1
蒲支5+570.06
 41
0.7
 72
1
 11
378.68000000000006
 21
-558.0
 31
0.0
100
AcDbText
 73
2
  0
TEXT
  5
5DD
330
17
100
AcDbEntity
  8
IP坐标表
100
AcDbText
 10
398.68000000000006
 20
-558.0
 30
0.0
 40
2.2
  1
蒲支5+570.06
 41
0.7
 72
1
 11
398.68000000000006
 21
-558.0
 31
0.0
100
AcDbText
 73
2
  0
TEXT
  5
5DE
330
17
100
AcDbEntity
  8
IP坐标表
100
AcDbText
 10
418.68000000000006
 20
-558.0
 30
0.0
 40
2.2
  1
蒲支5+570.06
 41
0.7
 72
1
 11
418.68000000000006
 21
-558.0
 31
0.0
100
AcDbText
 73
2
  0
TEXT
  5
5DF
330
17
100
AcDbEntity
  8
IP坐标表
100
AcDbText
 10
434.1400000000001
 20
-558.0
 30
0.0
 40
2.2
  1
0.003
 41
0.7
 72
1
 11
434.1400000000001
 21
-558.0
 31
0.0
100
AcDbText
 73
2
  0
TEXT
  5
5E0
330
17
100
AcDbEntity
  8
IP坐标表
100
AcDbText
 10
444.4000000000001
 20
-558.0
 30
0.0
 40
2.2
  1
0.000
 41
0.7
 72
1
 11
444.4000000000001
 21
-558.0
 31
0.0
100
AcDbText
 73
2
  0
TEXT
  5
5E1
330
17
100
AcDbEntity
  8
IP坐标表
100
AcDbText
 10
454.4500000000001
 20
-558.0
 30
0.0
 40
2.2
  1
0.000
 41
0.7
 72
1
 11
454.4500000000001
 21
-558.0
 31
0.0
100
AcDbText
 73
2
  0
TEXT
  5
5E2
330
17
100
AcDbEntity
  8
IP坐标表
100
AcDbText
 10
464.5000000000001
 20
-558.0
 30
0.0
 40
2.2
  1
0.000
 41
0.7
 72
1
 11
464.5000000000001
 21
-558.0
 31
0.0
100
AcDbText
 73
2
  0
TEXT
  5
5E3
330
17
100
AcDbEntity
  8
IP坐标表
100
AcDbText
 10
476.8000000000001
 20
-558.0
 30
0.0
 40
2.2
  1
-
 41
0.7
 72
1
 11
476.8000000000001
 21
-558.0
 31
0.0
100
AcDbText
 73
2
  0
TEXT
  5
5E4
330
17
100
AcDbEntity
  8
IP坐标表
100
AcDbText
 10
493.0500000000001
 20
-558.0
 30
0.0
 40
2.2
  1
348.502
 41
0.7
 72
1
 11
493.0500000000001
 21
-558.0
 31
0.0
100
AcDbText
 73
2
  0
TEXT
  5
5E5
330
17
100
AcDbEntity
  8
IP坐标表
100
AcDbText
 10
319.82000000000005
 20
-564.0
 30
0.0
 40
2.2
  1
蒲支IP60
 41
0.7
 72
1
 11
319.82000000000005
 21
-564.0
 31
0.0
100
AcDbText
 73
2
  0
TEXT
  5
5E6
330
17
100
AcDbEntity
  8
IP坐标表
100
AcDbText
 10
337.12
 20
-564.0
 30
0.0
 40
2.2
  1
621105.760000
 41
0.7
 72
1
 11
337.12
 21
-564.0
 31
0.0
100
AcDbText
 73
2
  0
TEXT
  5
5E7
330
17
100
AcDbEntity
  8
IP坐标表
100
AcDbText
 10
357.94000000000005
 20
-564.0
 30
0.0
 40
2.2
  1
3454099.462000
 41
0.7
 72
1
 11
357.94000000000005
 21
-564.0
 31
0.0
100
AcDbText
 73
2
  0
TEXT
  5
5E8
330
17
100
AcDbEntity
  8
IP坐标表
100
AcDbText
 10
378.68000000000006
 20
-564.0
 30
0.0
 40
2.2
  1
蒲支5+639.00
 41
0.7
 72
1
 11
378.68000000000006
 21
-564.0
 31
0.0
100
AcDbText
 73
2
  0
TEXT
  5
5E9
330
17
100
AcDbEntity
  8
IP坐标表
100
AcDbText
 10
398.68000000000006
 20
-564.0
 30
0.0
 40
2.2
  1
蒲支5+639.00
 41
0.7
 72
1
 11
398.68000000000006
 21
-564.0
 31
0.0
100
AcDbText
 73
2
  0
TEXT
  5
5EA
330
17
100
AcDbEntity
  8
IP坐标表
100
AcDbText
 10
418.68000000000006
 20
-564.0
 30
0.0
 40
2.2
  1
蒲支5+639.00
 41
0.7
 72
1
 11
418.68000000000006
 21
-564.0
 31
0.0
100
AcDbText
 73
2
  0
TEXT
  5
5EB
330
17
100
AcDbEntity
  8
IP坐标表
100
AcDbText
 10
434.1400000000001
 20
-564.0
 30
0.0
 40
2.2
  1
0.000
 41
0.7
 72
1
 11
434.1400000000001
 21
-564.0
 31
0.0
100
AcDbText
 73
2
  0
TEXT
  5
5EC
330
17
100
AcDbEntity
  8
IP坐标表
100
AcDbText
 10
444.4000000000001
 20
-564.0
 30
0.0
 40
2.2
  1
0.000
 41
0.7
 72
1
 11
444.4000000000001
 21
-564.0
 31
0.0
100
AcDbText
 73
2
  0
TEXT
  5
5ED
330
17
100
AcDbEntity
  8
IP坐标表
100
AcDbText
 10
454.4500000000001
 20
-564.0
 30
0.0
 40
2.2
  1
0.000
 41
0.7
 72
1
 11
454.4500000000001
 21
-564.0
 31
0.0
100
AcDbText
 73
2
  0
TEXT
  5
5EE
330
17
100
AcDbEntity
  8
IP坐标表
100
AcDbText
 10
464.5000000000001
 20
-564.0
 30
0.0
 40
2.2
  1
0.000
 41
0.7
 72
1
 11
464.5000000000001
 21
-564.0
 31
0.0
100
AcDbText
 73
2
  0
TEXT
  5
5EF
330
17
100
AcDbEntity
  8
IP坐标表
100
AcDbText
 10
476.8000000000001
 20
-564.0
 30
0.0
 40
2.2
  1
-
 41
0.7
 72
1
 11
476.8000000000001
 21
-564.0
 31
0.0
100
AcDbText
 73
2
  0
TEXT
  5
5F0
330
17
100
AcDbEntity
  8
IP坐标表
100
AcDbText
 10
493.0500000000001
 20
-564.0
 30
0.0
 40
2.2
  1
348.418
 41
0.7
 72
1
 11
493.0500000000001
 21
-564.0
 31
0.0
100
AcDbText
 73
2
  0
TEXT
  5
5F1
330
17
100
AcDbEntity
  8
IP坐标表
100
AcDbText
 10
319.82000000000005
 20
-570.0
 30
0.0
 40
2.2
  1
1#定向钻进
 41
0.7
 72
1
 11
319.82000000000005
 21
-570.0
 31
0.0
100
AcDbText
 73
2
  0
TEXT
  5
5F2
330
17
100
AcDbEntity
  8
IP坐标表
100
AcDbText
 10
337.12
 20
-570.0
 30
0.0
 40
2.2
  1
620697.488000
 41
0.7
 72
1
 11
337.12
 21
-570.0
 31
0.0
100
AcDbText
 73
2
  0
TEXT
  5
5F3
330
17
100
AcDbEntity
  8
IP坐标表
100
AcDbText
 10
357.94000000000005
 20
-570.0
 30
0.0
 40
2.2
  1
3454000.021000
 41
0.7
 72
1
 11
357.94000000000005
 21
-570.0
 31
0.0
100
AcDbText
 73
2
  0
TEXT
  5
5F4
330
17
100
AcDbEntity
  8
IP坐标表
100
AcDbText
 10
378.68000000000006
 20
-570.0
 30
0.0
 40
2.2
  1
蒲支6+059.21
 41
0.7
 72
1
 11
378.68000000000006
 21
-570.0
 31
0.0
100
AcDbText
 73
2
  0
TEXT
  5
5F5
330
17
100
AcDbEntity
  8
IP坐标表
100
AcDbText
 10
398.68000000000006
 20
-570.0
 30
0.0
 40
2.2
  1
蒲支6+059.21
 41
0.7
 72
1
 11
398.68000000000006
 21
-570.0
 31
0.0
100
AcDbText
 73
2
  0
TEXT
  5
5F6
330
17
100
AcDbEntity
  8
IP坐标表
100
AcDbText
 10
418.68000000000006
 20
-570.0
 30
0.0
 40
2.2
  1
蒲支6+059.21
 41
0.7
 72
1
 11
418.68000000000006
 21
-570.0
 31
0.0
100
AcDbText
 73
2
  0
TEXT
  5
5F7
330
17
100
AcDbEntity
  8
IP坐标表
100
AcDbText
 10
434.1400000000001
 20
-570.0
 30
0.0
 40
2.2
  1
0.000
 41
0.7
 72
1
 11
434.1400000000001
 21
-570.0
 31
0.0
100
AcDbText
 73
2
  0
TEXT
  5
5F8
330
17
100
AcDbEntity
  8
IP坐标表
100
AcDbText
 10
444.4000000000001
 20
-570.0
 30
0.0
 40
2.2
  1
0.000
 41
0.7
 72
1
 11
444.4000000000001
 21
-570.0
 31
0.0
100
AcDbText
 73
2
  0
TEXT
  5
5F9
330
17
100
AcDbEntity
  8
IP坐标表
100
AcDbText
 10
454.4500000000001
 20
-570.0
 30
0.0
 40
2.2
  1
0.000
 41
0.7
 72
1
 11
454.4500000000001
 21
-570.0
 31
0.0
100
AcDbText
 73
2
  0
TEXT
  5
5FA
330
17
100
AcDbEntity
  8
IP坐标表
100
AcDbText
 10
464.5000000000001
 20
-570.0
 30
0.0
 40
2.2
  1
0.000
 41
0.7
 72
1
 11
464.5000000000001
 21
-570.0
 31
0.0
100
AcDbText
 73
2
  0
TEXT
  5
5FB
330
17
100
AcDbEntity
  8
IP坐标表
100
AcDbText
 10
476.8000000000001
 20
-570.0
 30
0.0
 40
2.2
  1
-
 41
0.7
 72
1
 11
476.8000000000001
 21
-570.0
 31
0.0
100
AcDbText
 73
2
  0
TEXT
  5
5FC
330
17
100
AcDbEntity
  8
IP坐标表
100
AcDbText
 10
493.0500000000001
 20
-570.0
 30
0.0
 40
2.2
  1
347.925
 41
0.7
 72
1
 11
493.0500000000001
 21
-570.0
 31
0.0
100
AcDbText
 73
2
  0
TEXT
  5
5FD
330
17
100
AcDbEntity
  8
IP坐标表
100
AcDbText
 10
319.82000000000005
 20
-576.0
 30
0.0
 40
2.2
  1
1#定向钻出
 41
0.7
 72
1
 11
319.82000000000005
 21
-576.0
 31
0.0
100
AcDbText
 73
2
  0
TEXT
  5
5FE
330
17
100
AcDbEntity
  8
IP坐标表
100
AcDbText
 10
337.12
 20
-576.0
 30
0.0
 40
2.2
  1
620674.315000
 41
0.7
 72
1
 11
337.12
 21
-576.0
 31
0.0
100
AcDbText
 73
2
  0
TEXT
  5
5FF
330
17
100
AcDbEntity
  8
IP坐标表
100
AcDbText
 10
357.94000000000005
 20
-576.0
 30
0.0
 40
2.2
  1
3453994.377000
 41
0.7
 72
1
 11
357.94000000000005
 21
-576.0
 31
0.0
100
AcDbText
 73
2
  0
TEXT
  5
600
330
17
100
AcDbEntity
  8
IP坐标表
100
AcDbText
 10
378.68000000000006
 20
-576.0
 30
0.0
 40
2.2
  1
蒲支6+083.06
 41
0.7
 72
1
 11
378.68000000000006
 21
-576.0
 31
0.0
100
AcDbText
 73
2
  0
TEXT
  5
601
330
17
100
AcDbEntity
  8
IP坐标表
100
AcDbText
 10
398.68000000000006
 20
-576.0
 30
0.0
 40
2.2
  1
蒲支6+083.06
 41
0.7
 72
1
 11
398.68000000000006
 21
-576.0
 31
0.0
100
AcDbText
 73
2
  0
TEXT
  5
602
330
17
100
AcDbEntity
  8
IP坐标表
100
AcDbText
 10
418.68000000000006
 20
-576.0
 30
0.0
 40
2.2
  1
蒲支6+083.06
 41
0.7
 72
1
 11
418.68000000000006
 21
-576.0
 31
0.0
100
AcDbText
 73
2
  0
TEXT
  5
603
330
17
100
AcDbEntity
  8
IP坐标表
100
AcDbText
 10
434.1400000000001
 20
-576.0
 30
0.0
 40
2.2
  1
0.002
 41
0.7
 72
1
 11
434.1400000000001
 21
-576.0
 31
0.0
100
AcDbText
 73
2
  0
TEXT
  5
604
330
17
100
AcDbEntity
  8
IP坐标表
100
AcDbText
 10
444.4000000000001
 20
-576.0
 30
0.0
 40
2.2
  1
0.000
 41
0.7
 72
1
 11
444.4000000000001
 21
-576.0
 31
0.0
100
AcDbText
 73
2
  0
TEXT
  5
605
330
17
100
AcDbEntity
  8
IP坐标表
100
AcDbText
 10
454.4500000000001
 20
-576.0
 30
0.0
 40
2.2
  1
0.000
 41
0.7
 72
1
 11
454.4500000000001
 21
-576.0
 31
0.0
100
AcDbText
 73
2
  0
TEXT
  5
606
330
17
100
AcDbEntity
  8
IP坐标表
100
AcDbText
 10
464.5000000000001
 20
-576.0
 30
0.0
 40
2.2
  1
0.000
 41
0.7
 72
1
 11
464.5000000000001
 21
-576.0
 31
0.0
100
AcDbText
 73
2
  0
TEXT
  5
607
330
17
100
AcDbEntity
  8
IP坐标表
100
AcDbText
 10
476.8000000000001
 20
-576.0
 30
0.0
 40
2.2
  1
-
 41
0.7
 72
1
 11
476.8000000000001
 21
-576.0
 31
0.0
100
AcDbText
 73
2
  0
TEXT
  5
608
330
17
100
AcDbEntity
  8
IP坐标表
100
AcDbText
 10
493.0500000000001
 20
-576.0
 30
0.0
 40
2.2
  1
347.895
 41
0.7
 72
1
 11
493.0500000000001
 21
-576.0
 31
0.0
100
AcDbText
 73
2
  0
TEXT
  5
609
330
17
100
AcDbEntity
  8
IP坐标表
100
AcDbText
 10
319.82000000000005
 20
-582.0
 30
0.0
 40
2.2
  1
蒲支IP61
 41
0.7
 72
1
 11
319.82000000000005
 21
-582.0
 31
0.0
100
AcDbText
 73
2
  0
TEXT
  5
60A
330
17
100
AcDbEntity
  8
IP坐标表
100
AcDbText
 10
337.12
 20
-582.0
 30
0.0
 40
2.2
  1
620648.071000
 41
0.7
 72
1
 11
337.12
 21
-582.0
 31
0.0
100
AcDbText
 73
2
  0
TEXT
  5
60B
330
17
100
AcDbEntity
  8
IP坐标表
100
AcDbText
 10
357.94000000000005
 20
-582.0
 30
0.0
 40
2.2
  1
3453987.984000
 41
0.7
 72
1
 11
357.94000000000005
 21
-582.0
 31
0.0
100
AcDbText
 73
2
  0
TEXT
  5
60C
330
17
100
AcDbEntity
  8
IP坐标表
100
AcDbText
 10
378.68000000000006
 20
-582.0
 30
0.0
 40
2.2
  1
蒲支6+110.07
 41
0.7
 72
1
 11
378.68000000000006
 21
-582.0
 31
0.0
100
AcDbText
 73
2
  0
TEXT
  5
60D
330
17
100
AcDbEntity
  8
IP坐标表
100
AcDbText
 10
398.68000000000006
 20
-582.0
 30
0.0
 40
2.2
  1
蒲支6+110.07
 41
0.7
 72
1
 11
398.68000000000006
 21
-582.0
 31
0.0
100
AcDbText
 73
2
  0
TEXT
  5
60E
330
17
100
AcDbEntity
  8
IP坐标表
100
AcDbText
 10
418.68000000000006
 20
-582.0
 30
0.0
 40
2.2
  1
蒲支6+110.07
 41
0.7
 72
1
 11
418.68000000000006
 21
-582.0
 31
0.0
100
AcDbText
 73
2
  0
TEXT
  5
60F
330
17
100
AcDbEntity
  8
IP坐标表
100
AcDbText
 10
434.1400000000001
 20
-582.0
 30
0.0
 40
2.2
  1
37.834
 41
0.7
 72
1
 11
434.1400000000001
 21
-582.0
 31
0.0
100
AcDbText
 73
2
  0
TEXT
  5
610
330
17
100
AcDbEntity
  8
IP坐标表
100
AcDbText
 10
444.4000000000001
 20
-582.0
 30
0.0
 40
2.2
  1
0.000
 41
0.7
 72
1
 11
444.4000000000001
 21
-582.0
 31
0.0
100
AcDbText
 73
2
  0
TEXT
  5
611
330
17
100
AcDbEntity
  8
IP坐标表
100
AcDbText
 10
454.4500000000001
 20
-582.0
 30
0.0
 40
2.2
  1
0.000
 41
0.7
 72
1
 11
454.4500000000001
 21
-582.0
 31
0.0
100
AcDbText
 73
2
  0
TEXT
  5
612
330
17
100
AcDbEntity
  8
IP坐标表
100
AcDbText
 10
464.5000000000001
 20
-582.0
 30
0.0
 40
2.2
  1
0.000
 41
0.7
 72
1
 11
464.5000000000001
 21
-582.0
 31
0.0
100
AcDbText
 73
2
  0
TEXT
  5
613
330
17
100
AcDbEntity
  8
IP坐标表
100
AcDbText
 10
476.8000000000001
 20
-582.0
 30
0.0
 40
2.2
  1
-
 41
0.7
 72
1
 11
476.8000000000001
 21
-582.0
 31
0.0
100
AcDbText
 73
2
  0
TEXT
  5
614
330
17
100
AcDbEntity
  8
IP坐标表
100
AcDbText
 10
493.0500000000001
 20
-582.0
 30
0.0
 40
2.2
  1
347.860
 41
0.7
 72
1
 11
493.0500000000001
 21
-582.0
 31
0.0
100
AcDbText
 73
2
  0
TEXT
  5
615
330
17
100
AcDbEntity
  8
IP坐标表
100
AcDbText
 10
319.82000000000005
 20
-588.0
 30
0.0
 40
2.2
  1
蒲支IP62
 41
0.7
 72
1
 11
319.82000000000005
 21
-588.0
 31
0.0
100
AcDbText
 73
2
  0
TEXT
  5
616
330
17
100
AcDbEntity
  8
IP坐标表
100
AcDbText
 10
337.12
 20
-588.0
 30
0.0
 40
2.2
  1
620616.193000
 41
0.7
 72
1
 11
337.12
 21
-588.0
 31
0.0
100
AcDbText
 73
2
  0
TEXT
  5
617
330
17
100
AcDbEntity
  8
IP坐标表
100
AcDbText
 10
357.94000000000005
 20
-588.0
 30
0.0
 40
2.2
  1
3453947.873000
 41
0.7
 72
1
 11
357.94000000000005
 21
-588.0
 31
0.0
100
AcDbText
 73
2
  0
TEXT
  5
618
330
17
100
AcDbEntity
  8
IP坐标表
100
AcDbText
 10
378.68000000000006
 20
-588.0
 30
0.0
 40
2.2
  1
蒲支6+161.31
 41
0.7
 72
1
 11
378.68000000000006
 21
-588.0
 31
0.0
100
AcDbText
 73
2
  0
TEXT
  5
619
330
17
100
AcDbEntity
  8
IP坐标表
100
AcDbText
 10
398.68000000000006
 20
-588.0
 30
0.0
 40
2.2
  1
蒲支6+161.31
 41
0.7
 72
1
 11
398.68000000000006
 21
-588.0
 31
0.0
100
AcDbText
 73
2
  0
TEXT
  5
61A
330
17
100
AcDbEntity
  8
IP坐标表
100
AcDbText
 10
418.68000000000006
 20
-588.0
 30
0.0
 40
2.2
  1
蒲支6+161.31
 41
0.7
 72
1
 11
418.68000000000006
 21
-588.0
 31
0.0
100
AcDbText
 73
2
  0
TEXT
  5
61B
330
17
100
AcDbEntity
  8
IP坐标表
100
AcDbText
 10
434.1400000000001
 20
-588.0
 30
0.0
 40
2.2
  1
0.000
 41
0.7
 72
1
 11
434.1400000000001
 21
-588.0
 31
0.0
100
AcDbText
 73
2
  0
TEXT
  5
61C
330
17
100
AcDbEntity
  8
IP坐标表
100
AcDbText
 10
444.4000000000001
 20
-588.0
 30
0.0
 40
2.2
  1
0.000
 41
0.7
 72
1
 11
444.4000000000001
 21
-588.0
 31
0.0
100
AcDbText
 73
2
  0
TEXT
  5
61D
330
17
100
AcDbEntity
  8
IP坐标表
100
AcDbText
 10
454.4500000000001
 20
-588.0
 30
0.0
 40
2.2
  1
0.000
 41
0.7
 72
1
 11
454.4500000000001
 21
-588.0
 31
0.0
100
AcDbText
 73
2
  0
TEXT
  5
61E
330
17
100
AcDbEntity
  8
IP坐标表
100
AcDbText
 10
464.5000000000001
 20
-588.0
 30
0.0
 40
2.2
  1
0.000
 41
0.7
 72
1
 11
464.5000000000001
 21
-588.0
 31
0.0
100
AcDbText
 73
2
  0
TEXT
  5
61F
330
17
100
AcDbEntity
  8
IP坐标表
100
AcDbText
 10
476.8000000000001
 20
-588.0
 30
0.0
 40
2.2
  1
-
 41
0.7
 72
1
 11
476.8000000000001
 21
-588.0
 31
0.0
100
AcDbText
 73
2
  0
TEXT
  5
620
330
17
100
AcDbEntity
  8
IP坐标表
100
AcDbText
 10
493.0500000000001
 20
-588.0
 30
0.0
 40
2.2
  1
347.800
 41
0.7
 72
1
 11
493.0500000000001
 21
-588.0
 31
0.0
100
AcDbText
 73
2
  0
TEXT
  5
621
330
17
100
AcDbEntity
  8
IP坐标表
100
AcDbText
 10
319.82000000000005
 20
-594.0
 30
0.0
 40
2.2
  1
蒲支IP63
 41
0.7
 72
1
 11
319.82000000000005
 21
-594.0
 31
0.0
100
AcDbText
 73
2
  0
TEXT
  5
622
330
17
100
AcDbEntity
  8
IP坐标表
100
AcDbText
 10
337.12
 20
-594.0
 30
0.0
 40
2.2
  1
620574.615000
 41
0.7
 72
1
 11
337.12
 21
-594.0
 31
0.0
100
AcDbText
 73
2
  0
TEXT
  5
623
330
17
100
AcDbEntity
  8
IP坐标表
100
AcDbText
 10
357.94000000000005
 20
-594.0
 30
0.0
 40
2.2
  1
3453895.557000
 41
0.7
 72
1
 11
357.94000000000005
 21
-594.0
 31
0.0
100
AcDbText
 73
2
  0
TEXT
  5
624
330
17
100
AcDbEntity
  8
IP坐标表
100
AcDbText
 10
378.68000000000006
 20
-594.0
 30
0.0
 40
2.2
  1
蒲支6+228.13
 41
0.7
 72
1
 11
378.68000000000006
 21
-594.0
 31
0.0
100
AcDbText
 73
2
  0
TEXT
  5
625
330
17
100
AcDbEntity
  8
IP坐标表
100
AcDbText
 10
398.68000000000006
 20
-594.0
 30
0.0
 40
2.2
  1
蒲支6+228.13
 41
0.7
 72
1
 11
398.68000000000006
 21
-594.0
 31
0.0
100
AcDbText
 73
2
  0
TEXT
  5
626
330
17
100
AcDbEntity
  8
IP坐标表
100
AcDbText
 10
418.68000000000006
 20
-594.0
 30
0.0
 40
2.2
  1
蒲支6+228.13
 41
0.7
 72
1
 11
418.68000000000006
 21
-594.0
 31
0.0
100
AcDbText
 73
2
  0
TEXT
  5
627
330
17
100
AcDbEntity
  8
IP坐标表
100
AcDbText
 10
434.1400000000001
 20
-594.0
 30
0.0
 40
2.2
  1
0.000
 41
0.7
 72
1
 11
434.1400000000001
 21
-594.0
 31
0.0
100
AcDbText
 73
2
  0
TEXT
  5
628
330
17
100
AcDbEntity
  8
IP坐标表
100
AcDbText
 10
444.4000000000001
 20
-594.0
 30
0.0
 40
2.2
  1
0.000
 41
0.7
 72
1
 11
444.4000000000001
 21
-594.0
 31
0.0
100
AcDbText
 73
2
  0
TEXT
  5
629
330
17
100
AcDbEntity
  8
IP坐标表
100
AcDbText
 10
454.4500000000001
 20
-594.0
 30
0.0
 40
2.2
  1
0.000
 41
0.7
 72
1
 11
454.4500000000001
 21
-594.0
 31
0.0
100
AcDbText
 73
2
  0
TEXT
  5
62A
330
17
100
AcDbEntity
  8
IP坐标表
100
AcDbText
 10
464.5000000000001
 20
-594.0
 30
0.0
 40
2.2
  1
0.000
 41
0.7
 72
1
 11
464.5000000000001
 21
-594.0
 31
0.0
100
AcDbText
 73
2
  0
TEXT
  5
62B
330
17
100
AcDbEntity
  8
IP坐标表
100
AcDbText
 10
476.8000000000001
 20
-594.0
 30
0.0
 40
2.2
  1
-
 41
0.7
 72
1
 11
476.8000000000001
 21
-594.0
 31
0.0
100
AcDbText
 73
2
  0
TEXT
  5
62C
330
17
100
AcDbEntity
  8
IP坐标表
100
AcDbText
 10
493.0500000000001
 20
-594.0
 30
0.0
 40
2.2
  1
347.722
 41
0.7
 72
1
 11
493.0500000000001
 21
-594.0
 31
0.0
100
AcDbText
 73
2
  0
TEXT
  5
62D
330
17
100
AcDbEntity
  8
IP坐标表
100
AcDbText
 10
319.82000000000005
 20
-600.0
 30
0.0
 40
2.2
  1
蒲支IP64
 41
0.7
 72
1
 11
319.82000000000005
 21
-600.0
 31
0.0
100
AcDbText
 73
2
  0
TEXT
  5
62E
330
17
100
AcDbEntity
  8
IP坐标表
100
AcDbText
 10
337.12
 20
-600.0
 30
0.0
 40
2.2
  1
620561.315000
 41
0.7
 72
1
 11
337.12
 21
-600.0
 31
0.0
100
AcDbText
 73
2
  0
TEXT
  5
62F
330
17
100
AcDbEntity
  8
IP坐标表
100
AcDbText
 10
357.94000000000005
 20
-600.0
 30
0.0
 40
2.2
  1
3453878.822000
 41
0.7
 72
1
 11
357.94000000000005
 21
-600.0
 31
0.0
100
AcDbText
 73
2
  0
TEXT
  5
630
330
17
100
AcDbEntity
  8
IP坐标表
100
AcDbText
 10
378.68000000000006
 20
-600.0
 30
0.0
 40
2.2
  1
蒲支6+249.51
 41
0.7
 72
1
 11
378.68000000000006
 21
-600.0
 31
0.0
100
AcDbText
 73
2
  0
TEXT
  5
631
330
17
100
AcDbEntity
  8
IP坐标表
100
AcDbText
 10
398.68000000000006
 20
-600.0
 30
0.0
 40
2.2
  1
蒲支6+249.51
 41
0.7
 72
1
 11
398.68000000000006
 21
-600.0
 31
0.0
100
AcDbText
 73
2
  0
TEXT
  5
632
330
17
100
AcDbEntity
  8
IP坐标表
100
AcDbText
 10
418.68000000000006
 20
-600.0
 30
0.0
 40
2.2
  1
蒲支6+249.51
 41
0.7
 72
1
 11
418.68000000000006
 21
-600.0
 31
0.0
100
AcDbText
 73
2
  0
TEXT
  5
633
330
17
100
AcDbEntity
  8
IP坐标表
100
AcDbText
 10
434.1400000000001
 20
-600.0
 30
0.0
 40
2.2
  1
24.631
 41
0.7
 72
1
 11
434.1400000000001
 21
-600.0
 31
0.0
100
AcDbText
 73
2
  0
TEXT
  5
634
330
17
100
AcDbEntity
  8
IP坐标表
100
AcDbText
 10
444.4000000000001
 20
-600.0
 30
0.0
 40
2.2
  1
0.000
 41
0.7
 72
1
 11
444.4000000000001
 21
-600.0
 31
0.0
100
AcDbText
 73
2
  0
TEXT
  5
635
330
17
100
AcDbEntity
  8
IP坐标表
100
AcDbText
 10
454.4500000000001
 20
-600.0
 30
0.0
 40
2.2
  1
0.000
 41
0.7
 72
1
 11
454.4500000000001
 21
-600.0
 31
0.0
100
AcDbText
 73
2
  0
TEXT
  5
636
330
17
100
AcDbEntity
  8
IP坐标表
100
AcDbText
 10
464.5000000000001
 20
-600.0
 30
0.0
 40
2.2
  1
0.000
 41
0.7
 72
1
 11
464.5000000000001
 21
-600.0
 31
0.0
100
AcDbText
 73
2
  0
TEXT
  5
637
330
17
100
AcDbEntity
  8
IP坐标表
100
AcDbText
 10
476.8000000000001
 20
-600.0
 30
0.0
 40
2.2
  1
-
 41
0.7
 72
1
 11
476.8000000000001
 21
-600.0
 31
0.0
100
AcDbText
 73
2
  0
TEXT
  5
638
330
17
100
AcDbEntity
  8
IP坐标表
100
AcDbText
 10
493.0500000000001
 20
-600.0
 30
0.0
 40
2.2
  1
347.695
 41
0.7
 72
1
 11
493.0500000000001
 21
-600.0
 31
0.0
100
AcDbText
 73
2
  0
TEXT
  5
639
330
17
100
AcDbEntity
  8
IP坐标表
100
AcDbText
 10
319.82000000000005
 20
-606.0
 30
0.0
 40
2.2
  1
蒲支IP65
 41
0.7
 72
1
 11
319.82000000000005
 21
-606.0
 31
0.0
100
AcDbText
 73
2
  0
TEXT
  5
63A
330
17
100
AcDbEntity
  8
IP坐标表
100
AcDbText
 10
337.12
 20
-606.0
 30
0.0
 40
2.2
  1
620544.745000
 41
0.7
 72
1
 11
337.12
 21
-606.0
 31
0.0
100
AcDbText
 73
2
  0
TEXT
  5
63B
330
17
100
AcDbEntity
  8
IP坐标表
100
AcDbText
 10
357.94000000000005
 20
-606.0
 30
0.0
 40
2.2
  1
3453870.418000
 41
0.7
 72
1
 11
357.94000000000005
 21
-606.0
 31
0.0
100
AcDbText
 73
2
  0
TEXT
  5
63C
330
17
100
AcDbEntity
  8
IP坐标表
100
AcDbText
 10
378.68000000000006
 20
-606.0
 30
0.0
 40
2.2
  1
蒲支6+268.09
 41
0.7
 72
1
 11
378.68000000000006
 21
-606.0
 31
0.0
100
AcDbText
 73
2
  0
TEXT
  5
63D
330
17
100
AcDbEntity
  8
IP坐标表
100
AcDbText
 10
398.68000000000006
 20
-606.0
 30
0.0
 40
2.2
  1
蒲支6+268.09
 41
0.7
 72
1
 11
398.68000000000006
 21
-606.0
 31
0.0
100
AcDbText
 73
2
  0
TEXT
  5
63E
330
17
100
AcDbEntity
  8
IP坐标表
100
AcDbText
 10
418.68000000000006
 20
-606.0
 30
0.0
 40
2.2
  1
蒲支6+268.09
 41
0.7
 72
1
 11
418.68000000000006
 21
-606.0
 31
0.0
100
AcDbText
 73
2
  0
TEXT
  5
63F
330
17
100
AcDbEntity
  8
IP坐标表
100
AcDbText
 10
434.1400000000001
 20
-606.0
 30
0.0
 40
2.2
  1
0.001
 41
0.7
 72
1
 11
434.1400000000001
 21
-606.0
 31
0.0
100
AcDbText
 73
2
  0
TEXT
  5
640
330
17
100
AcDbEntity
  8
IP坐标表
100
AcDbText
 10
444.4000000000001
 20
-606.0
 30
0.0
 40
2.2
  1
0.000
 41
0.7
 72
1
 11
444.4000000000001
 21
-606.0
 31
0.0
100
AcDbText
 73
2
  0
TEXT
  5
641
330
17
100
AcDbEntity
  8
IP坐标表
100
AcDbText
 10
454.4500000000001
 20
-606.0
 30
0.0
 40
2.2
  1
0.000
 41
0.7
 72
1
 11
454.4500000000001
 21
-606.0
 31
0.0
100
AcDbText
 73
2
  0
TEXT
  5
642
330
17
100
AcDbEntity
  8
IP坐标表
100
AcDbText
 10
464.5000000000001
 20
-606.0
 30
0.0
 40
2.2
  1
0.000
 41
0.7
 72
1
 11
464.5000000000001
 21
-606.0
 31
0.0
100
AcDbText
 73
2
  0
TEXT
  5
643
330
17
100
AcDbEntity
  8
IP坐标表
100
AcDbText
 10
476.8000000000001
 20
-606.0
 30
0.0
 40
2.2
  1
-
 41
0.7
 72
1
 11
476.8000000000001
 21
-606.0
 31
0.0
100
AcDbText
 73
2
  0
TEXT
  5
644
330
17
100
AcDbEntity
  8
IP坐标表
100
AcDbText
 10
493.0500000000001
 20
-606.0
 30
0.0
 40
2.2
  1
347.672
 41
0.7
 72
1
 11
493.0500000000001
 21
-606.0
 31
0.0
100
AcDbText
 73
2
  0
TEXT
  5
645
330
17
100
AcDbEntity
  8
IP坐标表
100
AcDbText
 10
319.82000000000005
 20
-612.0
 30
0.0
 40
2.2
  1
蒲支IP66
 41
0.7
 72
1
 11
319.82000000000005
 21
-612.0
 31
0.0
100
AcDbText
 73
2
  0
TEXT
  5
646
330
17
100
AcDbEntity
  8
IP坐标表
100
AcDbText
 10
337.12
 20
-612.0
 30
0.0
 40
2.2
  1
620443.224000
 41
0.7
 72
1
 11
337.12
 21
-612.0
 31
0.0
100
AcDbText
 73
2
  0
TEXT
  5
647
330
17
100
AcDbEntity
  8
IP坐标表
100
AcDbText
 10
357.94000000000005
 20
-612.0
 30
0.0
 40
2.2
  1
3453818.927000
 41
0.7
 72
1
 11
357.94000000000005
 21
-612.0
 31
0.0
100
AcDbText
 73
2
  0
TEXT
  5
648
330
17
100
AcDbEntity
  8
IP坐标表
100
AcDbText
 10
378.68000000000006
 20
-612.0
 30
0.0
 40
2.2
  1
蒲支6+381.92
 41
0.7
 72
1
 11
378.68000000000006
 21
-612.0
 31
0.0
100
AcDbText
 73
2
  0
TEXT
  5
649
330
17
100
AcDbEntity
  8
IP坐标表
100
AcDbText
 10
398.68000000000006
 20
-612.0
 30
0.0
 40
2.2
  1
蒲支6+381.92
 41
0.7
 72
1
 11
398.68000000000006
 21
-612.0
 31
0.0
100
AcDbText
 73
2
  0
TEXT
  5
64A
330
17
100
AcDbEntity
  8
IP坐标表
100
AcDbText
 10
418.68000000000006
 20
-612.0
 30
0.0
 40
2.2
  1
蒲支6+381.92
 41
0.7
 72
1
 11
418.68000000000006
 21
-612.0
 31
0.0
100
AcDbText
 73
2
  0
TEXT
  5
64B
330
17
100
AcDbEntity
  8
IP坐标表
100
AcDbText
 10
434.1400000000001
 20
-612.0
 30
0.0
 40
2.2
  1
65.932
 41
0.7
 72
1
 11
434.1400000000001
 21
-612.0
 31
0.0
100
AcDbText
 73
2
  0
TEXT
  5
64C
330
17
100
AcDbEntity
  8
IP坐标表
100
AcDbText
 10
444.4000000000001
 20
-612.0
 30
0.0
 40
2.2
  1
0.000
 41
0.7
 72
1
 11
444.4000000000001
 21
-612.0
 31
0.0
100
AcDbText
 73
2
  0
TEXT
  5
64D
330
17
100
AcDbEntity
  8
IP坐标表
100
AcDbText
 10
454.4500000000001
 20
-612.0
 30
0.0
 40
2.2
  1
0.000
 41
0.7
 72
1
 11
454.4500000000001
 21
-612.0
 31
0.0
100
AcDbText
 73
2
  0
TEXT
  5
64E
330
17
100
AcDbEntity
  8
IP坐标表
100
AcDbText
 10
464.5000000000001
 20
-612.0
 30
0.0
 40
2.2
  1
0.000
 41
0.7
 72
1
 11
464.5000000000001
 21
-612.0
 31
0.0
100
AcDbText
 73
2
  0
TEXT
  5
64F
330
17
100
AcDbEntity
  8
IP坐标表
100
AcDbText
 10
476.8000000000001
 20
-612.0
 30
0.0
 40
2.2
  1
-
 41
0.7
 72
1
 11
476.8000000000001
 21
-612.0
 31
0.0
100
AcDbText
 73
2
  0
TEXT
  5
650
330
17
100
AcDbEntity
  8
IP坐标表
100
AcDbText
 10
493.0500000000001
 20
-612.0
 30
0.0
 40
2.2
  1
347.528
 41
0.7
 72
1
 11
493.0500000000001
 21
-612.0
 31
0.0
100
AcDbText
 73
2
  0
TEXT
  5
651
330
17
100
AcDbEntity
  8
IP坐标表
100
AcDbText
 10
319.82000000000005
 20
-618.0
 30
0.0
 40
2.2
  1
蒲支IP67
 41
0.7
 72
1
 11
319.82000000000005
 21
-618.0
 31
0.0
100
AcDbText
 73
2
  0
TEXT
  5
652
330
17
100
AcDbEntity
  8
IP坐标表
100
AcDbText
 10
337.12
 20
-618.0
 30
0.0
 40
2.2
  1
620447.078000
 41
0.7
 72
1
 11
337.12
 21
-618.0
 31
0.0
100
AcDbText
 73
2
  0
TEXT
  5
653
330
17
100
AcDbEntity
  8
IP坐标表
100
AcDbText
 10
357.94000000000005
 20
-618.0
 30
0.0
 40
2.2
  1
3453740.859000
 41
0.7
 72
1
 11
357.94000000000005
 21
-618.0
 31
0.0
100
AcDbText
 73
2
  0
TEXT
  5
654
330
17
100
AcDbEntity
  8
IP坐标表
100
AcDbText
 10
378.68000000000006
 20
-618.0
 30
0.0
 40
2.2
  1
蒲支6+460.09
 41
0.7
 72
1
 11
378.68000000000006
 21
-618.0
 31
0.0
100
AcDbText
 73
2
  0
TEXT
  5
655
330
17
100
AcDbEntity
  8
IP坐标表
100
AcDbText
 10
398.68000000000006
 20
-618.0
 30
0.0
 40
2.2
  1
蒲支6+460.09
 41
0.7
 72
1
 11
398.68000000000006
 21
-618.0
 31
0.0
100
AcDbText
 73
2
  0
TEXT
  5
656
330
17
100
AcDbEntity
  8
IP坐标表
100
AcDbText
 10
418.68000000000006
 20
-618.0
 30
0.0
 40
2.2
  1
蒲支6+460.09
 41
0.7
 72
1
 11
418.68000000000006
 21
-618.0
 31
0.0
100
AcDbText
 73
2
  0
TEXT
  5
657
330
17
100
AcDbEntity
  8
IP坐标表
100
AcDbText
 10
434.1400000000001
 20
-618.0
 30
0.0
 40
2.2
  1
0.000
 41
0.7
 72
1
 11
434.1400000000001
 21
-618.0
 31
0.0
100
AcDbText
 73
2
  0
TEXT
  5
658
330
17
100
AcDbEntity
  8
IP坐标表
100
AcDbText
 10
444.4000000000001
 20
-618.0
 30
0.0
 40
2.2
  1
0.000
 41
0.7
 72
1
 11
444.4000000000001
 21
-618.0
 31
0.0
100
AcDbText
 73
2
  0
TEXT
  5
659
330
17
100
AcDbEntity
  8
IP坐标表
100
AcDbText
 10
454.4500000000001
 20
-618.0
 30
0.0
 40
2.2
  1
0.000
 41
0.7
 72
1
 11
454.4500000000001
 21
-618.0
 31
0.0
100
AcDbText
 73
2
  0
TEXT
  5
65A
330
17
100
AcDbEntity
  8
IP坐标表
100
AcDbText
 10
464.5000000000001
 20
-618.0
 30
0.0
 40
2.2
  1
0.000
 41
0.7
 72
1
 11
464.5000000000001
 21
-618.0
 31
0.0
100
AcDbText
 73
2
  0
TEXT
  5
65B
330
17
100
AcDbEntity
  8
IP坐标表
100
AcDbText
 10
476.8000000000001
 20
-618.0
 30
0.0
 40
2.2
  1
-
 41
0.7
 72
1
 11
476.8000000000001
 21
-618.0
 31
0.0
100
AcDbText
 73
2
  0
TEXT
  5
65C
330
17
100
AcDbEntity
  8
IP坐标表
100
AcDbText
 10
493.0500000000001
 20
-618.0
 30
0.0
 40
2.2
  1
347.436
 41
0.7
 72
1
 11
493.0500000000001
 21
-618.0
 31
0.0
100
AcDbText
 73
2
  0
ENDSEC
  0
SECTION
  2
OBJECTS
  0
DICTIONARY
  5
A
330
0
100
AcDbDictionary
281
1
  3
ACAD_COLOR
350
B
  3
ACAD_GROUP
350
C
  3
ACAD_LAYOUT
350
D
  3
ACAD_MATERIAL
350
E
  3
ACAD_MLEADERSTYLE
350
F
  3
ACAD_MLINESTYLE
350
10
  3
ACAD_PLOTSETTINGS
350
11
  3
ACAD_PLOTSTYLENAME
350
12
  3
ACAD_SCALELIST
350
14
  3
ACAD_TABLESTYLE
350
15
  3
ACAD_VISUALSTYLE
350
16
  3
EZDXF_META
350
2D
  0
DICTIONARY
  5
B
330
A
100
AcDbDictionary
281
1
  0
DICTIONARY
  5
C
330
A
100
AcDbDictionary
281
1
  0
DICTIONARY
  5
D
330
A
100
AcDbDictionary
281
1
  3
Model
350
1A
  3
Layout1
350
1E
  0
DICTIONARY
  5
E
330
A
100
AcDbDictionary
281
1
  3
ByBlock
350
1F
  3
ByLayer
350
20
  3
Global
350
21
  0
DICTIONARY
  5
F
330
A
100
AcDbDictionary
281
1
  3
Standard
350
2C
  0
DICTIONARY
  5
10
330
A
100
AcDbDictionary
281
1
  3
Standard
350
22
  0
DICTIONARY
  5
11
330
A
100
AcDbDictionary
281
1
  0
ACDBDICTIONARYWDFLT
  5
12
330
A
100
AcDbDictionary
281
1
  3
Normal
350
13
100
AcDbDictionaryWithDefault
340
13
  0
ACDBPLACEHOLDER
  5
13
330
12
  0
DICTIONARY
  5
14
330
A
100
AcDbDictionary
281
1
  0
DICTIONARY
  5
15
330
A
100
AcDbDictionary
281
1
  0
DICTIONARY
  5
16
330
A
100
AcDbDictionary
281
1
  0
LAYOUT
  5
1A
330
D
100
AcDbPlotSettings
  1

  4
A3
  6

 40
7.5
 41
20.0
 42
7.5
 43
20.0
 44
420.0
 45
297.0
 46
0.0
 47
0.0
 48
0.0
 49
0.0
140
0.0
141
0.0
142
1.0
143
1.0
 70
1024
 72
1
 73
0
 74
5
  7

 75
16
 76
0
 77
2
 78
300
147
1.0
148
0.0
149
0.0
100
AcDbLayout
  1
Model
 70
1
 71
0
 10
0.0
 20
0.0
 11
420.0
 21
297.0
 12
0.0
 22
0.0
 32
0.0
 14
1e+20
 24
1e+20
 34
1e+20
 15
-1e+20
 25
-1e+20
 35
-1e+20
146
0.0
 13
0.0
 23
0.0
 33
0.0
 16
1.0
 26
0.0
 36
0.0
 17
0.0
 27
1.0
 37
0.0
 76
1
330
17
  0
LAYOUT
  5
1E
330
D
100
AcDbPlotSettings
  1

  4
A3
  6

 40
7.5
 41
20.0
 42
7.5
 43
20.0
 44
420.0
 45
297.0
 46
0.0
 47
0.0
 48
0.0
 49
0.0
140
0.0
141
0.0
142
1.0
143
1.0
 70
0
 72
1
 73
0
 74
5
  7

 75
16
 76
0
 77
2
 78
300
147
1.0
148
0.0
149
0.0
100
AcDbLayout
  1
Layout1
 70
1
 71
1
 10
0.0
 20
0.0
 11
420.0
 21
297.0
 12
0.0
 22
0.0
 32
0.0
 14
1e+20
 24
1e+20
 34
1e+20
 15
-1e+20
 25
-1e+20
 35
-1e+20
146
0.0
 13
0.0
 23
0.0
 33
0.0
 16
1.0
 26
0.0
 36
0.0
 17
0.0
 27
1.0
 37
0.0
 76
1
330
1B
  0
MATERIAL
  5
1F
102
{ACAD_REACTORS
330
E
102
}
330
E
100
AcDbMaterial
  1
ByBlock
  2

 70
0
 40
1.0
 71
1
 41
1.0
 91
-1023410177
 42
1.0
 72
1
  3

 73
1
 74
1
 75
1
 44
0.5
 73
0
 45
1.0
 46
1.0
 77
1
  4

 78
1
 79
1
170
1
 48
1.0
171
1
  6

172
1
173
1
174
1
140
1.0
141
1.0
175
1
  7

176
1
177
1
178
1
143
1.0
179
1
  8

270
1
271
1
272
1
145
1.0
146
1.0
273
1
  9

274
1
275
1
276
1
 42
1.0
 72
1
  3

 73
1
 74
1
 75
1
 94
63
  0
MATERIAL
  5
20
102
{ACAD_REACTORS
330
E
102
}
330
E
100
AcDbMaterial
  1
ByLayer
  2

 70
0
 40
1.0
 71
1
 41
1.0
 91
-1023410177
 42
1.0
 72
1
  3

 73
1
 74
1
 75
1
 44
0.5
 73
0
 45
1.0
 46
1.0
 77
1
  4

 78
1
 79
1
170
1
 48
1.0
171
1
  6

172
1
173
1
174
1
140
1.0
141
1.0
175
1
  7

176
1
177
1
178
1
143
1.0
179
1
  8

270
1
271
1
272
1
145
1.0
146
1.0
273
1
  9

274
1
275
1
276
1
 42
1.0
 72
1
  3

 73
1
 74
1
 75
1
 94
63
  0
MATERIAL
  5
21
102
{ACAD_REACTORS
330
E
102
}
330
E
100
AcDbMaterial
  1
Global
  2

 70
0
 40
1.0
 71
1
 41
1.0
 91
-1023410177
 42
1.0
 72
1
  3

 73
1
 74
1
 75
1
 44
0.5
 73
0
 45
1.0
 46
1.0
 77
1
  4

 78
1
 79
1
170
1
 48
1.0
171
1
  6

172
1
173
1
174
1
140
1.0
141
1.0
175
1
  7

176
1
177
1
178
1
143
1.0
179
1
  8

270
1
271
1
272
1
145
1.0
146
1.0
273
1
  9

274
1
275
1
276
1
 42
1.0
 72
1
  3

 73
1
 74
1
 75
1
 94
63
  0
MLINESTYLE
  5
22
102
{ACAD_REACTORS
330
10
102
}
330
10
100
AcDbMlineStyle
  2
Standard
 70
0
  3

 62
256
 51
90.0
 52
90.0
 71
2
 49
0.5
 62
256
  6
BYLAYER
 49
-0.5
 62
256
  6
BYLAYER
  0
MLEADERSTYLE
  5
2C
102
{ACAD_REACTORS
330
F
102
}
330
F
100
AcDbMLeaderStyle
179
2
170
2
171
1
172
0
 90
2
 40
0.0
 41
0.0
173
1
 91
-1056964608
 92
-2
290
1
 42
2.0
291
1
 43
8.0
  3
Standard
 44
4.0
300

342
29
174
1
175
1
176
0
178
1
 93
-1056964608
 45
4.0
292
0
297
0
 46
4.0
 94
-1056964608
 47
1.0
 49
1.0
140
1.0
294
1
141
0.0
177
0
142
1.0
295
0
296
0
143
3.75
271
0
272
9
273
9
  0
DICTIONARY
  5
2D
330
A
100
AcDbDictionary
280
1
281
1
  3
CREATED_BY_EZDXF
350
2E
  3
WRITTEN_BY_EZDXF
350
65F
  0
DICTIONARYVAR
  5
2E
330
2D
100
DictionaryVariables
280
0
  1
1.4.3 @ 2026-09-18T06:04:27.566367+00:00
  0
DICTIONARYVAR
  5
65F
330
2D
100
DictionaryVariables
280
0
  1
1.4.3 @ 2026-09-18T06:04:27.790165+00:00
  0
ENDSEC
  0
EOF
