  0
SECTION
  2
HEADER
  9
$ACADVER
  1
AC1024
  9
$ACADMAINTVER
 70
6
  9
$DWGCODEPAGE
  3
ANSI_1252
  9
$LASTSAVEDBY
  1
ezdxf
  9
$INSBASE
 10
0.0
 20
0.0
 30
0.0
  9
$EXTMIN
 10
1e+20
 20
1e+20
 30
1e+20
  9
$EXTMAX
 10
-1e+20
 20
-1e+20
 30
-1e+20
  9
$LIMMIN
 10
0.0
 20
0.0
  9
$LIMMAX
 10
420.0
 20
297.0
  9
$ORTHOMODE
 70
0
  9
$REGENMODE
 70
1
  9
$FILLMODE
 70
1
  9
$QTEXTMODE
 70
0
  9
$MIRRTEXT
 70
1
  9
$LTSCALE
 40
1.0
  9
$ATTMODE
 70
1
  9
$TEXTSIZE
 40
2.5
  9
$TRACEWID
 40
1.0
  9
$TEXTSTYLE
  7
Standard
  9
$CLAYER
  8
0
  9
$CELTYPE
  6
ByLayer
  9
$CECOLOR
 62
256
  9
$CELTSCALE
 40
1.0
  9
$DISPSILH
 70
0
  9
$DIMSCALE
 40
1.0
  9
$DIMASZ
 40
2.5
  9
$DIMEXO
 40
0.625
  9
$DIMDLI
 40
3.75
  9
$DIMRND
 40
0.0
  9
$DIMDLE
 40
0.0
  9
$DIMEXE
 40
1.25
  9
$DIMTP
 40
0.0
  9
$DIMTM
 40
0.0
  9
$DIMTXT
 40
2.5
  9
$DIMCEN
 40
2.5
  9
$DIMTSZ
 40
0.0
  9
$DIMTOL
 70
0
  9
$DIMLIM
 70
0
  9
$DIMTIH
 70
0
  9
$DIMTOH
 70
0
  9
$DIMSE1
 70
0
  9
$DIMSE2
 70
0
  9
$DIMTAD
 70
1
  9
$DIMZIN
 70
8
  9
$DIMBLK
  1

  9
$DIMASO
 70
1
  9
$DIMSHO
 70
1
  9
$DIMPOST
  1

  9
$DIMAPOST
  1

  9
$DIMALT
 70
0
  9
$DIMALTD
 70
3
  9
$DIMALTF
 40
0.03937007874
  9
$DIMLFAC
 40
1.0
  9
$DIMTOFL
 70
1
  9
$DIMTVP
 40
0.0
  9
$DIMTIX
 70
0
  9
$DIMSOXD
 70
0
  9
$DIMSAH
 70
0
  9
$DIMBLK1
  1

  9
$DIMBLK2
  1

  9
$DIMSTYLE
  2
ISO-25
  9
$DIMCLRD
 70
0
  9
$DIMCLRE
 70
0
  9
$DIMCLRT
 70
0
  9
$DIMTFAC
 40
1.0
  9
$DIMGAP
 40
0.625
  9
$DIMJUST
 70
0
  9
$DIMSD1
 70
0
  9
$DIMSD2
 70
0
  9
$DIMTOLJ
 70
0
  9
$DIMTZIN
 70
8
  9
$DIMALTZ
 70
0
  9
$DIMALTTZ
 70
0
  9
$DIMUPT
 70
0
  9
$DIMDEC
 70
2
  9
$DIMTDEC
 70
2
  9
$DIMALTU
 70
2
  9
$DIMALTTD
 70
3
  9
$DIMTXSTY
  7
Standard
  9
$DIMAUNIT
 70
0
  9
$DIMADEC
 70
0
  9
$DIMALTRND
 40
0.0
  9
$DIMAZIN
 70
0
  9
$DIMDSEP
 70
44
  9
$DIMATFIT
 70
3
  9
$DIMFRAC
 70
0
  9
$DIMLDRBLK
  1

  9
$DIMLUNIT
 70
2
  9
$DIMLWD
 70
-2
  9
$DIMLWE
 70
-2
  9
$DIMTMOVE
 70
0
  9
$DIMFXL
 40
1.0
  9
$DIMFXLON
 70
0
  9
$DIMJOGANG
 40
0.785398163397
  9
$DIMTFILL
 70
0
  9
$DIMTFILLCLR
 70
0
  9
$DIMARCSYM
 70
0
  9
$DIMLTYPE
  6

  9
$DIMLTEX1
  6

  9
$DIMLTEX2
  6

  9
$DIMTXTDIRECTION
 70
0
  9
$LUNITS
 70
2
  9
$LUPREC
 70
4
  9
$SKETCHINC
 40
1.0
  9
$FILLETRAD
 40
10.0
  9
$AUNITS
 70
0
  9
$AUPREC
 70
2
  9
$MENU
  1
.
  9
$ELEVATION
 40
0.0
  9
$PELEVATION
 40
0.0
  9
$THICKNESS
 40
0.0
  9
$LIMCHECK
 70
0
  9
$CHAMFERA
 40
0.0
  9
$CHAMFERB
 40
0.0
  9
$CHAMFERC
 40
0.0
  9
$CHAMFERD
 40
0.0
  9
$SKPOLY
 70
0
  9
$TDCREATE
 40
2461302.6159490743
  9
$TDUCREATE
 40
2458532.153996898
  9
$TDUPDATE
 40
2461302.6159490743
  9
$TDUUPDATE
 40
2458532.1544311
  9
$TDINDWG
 40
0.0
  9
$TDUSRTIMER
 40
0.0
  9
$USRTIMER
 70
1
  9
$ANGBASE
 50
0.0
  9
$ANGDIR
 70
0
  9
$PDMODE
 70
0
  9
$PDSIZE
 40
0.0
  9
$PLINEWID
 40
0.0
  9
$SPLFRAME
 70
0
  9
$SPLINETYPE
 70
6
  9
$SPLINESEGS
 70
8
  9
$HANDSEED
  5
4D7
  9
$SURFTAB1
 70
6
  9
$SURFTAB2
 70
6
  9
$SURFTYPE
 70
6
  9
$SURFU
 70
6
  9
$SURFV
 70
6
  9
$UCSBASE
  2

  9
$UCSNAME
  2

  9
$UCSORG
 10
0.0
 20
0.0
 30
0.0
  9
$UCSXDIR
 10
1.0
 20
0.0
 30
0.0
  9
$UCSYDIR
 10
0.0
 20
1.0
 30
0.0
  9
$UCSORTHOREF
  2

  9
$UCSORTHOVIEW
 70
0
  9
$UCSORGTOP
 10
0.0
 20
0.0
 30
0.0
  9
$UCSORGBOTTOM
 10
0.0
 20
0.0
 30
0.0
  9
$UCSORGLEFT
 10
0.0
 20
0.0
 30
0.0
  9
$UCSORGRIGHT
 10
0.0
 20
0.0
 30
0.0
  9
$UCSORGFRONT
 10
0.0
 20
0.0
 30
0.0
  9
$UCSORGBACK
 10
0.0
 20
0.0
 30
0.0
  9
$PUCSBASE
  2

  9
$PUCSNAME
  2

  9
$PUCSORG
 10
0.0
 20
0.0
 30
0.0
  9
$PUCSXDIR
 10
1.0
 20
0.0
 30
0.0
  9
$PUCSYDIR
 10
0.0
 20
1.0
 30
0.0
  9
$PUCSORTHOREF
  2

  9
$PUCSORTHOVIEW
 70
0
  9
$PUCSORGTOP
 10
0.0
 20
0.0
 30
0.0
  9
$PUCSORGBOTTOM
 10
0.0
 20
0.0
 30
0.0
  9
$PUCSORGLEFT
 10
0.0
 20
0.0
 30
0.0
  9
$PUCSORGRIGHT
 10
0.0
 20
0.0
 30
0.0
  9
$PUCSORGFRONT
 10
0.0
 20
0.0
 30
0.0
  9
$PUCSORGBACK
 10
0.0
 20
0.0
 30
0.0
  9
$USERI1
 70
0
  9
$USERI2
 70
0
  9
$USERI3
 70
0
  9
$USERI4
 70
0
  9
$USERI5
 70
0
  9
$USERR1
 40
0.0
  9
$USERR2
 40
0.0
  9
$USERR3
 40
0.0
  9
$USERR4
 40
0.0
  9
$USERR5
 40
0.0
  9
$WORLDVIEW
 70
1
  9
$SHADEDGE
 70
3
  9
$SHADEDIF
 70
70
  9
$TILEMODE
 70
1
  9
$MAXACTVP
 70
64
  9
$PINSBASE
 10
0.0
 20
0.0
 30
0.0
  9
$PLIMCHECK
 70
0
  9
$PEXTMIN
 10
1e+20
 20
1e+20
 30
1e+20
  9
$PEXTMAX
 10
-1e+20
 20
-1e+20
 30
-1e+20
  9
$PLIMMIN
 10
0.0
 20
0.0
  9
$PLIMMAX
 10
420.0
 20
297.0
  9
$UNITMODE
 70
0
  9
$VISRETAIN
 70
1
  9
$PLINEGEN
 70
0
  9
$PSLTSCALE
 70
1
  9
$TREEDEPTH
 70
3020
  9
$CMLSTYLE
  2
Standard
  9
$CMLJUST
 70
0
  9
$CMLSCALE
 40
20.0
  9
$PROXYGRAPHICS
 70
1
  9
$MEASUREMENT
 70
1
  9
$CELWEIGHT
370
-1
  9
$ENDCAPS
280
0
  9
$JOINSTYLE
280
0
  9
$LWDISPLAY
290
0
  9
$INSUNITS
 70
4
  9
$HYPERLINKBASE
  1

  9
$STYLESHEET
  1

  9
$XEDIT
290
1
  9
$CEPSNTYPE
380
0
  9
$PSTYLEMODE
290
1
  9
$FINGERPRINTGUID
  2
{3B708622-1DE8-46FA-BA91-3F2D74A36F08}
  9
$VERSIONGUID
  2
{86880EDE-08ED-424C-971A-2A3408DC92F2}
  9
$EXTNAMES
290
1
  9
$PSVPSCALE
 40
0.0
  9
$OLESTARTUP
290
0
  9
$SORTENTS
280
127
  9
$INDEXCTL
280
0
  9
$HIDETEXT
280
1
  9
$XCLIPFRAME
280
1
  9
$HALOGAP
280
0
  9
$OBSCOLOR
 70
257
  9
$OBSLTYPE
280
0
  9
$INTERSECTIONDISPLAY
280
0
  9
$INTERSECTIONCOLOR
 70
257
  9
$DIMASSOC
280
2
  9
$PROJECTNAME
  1

  9
$CAMERADISPLAY
290
0
  9
$LENSLENGTH
 40
50.0
  9
$CAMERAHEIGHT
 40
0.0
  9
$STEPSPERSEC
 40
24.0
  9
$STEPSIZE
 40
100.0
  9
$3DDWFPREC
 40
2.0
  9
$PSOLWIDTH
 40
0.005
  9
$PSOLHEIGHT
 40
0.08
  9
$LOFTANG1
 40
1.570796326795
  9
$LOFTANG2
 40
1.570796326795
  9
$LOFTMAG1
 40
0.0
  9
$LOFTMAG2
 40
0.0
  9
$LOFTPARAM
 70
7
  9
$LOFTNORMALS
280
1
  9
$LATITUDE
 40
37.795
  9
$LONGITUDE
 40
-122.394
  9
$NORTHDIRECTION
 40
0.0
  9
$TIMEZONE
 70
-8000
  9
$LIGHTGLYPHDISPLAY
280
1
  9
$TILEMODELIGHTSYNCH
280
1
  9
$CMATERIAL
347
20
  9
$SOLIDHIST
280
0
  9
$SHOWHIST
280
1
  9
$DWFFRAME
280
2
  9
$DGNFRAME
280
2
  9
$REALWORLDSCALE
290
1
  9
$INTERFERECOLOR
 62
256
  9
$CSHADOW
280
0
  9
$SHADOWPLANELOCATION
 40
0.0
  0
ENDSEC
  0
SECTION
  2
CLASSES
  0
CLASS
  1
ACDBDICTIONARYWDFLT
  2
AcDbDictionaryWithDefault
  3
ObjectDBX Classes
 90
0
 91
0
280
0
281
0
  0
CLASS
  1
SUN
  2
AcDbSun
  3
SCENEOE
 90
1153
 91
0
280
0
281
0
  0
CLASS
  1
VISUALSTYLE
  2
AcDbVisualStyle
  3
ObjectDBX Classes
 90
4095
 91
0
280
0
281
0
  0
CLASS
  1
MATERIAL
  2
AcDbMaterial
  3
ObjectDBX Classes
 90
1153
 91
0
280
0
281
0
  0
CLASS
  1
SCALE
  2
AcDbScale
  3
ObjectDBX Classes
 90
1153
 91
0
280
0
281
0
  0
CLASS
  1
TABLESTYLE
  2
AcDbTableStyle
  3
ObjectDBX Classes
 90
4095
 91
0
280
0
281
0
  0
CLASS
  1
MLEADERSTYLE
  2
AcDbMLeaderStyle
  3
ACDB_MLEADERSTYLE_CLASS
 90
4095
 91
0
280
0
281
0
  0
CLASS
  1
DICTIONARYVAR
  2
AcDbDictionaryVar
  3
ObjectDBX Classes
 90
0
 91
0
280
0
281
0
  0
CLASS
  1
CELLSTYLEMAP
  2
AcDbCellStyleMap
  3
ObjectDBX Classes
 90
1152
 91
0
280
0
281
0
  0
CLASS
  1
MENTALRAYRENDERSETTINGS
  2
AcDbMentalRayRenderSettings
  3
SCENEOE
 90
1024
 91
0
280
0
281
0
  0
CLASS
  1
ACDBDETAILVIEWSTYLE
  2
AcDbDetailViewStyle
  3
ObjectDBX Classes
 90
1025
 91
0
280
0
281
0
  0
CLASS
  1
ACDBSECTIONVIEWSTYLE
  2
AcDbSectionViewStyle
  3
ObjectDBX Classes
 90
1025
 91
0
280
0
281
0
  0
CLASS
  1
RASTERVARIABLES
  2
AcDbRasterVariables
  3
ISM
 90
0
 91
0
280
0
281
0
  0
CLASS
  1
ACDBPLACEHOLDER
  2
AcDbPlaceHolder
  3
ObjectDBX Classes
 90
0
 91
0
280
0
281
0
  0
CLASS
  1
LAYOUT
  2
AcDbLayout
  3
ObjectDBX Classes
 90
0
 91
0
280
0
281
0
  0
ENDSEC
  0
SECTION
  2
TABLES
  0
TABLE
  2
VPORT
  5
8
330
0
100
AcDbSymbolTable
 70
1
  0
VPORT
  5
23
330
8
100
AcDbSymbolTableRecord
100
AcDbViewportTableRecord
  2
*Active
 70
0
 10
0.0
 20
0.0
 11
1.0
 21
1.0
 12
0.0
 22
0.0
 13
0.0
 23
0.0
 14
0.5
 24
0.5
 15
0.5
 25
0.5
 16
0.0
 26
0.0
 36
1.0
 17
0.0
 27
0.0
 37
0.0
 40
1000.0
 41
1.34
 42
50.0
 43
0.0
 44
0.0
 50
0.0
 51
0.0
 71
0
 72
1000
 73
1
 74
3
 75
0
 76
0
 77
0
 78
0
281
0
 65
0
146
0.0
  0
ENDTAB
  0
TABLE
  2
LTYPE
  5
2
330
0
100
AcDbSymbolTable
 70
3
  0
LTYPE
  5
24
330
2
100
AcDbSymbolTableRecord
100
AcDbLinetypeTableRecord
  2
ByBlock
 70
0
  3

 72
65
 73
0
 40
0.0
  0
LTYPE
  5
25
330
2
100
AcDbSymbolTableRecord
100
AcDbLinetypeTableRecord
  2
ByLayer
 70
0
  3

 72
65
 73
0
 40
0.0
  0
LTYPE
  5
26
330
2
100
AcDbSymbolTableRecord
100
AcDbLinetypeTableRecord
  2
Continuous
 70
0
  3

 72
65
 73
0
 40
0.0
  0
ENDTAB
  0
TABLE
  2
LAYER
  5
1
330
0
100
AcDbSymbolTable
 70
10
  0
LAYER
  5
27
330
1
100
AcDbSymbolTableRecord
100
AcDbLayerTableRecord
  2
0
 70
0
 62
7
  6
Continuous
370
-3
390
13
347
21
  0
LAYER
  5
28
330
1
100
AcDbSymbolTableRecord
100
AcDbLayerTableRecord
  2
Defpoints
 70
0
 62
7
  6
Continuous
290
0
370
-3
390
13
347
21
  0
LAYER
  5
2F
330
1
100
AcDbSymbolTableRecord
100
AcDbLayerTableRecord
  2
纵断面_表格线框
 70
0
 62
7
  6
Continuous
370
-3
390
13
347
21
  0
LAYER
  5
30
330
1
100
AcDbSymbolTableRecord
100
AcDbLayerTableRecord
  2
纵断面_渠底高程线
 70
0
 62
3
  6
Continuous
370
-3
390
13
347
21
  0
LAYER
  5
31
330
1
100
AcDbSymbolTableRecord
100
AcDbLayerTableRecord
  2
纵断面_渠顶高程线
 70
0
 62
1
  6
Continuous
370
-3
390
13
347
21
  0
LAYER
  5
32
330
1
100
AcDbSymbolTableRecord
100
AcDbLayerTableRecord
  2
纵断面_设计水位线
 70
0
 62
5
  6
Continuous
370
-3
390
13
347
21
  0
LAYER
  5
33
330
1
100
AcDbSymbolTableRecord
100
AcDbLayerTableRecord
  2
纵断面_管中心线
 70
0
 62
2
  6
Continuous
370
-3
390
13
347
21
  0
LAYER
  5
34
330
1
100
AcDbSymbolTableRecord
100
AcDbLayerTableRecord
  2
纵断面_文字标注
 70
0
 62
7
  6
Continuous
370
-3
390
13
347
21
  0
LAYER
  5
35
330
1
100
AcDbSymbolTableRecord
100
AcDbLayerTableRecord
  2
断面汇总表
 70
0
 62
7
  6
Continuous
370
-3
390
13
347
21
  0
LAYER
  5
36
330
1
100
AcDbSymbolTableRecord
100
AcDbLayerTableRecord
  2
IP坐标表
 70
0
 62
7
  6
Continuous
370
-3
390
13
347
21
  0
ENDTAB
  0
TABLE
  2
STYLE
  5
5
330
0
100
AcDbSymbolTable
 70
1
  0
STYLE
  5
29
330
5
100
AcDbSymbolTableRecord
100
AcDbTextStyleTableRecord
  2
Standard
 70
0
 40
0.0
 41
0.7
 50
0.0
 71
0
 42
2.5
  3

  4

1001
ACAD
1000
仿宋
1071
0
  0
ENDTAB
  0
TABLE
  2
VIEW
  5
7
330
0
100
AcDbSymbolTable
 70
0
  0
ENDTAB
  0
TABLE
  2
UCS
  5
6
330
0
100
AcDbSymbolTable
 70
0
  0
ENDTAB
  0
TABLE
  2
APPID
  5
3
330
0
100
AcDbSymbolTable
 70
3
  0
APPID
  5
2A
330
3
100
AcDbSymbolTableRecord
100
AcDbRegAppTableRecord
  2
ACAD
 70
0
  0
APPID
  5
4D4
330
3
100
AcDbSymbolTableRecord
100
AcDbRegAppTableRecord
  2
HATCHBACKGROUNDCOLOR
 70
0
  0
APPID
  5
4D5
330
3
100
AcDbSymbolTableRecord
100
AcDbRegAppTableRecord
  2
EZDXF
 70
0
  0
ENDTAB
  0
TABLE
  2
DIMSTYLE
  5
4
330
0
100
AcDbSymbolTable
 70
1
100
AcDbDimStyleTable
  0
DIMSTYLE
105
2B
330
4
100
AcDbSymbolTableRecord
100
AcDbDimStyleTableRecord
  2
Standard
 70
0
 40
1.0
 41
2.5
 42
0.625
 43
3.75
 44
1.25
 45
0.0
 46
0.0
 47
0.0
 48
0.0
 49
2.5
140
2.5
141
2.5
142
0.0
143
0.03937007874
144
1.0
145
0.0
146
1.0
147
0.625
148
0.0
 69
0
 70
0
 71
0
 72
0
 73
0
 74
0
 75
0
 76
0
 77
1
 78
8
 79
3
170
0
171
3
172
1
173
0
174
0
175
0
176
0
177
0
178
0
179
2
271
2
272
2
273
2
274
3
275
0
276
0
277
2
278
44
279
0
280
0
281
0
282
0
283
0
284
8
285
0
286
0
288
0
289
3
290
0
371
-2
372
-2
  0
ENDTAB
  0
TABLE
  2
BLOCK_RECORD
  5
9
330
0
100
AcDbSymbolTable
 70
2
  0
BLOCK_RECORD
  5
17
330
9
100
AcDbSymbolTableRecord
100
AcDbBlockTableRecord
  2
*Model_Space
340
1A
 70
0
280
1
281
0
  0
BLOCK_RECORD
  5
1B
330
9
100
AcDbSymbolTableRecord
100
AcDbBlockTableRecord
  2
*Paper_Space
340
1E
 70
0
280
1
281
0
  0
ENDTAB
  0
ENDSEC
  0
SECTION
  2
BLOCKS
  0
BLOCK
  5
18
330
17
100
AcDbEntity
  8
0
100
AcDbBlockBegin
  2
*Model_Space
 70
0
 10
0.0
 20
0.0
 30
0.0
  3
*Model_Space
  1

  0
ENDBLK
  5
19
330
17
100
AcDbEntity
  8
0
100
AcDbBlockEnd
  0
BLOCK
  5
1C
330
1B
100
AcDbEntity
  8
0
100
AcDbBlockBegin
  2
*Paper_Space
 70
0
 10
0.0
 20
0.0
 30
0.0
  3
*Paper_Space
  1

  0
ENDBLK
  5
1D
330
1B
100
AcDbEntity
  8
0
100
AcDbBlockEnd
  0
ENDSEC
  0
SECTION
  2
ENTITIES
  0
LINE
  5
37
330
17
100
AcDbEntity
  8
纵断面_表格线框
100
AcDbLine
 10
-40.0
 20
0.0
 30
0.0
 11
0.0
 21
0.0
 31
0.0
  0
LINE
  5
38
330
17
100
AcDbEntity
  8
纵断面_表格线框
100
AcDbLine
 10
-40.0
 20
15.0
 30
0.0
 11
0.0
 21
15.0
 31
0.0
  0
LINE
  5
39
330
17
100
AcDbEntity
  8
纵断面_表格线框
100
AcDbLine
 10
-40.0
 20
30.0
 30
0.0
 11
0.0
 21
30.0
 31
0.0
  0
LINE
  5
3A
330
17
100
AcDbEntity
  8
纵断面_表格线框
100
AcDbLine
 10
-40.0
 20
45.0
 30
0.0
 11
0.0
 21
45.0
 31
0.0
  0
LINE
  5
3B
330
17
100
AcDbEntity
  8
纵断面_表格线框
100
AcDbLine
 10
-40.0
 20
75.0
 30
0.0
 11
0.0
 21
75.0
 31
0.0
  0
LINE
  5
3C
330
17
100
AcDbEntity
  8
纵断面_表格线框
100
AcDbLine
 10
-40.0
 20
115.0
 30
0.0
 11
0.0
 21
115.0
 31
0.0
  0
LINE
  5
3D
330
17
100
AcDbEntity
  8
纵断面_表格线框
100
AcDbLine
 10
-40.0
 20
125.0
 30
0.0
 11
0.0
 21
125.0
 31
0.0
  0
LINE
  5
3E
330
17
100
AcDbEntity
  8
纵断面_表格线框
100
AcDbLine
 10
-40.0
 20
135.0
 30
0.0
 11
0.0
 21
135.0
 31
0.0
  0
LINE
  5
3F
330
17
100
AcDbEntity
  8
纵断面_表格线框
100
AcDbLine
 10
-40.0
 20
0.0
 30
0.0
 11
-40.0
 21
135.0
 31
0.0
  0
LINE
  5
40
330
17
100
AcDbEntity
  8
纵断面_表格线框
100
AcDbLine
 10
0.0
 20
0.0
 30
0.0
 11
0.0
 21
135.0
 31
0.0
  0
LINE
  5
41
330
17
100
AcDbEntity
  8
纵断面_表格线框
100
AcDbLine
 10
0.0
 20
0.0
 30
0.0
 11
0.0
 21
135.0
 31
0.0
  0
LINE
  5
42
330
17
100
AcDbEntity
  8
纵断面_表格线框
100
AcDbLine
 10
941.8499999999999
 20
0.0
 30
0.0
 11
941.8499999999999
 21
135.0
 31
0.0
  0
LINE
  5
43
330
17
100
AcDbEntity
  8
纵断面_表格线框
100
AcDbLine
 10
0.0
 20
0.0
 30
0.0
 11
941.8499999999999
 21
0.0
 31
0.0
  0
LINE
  5
44
330
17
100
AcDbEntity
  8
纵断面_表格线框
100
AcDbLine
 10
0.0
 20
15.0
 30
0.0
 11
941.8499999999999
 21
15.0
 31
0.0
  0
LINE
  5
45
330
17
100
AcDbEntity
  8
纵断面_表格线框
100
AcDbLine
 10
0.0
 20
30.0
 30
0.0
 11
941.8499999999999
 21
30.0
 31
0.0
  0
LINE
  5
46
330
17
100
AcDbEntity
  8
纵断面_表格线框
100
AcDbLine
 10
0.0
 20
45.0
 30
0.0
 11
941.8499999999999
 21
45.0
 31
0.0
  0
LINE
  5
47
330
17
100
AcDbEntity
  8
纵断面_表格线框
100
AcDbLine
 10
0.0
 20
75.0
 30
0.0
 11
941.8499999999999
 21
75.0
 31
0.0
  0
LINE
  5
48
330
17
100
AcDbEntity
  8
纵断面_表格线框
100
AcDbLine
 10
0.0
 20
115.0
 30
0.0
 11
941.8499999999999
 21
115.0
 31
0.0
  0
LINE
  5
49
330
17
100
AcDbEntity
  8
纵断面_表格线框
100
AcDbLine
 10
0.0
 20
125.0
 30
0.0
 11
941.8499999999999
 21
125.0
 31
0.0
  0
LINE
  5
4A
330
17
100
AcDbEntity
  8
纵断面_表格线框
100
AcDbLine
 10
0.0
 20
135.0
 30
0.0
 11
941.8499999999999
 21
135.0
 31
0.0
  0
LWPOLYLINE
  5
4B
330
17
100
AcDbEntity
  8
纵断面_渠底高程线
100
AcDbPolyline
 90
2
 70
0
 10
0.0
 20
352.628
 10
941.8499999999999
 20
351.686
  0
LWPOLYLINE
  5
4C
330
17
100
AcDbEntity
  8
纵断面_渠顶高程线
100
AcDbPolyline
 90
2
 70
0
 10
0.0
 20
354.628
 10
941.8499999999999
 20
353.686
  0
LWPOLYLINE
  5
4D
330
17
100
AcDbEntity
  8
纵断面_设计水位线
100
AcDbPolyline
 90
2
 70
0
 10
0.0
 20
352.916
 10
941.8499999999999
 20
351.974
  0
TEXT
  5
4E
330
17
100
AcDbEntity
  8
纵断面_文字标注
100
AcDbText
 10
470.92499999999995
 20
130.0
 30
0.0
 40
3.5
  1
罗家湾隧洞
 41
0.7
 72
4
 11
470.92499999999995
 21
130.0
 31
0.0
100
AcDbText
  0
TEXT
  5
4F
330
17
100
AcDbEntity
  8
纵断面_文字标注
100
AcDbText
 10
470.92499999999995
 20
120.0
 30
0.0
 40
3.5
  1
1/2000
 41
0.7
 72
4
 11
470.92499999999995
 21
120.0
 31
0.0
100
AcDbText
  0
TEXT
  5
50
330
17
100
AcDbEntity
  8
纵断面_文字标注
100
AcDbText
 10
4.8
 20
77.0
 30
0.0
 40
3.5
  1
罗家湾隧进
 50
90.0
 41
0.7
 11
4.8
 21
77.0
 31
0.0
100
AcDbText
  0
TEXT
  5
51
330
17
100
AcDbEntity
  8
纵断面_文字标注
100
AcDbText
 10
940.8499999999999
 20
77.0
 30
0.0
 40
3.5
  1
罗家湾隧出
 50
90.0
 41
0.7
 11
940.8499999999999
 21
77.0
 31
0.0
100
AcDbText
  0
TEXT
  5
52
330
17
100
AcDbEntity
  8
纵断面_文字标注
100
AcDbText
 10
4.8
 20
47.0
 30
0.0
 40
3.5
  1
蒲支0+789.18
 50
90.0
 41
0.7
 11
4.8
 21
47.0
 31
0.0
100
AcDbText
  0
TEXT
  5
53
330
17
100
AcDbEntity
  8
纵断面_文字标注
100
AcDbText
 10
940.8499999999999
 20
47.0
 30
0.0
 40
3.5
  1
蒲支2+672.88
 50
90.0
 41
0.7
 11
940.8499999999999
 21
47.0
 31
0.0
100
AcDbText
  0
TEXT
  5
54
330
17
100
AcDbEntity
  8
纵断面_文字标注
100
AcDbText
 10
4.8
 20
31.0
 30
0.0
 40
3.5
  1
354.628
 50
90.0
 41
0.7
 11
4.8
 21
31.0
 31
0.0
100
AcDbText
  0
TEXT
  5
55
330
17
100
AcDbEntity
  8
纵断面_文字标注
100
AcDbText
 10
940.8499999999999
 20
31.0
 30
0.0
 40
3.5
  1
353.686
 50
90.0
 41
0.7
 11
940.8499999999999
 21
31.0
 31
0.0
100
AcDbText
  0
TEXT
  5
56
330
17
100
AcDbEntity
  8
纵断面_文字标注
100
AcDbText
 10
4.8
 20
16.0
 30
0.0
 40
3.5
  1
352.916
 50
90.0
 41
0.7
 11
4.8
 21
16.0
 31
0.0
100
AcDbText
  0
TEXT
  5
57
330
17
100
AcDbEntity
  8
纵断面_文字标注
100
AcDbText
 10
940.8499999999999
 20
16.0
 30
0.0
 40
3.5
  1
351.974
 50
90.0
 41
0.7
 11
940.8499999999999
 21
16.0
 31
0.0
100
AcDbText
  0
TEXT
  5
58
330
17
100
AcDbEntity
  8
纵断面_文字标注
100
AcDbText
 10
4.8
 20
1.0
 30
0.0
 40
3.5
  1
352.628
 50
90.0
 41
0.7
 11
4.8
 21
1.0
 31
0.0
100
AcDbText
  0
TEXT
  5
59
330
17
100
AcDbEntity
  8
纵断面_文字标注
100
AcDbText
 10
940.8499999999999
 20
1.0
 30
0.0
 40
3.5
  1
351.686
 50
90.0
 41
0.7
 11
940.8499999999999
 21
1.0
 31
0.0
100
AcDbText
  0
TEXT
  5
5A
330
17
100
AcDbEntity
  8
纵断面_文字标注
100
AcDbText
 10
-20.0
 20
130.0
 30
0.0
 40
3.5
  1
建筑物名称
 41
0.7
 72
1
 11
-20.0
 21
130.0
 31
0.0
100
AcDbText
 73
2
  0
TEXT
  5
5B
330
17
100
AcDbEntity
  8
纵断面_文字标注
100
AcDbText
 10
-20.0
 20
120.0
 30
0.0
 40
3.5
  1
坡降
 41
0.7
 72
1
 11
-20.0
 21
120.0
 31
0.0
100
AcDbText
 73
2
  0
TEXT
  5
5C
330
17
100
AcDbEntity
  8
纵断面_文字标注
100
AcDbText
 10
-20.0
 20
95.0
 30
0.0
 40
3.5
  1
IP点名称
 41
0.7
 72
1
 11
-20.0
 21
95.0
 31
0.0
100
AcDbText
 73
2
  0
TEXT
  5
5D
330
17
100
AcDbEntity
  8
纵断面_文字标注
100
AcDbText
 10
-20.0
 20
64.375
 30
0.0
 40
3.5
  1
里程桩号
 41
0.7
 72
1
 11
-20.0
 21
64.375
 31
0.0
100
AcDbText
 73
2
  0
TEXT
  5
5E
330
17
100
AcDbEntity
  8
纵断面_文字标注
100
AcDbText
 10
-20.0
 20
55.625
 30
0.0
 40
3.5
  1
（千米+米）
 41
0.7
 72
1
 11
-20.0
 21
55.625
 31
0.0
100
AcDbText
 73
2
  0
TEXT
  5
5F
330
17
100
AcDbEntity
  8
纵断面_文字标注
100
AcDbText
 10
-20.0
 20
37.5
 30
0.0
 40
3.5
  1
渠顶高程(m)
 41
0.7
 72
1
 11
-20.0
 21
37.5
 31
0.0
100
AcDbText
 73
2
  0
TEXT
  5
60
330
17
100
AcDbEntity
  8
纵断面_文字标注
100
AcDbText
 10
-20.0
 20
22.5
 30
0.0
 40
3.5
  1
设计水位(m)
 41
0.7
 72
1
 11
-20.0
 21
22.5
 31
0.0
100
AcDbText
 73
2
  0
TEXT
  5
61
330
17
100
AcDbEntity
  8
纵断面_文字标注
100
AcDbText
 10
-20.0
 20
7.5
 30
0.0
 40
3.5
  1
渠底高程(m)
 41
0.7
 72
1
 11
-20.0
 21
7.5
 31
0.0
100
AcDbText
 73
2
  0
LINE
  5
62
330
17
100
AcDbEntity
  8
纵断面_表格线框
100
AcDbLine
 10
-40.0
 20
-150.0
 30
0.0
 11
0.0
 21
-150.0
 31
0.0
  0
LINE
  5
63
330
17
100
AcDbEntity
  8
纵断面_表格线框
100
AcDbLine
 10
-40.0
 20
-130.0
 30
0.0
 11
0.0
 21
-130.0
 31
0.0
  0
LINE
  5
64
330
17
100
AcDbEntity
  8
纵断面_表格线框
100
AcDbLine
 10
-40.0
 20
-110.0
 30
0.0
 11
0.0
 21
-110.0
 31
0.0
  0
LINE
  5
65
330
17
100
AcDbEntity
  8
纵断面_表格线框
100
AcDbLine
 10
-40.0
 20
-80.0
 30
0.0
 11
0.0
 21
-80.0
 31
0.0
  0
LINE
  5
66
330
17
100
AcDbEntity
  8
纵断面_表格线框
100
AcDbLine
 10
-40.0
 20
-40.0
 30
0.0
 11
0.0
 21
-40.0
 31
0.0
  0
LINE
  5
67
330
17
100
AcDbEntity
  8
纵断面_表格线框
100
AcDbLine
 10
-40.0
 20
-20.0
 30
0.0
 11
0.0
 21
-20.0
 31
0.0
  0
LINE
  5
68
330
17
100
AcDbEntity
  8
纵断面_表格线框
100
AcDbLine
 10
-40.0
 20
-150.0
 30
0.0
 11
-40.0
 21
-20.0
 31
0.0
  0
LINE
  5
69
330
17
100
AcDbEntity
  8
纵断面_表格线框
100
AcDbLine
 10
0.0
 20
-150.0
 30
0.0
 11
0.0
 21
-20.0
 31
0.0
  0
LINE
  5
6A
330
17
100
AcDbEntity
  8
纵断面_表格线框
100
AcDbLine
 10
0.0
 20
-150.0
 30
0.0
 11
0.0
 21
-20.0
 31
0.0
  0
LINE
  5
6B
330
17
100
AcDbEntity
  8
纵断面_表格线框
100
AcDbLine
 10
14.8095
 20
-130.0
 30
0.0
 11
14.8095
 21
-40.0
 31
0.0
  0
LINE
  5
6C
330
17
100
AcDbEntity
  8
纵断面_表格线框
100
AcDbLine
 10
25.526
 20
-130.0
 30
0.0
 11
25.526
 21
-40.0
 31
0.0
  0
LINE
  5
6D
330
17
100
AcDbEntity
  8
纵断面_表格线框
100
AcDbLine
 10
43.1305
 20
-130.0
 30
0.0
 11
43.1305
 21
-40.0
 31
0.0
  0
LINE
  5
6E
330
17
100
AcDbEntity
  8
纵断面_表格线框
100
AcDbLine
 10
71.144
 20
-130.0
 30
0.0
 11
71.144
 21
-40.0
 31
0.0
  0
LINE
  5
6F
330
17
100
AcDbEntity
  8
纵断面_表格线框
100
AcDbLine
 10
90.47
 20
-130.0
 30
0.0
 11
90.47
 21
-40.0
 31
0.0
  0
LINE
  5
70
330
17
100
AcDbEntity
  8
纵断面_表格线框
100
AcDbLine
 10
97.3365
 20
-130.0
 30
0.0
 11
97.3365
 21
-40.0
 31
0.0
  0
LINE
  5
71
330
17
100
AcDbEntity
  8
纵断面_表格线框
100
AcDbLine
 10
154.8235
 20
-130.0
 30
0.0
 11
154.8235
 21
-40.0
 31
0.0
  0
LINE
  5
72
330
17
100
AcDbEntity
  8
纵断面_表格线框
100
AcDbLine
 10
163.5175
 20
-130.0
 30
0.0
 11
163.5175
 21
-40.0
 31
0.0
  0
LINE
  5
73
330
17
100
AcDbEntity
  8
纵断面_表格线框
100
AcDbLine
 10
170.3955
 20
-130.0
 30
0.0
 11
170.3955
 21
-40.0
 31
0.0
  0
LINE
  5
74
330
17
100
AcDbEntity
  8
纵断面_表格线框
100
AcDbLine
 10
194.412
 20
-130.0
 30
0.0
 11
194.412
 21
-40.0
 31
0.0
  0
LINE
  5
75
330
17
100
AcDbEntity
  8
纵断面_表格线框
100
AcDbLine
 10
251.3765
 20
-130.0
 30
0.0
 11
251.3765
 21
-40.0
 31
0.0
  0
LINE
  5
76
330
17
100
AcDbEntity
  8
纵断面_表格线框
100
AcDbLine
 10
302.205
 20
-130.0
 30
0.0
 11
302.205
 21
-40.0
 31
0.0
  0
LINE
  5
77
330
17
100
AcDbEntity
  8
纵断面_表格线框
100
AcDbLine
 10
322.6465
 20
-130.0
 30
0.0
 11
322.6465
 21
-40.0
 31
0.0
  0
LINE
  5
78
330
17
100
AcDbEntity
  8
纵断面_表格线框
100
AcDbLine
 10
394.5915
 20
-150.0
 30
0.0
 11
394.5915
 21
-20.0
 31
0.0
  0
LINE
  5
79
330
17
100
AcDbEntity
  8
纵断面_表格线框
100
AcDbLine
 10
414.5915
 20
-150.0
 30
0.0
 11
414.5915
 21
-20.0
 31
0.0
  0
LINE
  5
7A
330
17
100
AcDbEntity
  8
纵断面_表格线框
100
AcDbLine
 10
447.91049999999996
 20
-130.0
 30
0.0
 11
447.91049999999996
 21
-40.0
 31
0.0
  0
LINE
  5
7B
330
17
100
AcDbEntity
  8
纵断面_表格线框
100
AcDbLine
 10
486.72900000000004
 20
-130.0
 30
0.0
 11
486.72900000000004
 21
-40.0
 31
0.0
  0
LINE
  5
7C
330
17
100
AcDbEntity
  8
纵断面_表格线框
100
AcDbLine
 10
510.5425
 20
-130.0
 30
0.0
 11
510.5425
 21
-40.0
 31
0.0
  0
LINE
  5
7D
330
17
100
AcDbEntity
  8
纵断面_表格线框
100
AcDbLine
 10
558.7180000000001
 20
-130.0
 30
0.0
 11
558.7180000000001
 21
-40.0
 31
0.0
  0
LINE
  5
7E
330
17
100
AcDbEntity
  8
纵断面_表格线框
100
AcDbLine
 10
598.722
 20
-130.0
 30
0.0
 11
598.722
 21
-40.0
 31
0.0
  0
LINE
  5
7F
330
17
100
AcDbEntity
  8
纵断面_表格线框
100
AcDbLine
 10
645.4720000000002
 20
-130.0
 30
0.0
 11
645.4720000000002
 21
-40.0
 31
0.0
  0
LINE
  5
80
330
17
100
AcDbEntity
  8
纵断面_表格线框
100
AcDbLine
 10
708.9215000000002
 20
-130.0
 30
0.0
 11
708.9215000000002
 21
-40.0
 31
0.0
  0
LINE
  5
81
330
17
100
AcDbEntity
  8
纵断面_表格线框
100
AcDbLine
 10
765.6930000000002
 20
-130.0
 30
0.0
 11
765.6930000000002
 21
-40.0
 31
0.0
  0
LINE
  5
82
330
17
100
AcDbEntity
  8
纵断面_表格线框
100
AcDbLine
 10
812.8790000000001
 20
-130.0
 30
0.0
 11
812.8790000000001
 21
-40.0
 31
0.0
  0
LINE
  5
83
330
17
100
AcDbEntity
  8
纵断面_表格线框
100
AcDbLine
 10
900.6515000000002
 20
-130.0
 30
0.0
 11
900.6515000000002
 21
-40.0
 31
0.0
  0
LINE
  5
84
330
17
100
AcDbEntity
  8
纵断面_表格线框
100
AcDbLine
 10
1046.104
 20
-130.0
 30
0.0
 11
1046.104
 21
-40.0
 31
0.0
  0
LINE
  5
85
330
17
100
AcDbEntity
  8
纵断面_表格线框
100
AcDbLine
 10
1072.1290000000001
 20
-130.0
 30
0.0
 11
1072.1290000000001
 21
-40.0
 31
0.0
  0
LINE
  5
86
330
17
100
AcDbEntity
  8
纵断面_表格线框
100
AcDbLine
 10
1157.2310000000002
 20
-130.0
 30
0.0
 11
1157.2310000000002
 21
-40.0
 31
0.0
  0
LINE
  5
87
330
17
100
AcDbEntity
  8
纵断面_表格线框
100
AcDbLine
 10
1210.415
 20
-130.0
 30
0.0
 11
1210.415
 21
-40.0
 31
0.0
  0
LINE
  5
88
330
17
100
AcDbEntity
  8
纵断面_表格线框
100
AcDbLine
 10
1279.5590000000002
 20
-130.0
 30
0.0
 11
1279.5590000000002
 21
-40.0
 31
0.0
  0
LINE
  5
89
330
17
100
AcDbEntity
  8
纵断面_表格线框
100
AcDbLine
 10
1328.9410000000003
 20
-130.0
 30
0.0
 11
1328.9410000000003
 21
-40.0
 31
0.0
  0
LINE
  5
8A
330
17
100
AcDbEntity
  8
纵断面_表格线框
100
AcDbLine
 10
1335.424
 20
-130.0
 30
0.0
 11
1335.424
 21
-40.0
 31
0.0
  0
LINE
  5
8B
330
17
100
AcDbEntity
  8
纵断面_表格线框
100
AcDbLine
 10
1352.6950000000002
 20
-130.0
 30
0.0
 11
1352.6950000000002
 21
-40.0
 31
0.0
  0
LINE
  5
8C
330
17
100
AcDbEntity
  8
纵断面_表格线框
100
AcDbLine
 10
1387.9325000000003
 20
-130.0
 30
0.0
 11
1387.9325000000003
 21
-40.0
 31
0.0
  0
LINE
  5
8D
330
17
100
AcDbEntity
  8
纵断面_表格线框
100
AcDbLine
 10
1425.58
 20
-130.0
 30
0.0
 11
1425.58
 21
-40.0
 31
0.0
  0
LINE
  5
8E
330
17
100
AcDbEntity
  8
纵断面_表格线框
100
AcDbLine
 10
1458.592
 20
-130.0
 30
0.0
 11
1458.592
 21
-40.0
 31
0.0
  0
LINE
  5
8F
330
17
100
AcDbEntity
  8
纵断面_表格线框
100
AcDbLine
 10
1475.143
 20
-130.0
 30
0.0
 11
1475.143
 21
-40.0
 31
0.0
  0
LINE
  5
90
330
17
100
AcDbEntity
  8
纵断面_表格线框
100
AcDbLine
 10
1529.7045000000003
 20
-130.0
 30
0.0
 11
1529.7045000000003
 21
-40.0
 31
0.0
  0
LINE
  5
91
330
17
100
AcDbEntity
  8
纵断面_表格线框
100
AcDbLine
 10
1609.6455
 20
-130.0
 30
0.0
 11
1609.6455
 21
-40.0
 31
0.0
  0
LINE
  5
92
330
17
100
AcDbEntity
  8
纵断面_表格线框
100
AcDbLine
 10
1664.8000000000002
 20
-130.0
 30
0.0
 11
1664.8000000000002
 21
-40.0
 31
0.0
  0
LINE
  5
93
330
17
100
AcDbEntity
  8
纵断面_表格线框
100
AcDbLine
 10
1700.2895000000003
 20
-130.0
 30
0.0
 11
1700.2895000000003
 21
-40.0
 31
0.0
  0
LINE
  5
94
330
17
100
AcDbEntity
  8
纵断面_表格线框
100
AcDbLine
 10
1738.9030000000002
 20
-130.0
 30
0.0
 11
1738.9030000000002
 21
-40.0
 31
0.0
  0
LINE
  5
95
330
17
100
AcDbEntity
  8
纵断面_表格线框
100
AcDbLine
 10
1791.7745
 20
-130.0
 30
0.0
 11
1791.7745
 21
-40.0
 31
0.0
  0
LINE
  5
96
330
17
100
AcDbEntity
  8
纵断面_表格线框
100
AcDbLine
 10
1806.9905
 20
-130.0
 30
0.0
 11
1806.9905
 21
-40.0
 31
0.0
  0
LINE
  5
97
330
17
100
AcDbEntity
  8
纵断面_表格线框
100
AcDbLine
 10
1850.8785000000003
 20
-130.0
 30
0.0
 11
1850.8785000000003
 21
-40.0
 31
0.0
  0
LINE
  5
98
330
17
100
AcDbEntity
  8
纵断面_表格线框
100
AcDbLine
 10
1870.5605
 20
-150.0
 30
0.0
 11
1870.5605
 21
-40.0
 31
0.0
  0
LINE
  5
99
330
17
100
AcDbEntity
  8
纵断面_表格线框
100
AcDbLine
 10
1885.6710000000003
 20
-150.0
 30
0.0
 11
1885.6710000000003
 21
-20.0
 31
0.0
  0
LINE
  5
9A
330
17
100
AcDbEntity
  8
纵断面_表格线框
100
AcDbLine
 10
2133.269
 20
-150.0
 30
0.0
 11
2133.269
 21
-20.0
 31
0.0
  0
LINE
  5
9B
330
17
100
AcDbEntity
  8
纵断面_表格线框
100
AcDbLine
 10
0.0
 20
-150.0
 30
0.0
 11
394.5915
 21
-150.0
 31
0.0
  0
LINE
  5
9C
330
17
100
AcDbEntity
  8
纵断面_表格线框
100
AcDbLine
 10
414.5915
 20
-150.0
 30
0.0
 11
2133.269
 21
-150.0
 31
0.0
  0
LINE
  5
9D
330
17
100
AcDbEntity
  8
纵断面_表格线框
100
AcDbLine
 10
0.0
 20
-130.0
 30
0.0
 11
394.5915
 21
-130.0
 31
0.0
  0
LINE
  5
9E
330
17
100
AcDbEntity
  8
纵断面_表格线框
100
AcDbLine
 10
414.5915
 20
-130.0
 30
0.0
 11
2133.269
 21
-130.0
 31
0.0
  0
LINE
  5
9F
330
17
100
AcDbEntity
  8
纵断面_表格线框
100
AcDbLine
 10
0.0
 20
-110.0
 30
0.0
 11
394.5915
 21
-110.0
 31
0.0
  0
LINE
  5
A0
330
17
100
AcDbEntity
  8
纵断面_表格线框
100
AcDbLine
 10
414.5915
 20
-110.0
 30
0.0
 11
2133.269
 21
-110.0
 31
0.0
  0
LINE
  5
A1
330
17
100
AcDbEntity
  8
纵断面_表格线框
100
AcDbLine
 10
0.0
 20
-80.0
 30
0.0
 11
394.5915
 21
-80.0
 31
0.0
  0
LINE
  5
A2
330
17
100
AcDbEntity
  8
纵断面_表格线框
100
AcDbLine
 10
414.5915
 20
-80.0
 30
0.0
 11
2133.269
 21
-80.0
 31
0.0
  0
LINE
  5
A3
330
17
100
AcDbEntity
  8
纵断面_表格线框
100
AcDbLine
 10
0.0
 20
-40.0
 30
0.0
 11
394.5915
 21
-40.0
 31
0.0
  0
LINE
  5
A4
330
17
100
AcDbEntity
  8
纵断面_表格线框
100
AcDbLine
 10
414.5915
 20
-40.0
 30
0.0
 11
2133.269
 21
-40.0
 31
0.0
  0
LINE
  5
A5
330
17
100
AcDbEntity
  8
纵断面_表格线框
100
AcDbLine
 10
0.0
 20
-20.0
 30
0.0
 11
394.5915
 21
-20.0
 31
0.0
  0
LINE
  5
A6
330
17
100
AcDbEntity
  8
纵断面_表格线框
100
AcDbLine
 10
414.5915
 20
-20.0
 30
0.0
 11
2133.269
 21
-20.0
 31
0.0
  0
LWPOLYLINE
  5
A7
330
17
100
AcDbEntity
  8
纵断面_管中心线
100
AcDbPolyline
 90
15
 70
0
 10
0.0
 20
191.41000000000003
 10
14.811859061708674
 20
188.9127789906599
 10
25.529291574901436
 20
188.9127789906599
 10
43.12947573029669
 20
196.20973580734812
 10
71.14300714677664
 20
196.3699238918163
 10
90.47200442128813
 20
196.48045172899958
 10
97.33677021332548
 20
199.35915635511282
 10
154.82467738579726
 20
199.32391264414417
 10
163.5205610250705
 20
192.8976567344181
 10
170.3956183826085
 20
192.8976567344181
 10
194.4171972508193
 20
192.8976567344181
 10
251.38048397406234
 20
192.8976567344181
 10
302.20821462234017
 20
196.87515389857822
 10
322.6493834617431
 20
196.87515389857822
 10
394.5915
 20
199.80322569500657
  0
LWPOLYLINE
  5
A8
330
17
100
AcDbEntity
  8
纵断面_管中心线
100
AcDbPolyline
 90
34
 70
0
 10
414.5936524019696
 20
199.80322569500657
 10
447.91096480630813
 20
194.3201657480933
 10
486.73363006665613
 20
194.31987749444318
 10
510.546861230722
 20
194.31970068378382
 10
558.7203368943071
 20
194.31934300143269
 10
598.7262302618242
 20
194.31904596215122
 10
645.4758084838745
 20
188.8917881197669
 10
708.9240834448492
 20
188.8917881197669
 10
765.695706146397
 20
191.4166306581721
 10
812.8818316982711
 20
191.41597170647242
 10
900.6547924669346
 20
190.1241060428694
 10
1046.1039659191506
 20
189.4942060097493
 10
1072.1327683038312
 20
185.70116340540352
 10
1157.2326989472267
 20
185.70116340540352
 10
1210.4184965727386
 20
193.68891751797872
 10
1279.5643070715946
 20
188.3458476931229
 10
1328.943262247229
 20
186.05164553489539
 10
1335.428663800913
 20
186.05164553489539
 10
1352.6994350623922
 20
193.17691675279292
 10
1387.9362747425098
 20
193.08952547175812
 10
1425.5881438585116
 20
192.99614464895802
 10
1458.5986080322532
 20
190.618136852365
 10
1475.1482601336088
 20
181.43213387843218
 10
1529.711699393904
 20
181.43130705351012
 10
1609.653861078003
 20
177.30408395858478
 10
1664.8071061679861
 20
177.30373242948212
 10
1700.2982641348267
 20
177.30373242948212
 10
1738.9100270197146
 20
182.7465555838682
 10
1791.781652533426
 20
179.50539203997698
 10
1806.9979197755224
 20
176.293106387686
 10
1850.8857817984308
 20
176.293106387686
 10
1870.5653190100338
 20
177.30373242948212
 10
1885.6786828295794
 20
187.90741001660012
 10
2133.269
 20
187.90741001660012
  0
TEXT
  5
A9
330
17
100
AcDbEntity
  8
纵断面_文字标注
100
AcDbText
 10
2009.4700000000003
 20
-30.0
 30
0.0
 40
3.5
  1
1#
 41
0.7
 72
4
 11
2009.4700000000003
 21
-30.0
 31
0.0
100
AcDbText
  0
TEXT
  5
AA
330
17
100
AcDbEntity
  8
纵断面_文字标注
100
AcDbText
 10
4.8
 20
-78.0
 30
0.0
 40
3.5
  1
IP0
 50
90.0
 41
0.7
 11
4.8
 21
-78.0
 31
0.0
100
AcDbText
  0
TEXT
  5
AB
330
17
100
AcDbEntity
  8
纵断面_文字标注
100
AcDbText
 10
13.8095
 20
-78.0
 30
0.0
 40
3.5
  1
IP1
 50
90.0
 41
0.7
 11
13.8095
 21
-78.0
 31
0.0
100
AcDbText
  0
TEXT
  5
AC
330
17
100
AcDbEntity
  8
纵断面_文字标注
100
AcDbText
 10
24.526
 20
-78.0
 30
0.0
 40
3.5
  1
IP2
 50
90.0
 41
0.7
 11
24.526
 21
-78.0
 31
0.0
100
AcDbText
  0
TEXT
  5
AD
330
17
100
AcDbEntity
  8
纵断面_文字标注
100
AcDbText
 10
42.1305
 20
-78.0
 30
0.0
 40
3.5
  1
IP3
 50
90.0
 41
0.7
 11
42.1305
 21
-78.0
 31
0.0
100
AcDbText
  0
TEXT
  5
AE
330
17
100
AcDbEntity
  8
纵断面_文字标注
100
AcDbText
 10
70.144
 20
-78.0
 30
0.0
 40
3.5
  1
IP4
 50
90.0
 41
0.7
 11
70.144
 21
-78.0
 31
0.0
100
AcDbText
  0
TEXT
  5
AF
330
17
100
AcDbEntity
  8
纵断面_文字标注
100
AcDbText
 10
89.47
 20
-78.0
 30
0.0
 40
3.5
  1
IP5
 50
90.0
 41
0.7
 11
89.47
 21
-78.0
 31
0.0
100
AcDbText
  0
TEXT
  5
B0
330
17
100
AcDbEntity
  8
纵断面_文字标注
100
AcDbText
 10
96.3365
 20
-78.0
 30
0.0
 40
3.5
  1
IP6
 50
90.0
 41
0.7
 11
96.3365
 21
-78.0
 31
0.0
100
AcDbText
  0
TEXT
  5
B1
330
17
100
AcDbEntity
  8
纵断面_文字标注
100
AcDbText
 10
153.8235
 20
-78.0
 30
0.0
 40
3.5
  1
IP7
 50
90.0
 41
0.7
 11
153.8235
 21
-78.0
 31
0.0
100
AcDbText
  0
TEXT
  5
B2
330
17
100
AcDbEntity
  8
纵断面_文字标注
100
AcDbText
 10
162.5175
 20
-78.0
 30
0.0
 40
3.5
  1
IP8
 50
90.0
 41
0.7
 11
162.5175
 21
-78.0
 31
0.0
100
AcDbText
  0
TEXT
  5
B3
330
17
100
AcDbEntity
  8
纵断面_文字标注
100
AcDbText
 10
169.3955
 20
-78.0
 30
0.0
 40
3.5
  1
IP9
 50
90.0
 41
0.7
 11
169.3955
 21
-78.0
 31
0.0
100
AcDbText
  0
TEXT
  5
B4
330
17
100
AcDbEntity
  8
纵断面_文字标注
100
AcDbText
 10
193.412
 20
-78.0
 30
0.0
 40
3.5
  1
IP10
 50
90.0
 41
0.7
 11
193.412
 21
-78.0
 31
0.0
100
AcDbText
  0
TEXT
  5
B5
330
17
100
AcDbEntity
  8
纵断面_文字标注
100
AcDbText
 10
250.3765
 20
-78.0
 30
0.0
 40
3.5
  1
IP11
 50
90.0
 41
0.7
 11
250.3765
 21
-78.0
 31
0.0
100
AcDbText
  0
TEXT
  5
B6
330
17
100
AcDbEntity
  8
纵断面_文字标注
100
AcDbText
 10
301.205
 20
-78.0
 30
0.0
 40
3.5
  1
IP12
 50
90.0
 41
0.7
 11
301.205
 21
-78.0
 31
0.0
100
AcDbText
  0
TEXT
  5
B7
330
17
100
AcDbEntity
  8
纵断面_文字标注
100
AcDbText
 10
321.6465
 20
-78.0
 30
0.0
 40
3.5
  1
IP13
 50
90.0
 41
0.7
 11
321.6465
 21
-78.0
 31
0.0
100
AcDbText
  0
TEXT
  5
B8
330
17
100
AcDbEntity
  8
纵断面_文字标注
100
AcDbText
 10
393.5915
 20
-78.0
 30
0.0
 40
3.5
  1
IP14
 50
90.0
 41
0.7
 11
393.5915
 21
-78.0
 31
0.0
100
AcDbText
  0
TEXT
  5
B9
330
17
100
AcDbEntity
  8
纵断面_文字标注
100
AcDbText
 10
419.3915
 20
-78.0
 30
0.0
 40
3.5
  1
IP15
 50
90.0
 41
0.7
 11
419.3915
 21
-78.0
 31
0.0
100
AcDbText
  0
TEXT
  5
BA
330
17
100
AcDbEntity
  8
纵断面_文字标注
100
AcDbText
 10
446.91049999999996
 20
-78.0
 30
0.0
 40
3.5
  1
IP14
 50
90.0
 41
0.7
 11
446.91049999999996
 21
-78.0
 31
0.0
100
AcDbText
  0
TEXT
  5
BB
330
17
100
AcDbEntity
  8
纵断面_文字标注
100
AcDbText
 10
485.72900000000004
 20
-78.0
 30
0.0
 40
3.5
  1
IP15
 50
90.0
 41
0.7
 11
485.72900000000004
 21
-78.0
 31
0.0
100
AcDbText
  0
TEXT
  5
BC
330
17
100
AcDbEntity
  8
纵断面_文字标注
100
AcDbText
 10
509.5425
 20
-78.0
 30
0.0
 40
3.5
  1
IP16
 50
90.0
 41
0.7
 11
509.5425
 21
-78.0
 31
0.0
100
AcDbText
  0
TEXT
  5
BD
330
17
100
AcDbEntity
  8
纵断面_文字标注
100
AcDbText
 10
557.7180000000001
 20
-78.0
 30
0.0
 40
3.5
  1
IP17
 50
90.0
 41
0.7
 11
557.7180000000001
 21
-78.0
 31
0.0
100
AcDbText
  0
TEXT
  5
BE
330
17
100
AcDbEntity
  8
纵断面_文字标注
100
AcDbText
 10
597.722
 20
-78.0
 30
0.0
 40
3.5
  1
IP18
 50
90.0
 41
0.7
 11
597.722
 21
-78.0
 31
0.0
100
AcDbText
  0
TEXT
  5
BF
330
17
100
AcDbEntity
  8
纵断面_文字标注
100
AcDbText
 10
644.4720000000002
 20
-78.0
 30
0.0
 40
3.5
  1
IP19
 50
90.0
 41
0.7
 11
644.4720000000002
 21
-78.0
 31
0.0
100
AcDbText
  0
TEXT
  5
C0
330
17
100
AcDbEntity
  8
纵断面_文字标注
100
AcDbText
 10
707.9215000000002
 20
-78.0
 30
0.0
 40
3.5
  1
IP20
 50
90.0
 41
0.7
 11
707.9215000000002
 21
-78.0
 31
0.0
100
AcDbText
  0
TEXT
  5
C1
330
17
100
AcDbEntity
  8
纵断面_文字标注
100
AcDbText
 10
764.6930000000002
 20
-78.0
 30
0.0
 40
3.5
  1
IP21
 50
90.0
 41
0.7
 11
764.6930000000002
 21
-78.0
 31
0.0
100
AcDbText
  0
TEXT
  5
C2
330
17
100
AcDbEntity
  8
纵断面_文字标注
100
AcDbText
 10
811.8790000000001
 20
-78.0
 30
0.0
 40
3.5
  1
IP22
 50
90.0
 41
0.7
 11
811.8790000000001
 21
-78.0
 31
0.0
100
AcDbText
  0
TEXT
  5
C3
330
17
100
AcDbEntity
  8
纵断面_文字标注
100
AcDbText
 10
899.6515000000002
 20
-78.0
 30
0.0
 40
3.5
  1
IP23
 50
90.0
 41
0.7
 11
899.6515000000002
 21
-78.0
 31
0.0
100
AcDbText
  0
TEXT
  5
C4
330
17
100
AcDbEntity
  8
纵断面_文字标注
100
AcDbText
 10
1045.104
 20
-78.0
 30
0.0
 40
3.5
  1
IP24
 50
90.0
 41
0.7
 11
1045.104
 21
-78.0
 31
0.0
100
AcDbText
  0
TEXT
  5
C5
330
17
100
AcDbEntity
  8
纵断面_文字标注
100
AcDbText
 10
1071.1290000000001
 20
-78.0
 30
0.0
 40
3.5
  1
IP25
 50
90.0
 41
0.7
 11
1071.1290000000001
 21
-78.0
 31
0.0
100
AcDbText
  0
TEXT
  5
C6
330
17
100
AcDbEntity
  8
纵断面_文字标注
100
AcDbText
 10
1156.2310000000002
 20
-78.0
 30
0.0
 40
3.5
  1
IP26
 50
90.0
 41
0.7
 11
1156.2310000000002
 21
-78.0
 31
0.0
100
AcDbText
  0
TEXT
  5
C7
330
17
100
AcDbEntity
  8
纵断面_文字标注
100
AcDbText
 10
1209.415
 20
-78.0
 30
0.0
 40
3.5
  1
IP27
 50
90.0
 41
0.7
 11
1209.415
 21
-78.0
 31
0.0
100
AcDbText
  0
TEXT
  5
C8
330
17
100
AcDbEntity
  8
纵断面_文字标注
100
AcDbText
 10
1278.5590000000002
 20
-78.0
 30
0.0
 40
3.5
  1
IP28
 50
90.0
 41
0.7
 11
1278.5590000000002
 21
-78.0
 31
0.0
100
AcDbText
  0
TEXT
  5
C9
330
17
100
AcDbEntity
  8
纵断面_文字标注
100
AcDbText
 10
1327.9410000000003
 20
-78.0
 30
0.0
 40
3.5
  1
IP29
 50
90.0
 41
0.7
 11
1327.9410000000003
 21
-78.0
 31
0.0
100
AcDbText
  0
TEXT
  5
CA
330
17
100
AcDbEntity
  8
纵断面_文字标注
100
AcDbText
 10
1334.424
 20
-78.0
 30
0.0
 40
3.5
  1
IP30
 50
90.0
 41
0.7
 11
1334.424
 21
-78.0
 31
0.0
100
AcDbText
  0
TEXT
  5
CB
330
17
100
AcDbEntity
  8
纵断面_文字标注
100
AcDbText
 10
1351.6950000000002
 20
-78.0
 30
0.0
 40
3.5
  1
IP31
 50
90.0
 41
0.7
 11
1351.6950000000002
 21
-78.0
 31
0.0
100
AcDbText
  0
TEXT
  5
CC
330
17
100
AcDbEntity
  8
纵断面_文字标注
100
AcDbText
 10
1386.9325000000003
 20
-78.0
 30
0.0
 40
3.5
  1
IP32
 50
90.0
 41
0.7
 11
1386.9325000000003
 21
-78.0
 31
0.0
100
AcDbText
  0
TEXT
  5
CD
330
17
100
AcDbEntity
  8
纵断面_文字标注
100
AcDbText
 10
1424.58
 20
-78.0
 30
0.0
 40
3.5
  1
IP33
 50
90.0
 41
0.7
 11
1424.58
 21
-78.0
 31
0.0
100
AcDbText
  0
TEXT
  5
CE
330
17
100
AcDbEntity
  8
纵断面_文字标注
100
AcDbText
 10
1457.592
 20
-78.0
 30
0.0
 40
3.5
  1
IP34
 50
90.0
 41
0.7
 11
1457.592
 21
-78.0
 31
0.0
100
AcDbText
  0
TEXT
  5
CF
330
17
100
AcDbEntity
  8
纵断面_文字标注
100
AcDbText
 10
1474.143
 20
-78.0
 30
0.0
 40
3.5
  1
IP35
 50
90.0
 41
0.7
 11
1474.143
 21
-78.0
 31
0.0
100
AcDbText
  0
TEXT
  5
D0
330
17
100
AcDbEntity
  8
纵断面_文字标注
100
AcDbText
 10
1528.7045000000003
 20
-78.0
 30
0.0
 40
3.5
  1
IP36
 50
90.0
 41
0.7
 11
1528.7045000000003
 21
-78.0
 31
0.0
100
AcDbText
  0
TEXT
  5
D1
330
17
100
AcDbEntity
  8
纵断面_文字标注
100
AcDbText
 10
1608.6455
 20
-78.0
 30
0.0
 40
3.5
  1
IP37
 50
90.0
 41
0.7
 11
1608.6455
 21
-78.0
 31
0.0
100
AcDbText
  0
TEXT
  5
D2
330
17
100
AcDbEntity
  8
纵断面_文字标注
100
AcDbText
 10
1663.8000000000002
 20
-78.0
 30
0.0
 40
3.5
  1
IP38
 50
90.0
 41
0.7
 11
1663.8000000000002
 21
-78.0
 31
0.0
100
AcDbText
  0
TEXT
  5
D3
330
17
100
AcDbEntity
  8
纵断面_文字标注
100
AcDbText
 10
1699.2895000000003
 20
-78.0
 30
0.0
 40
3.5
  1
IP39
 50
90.0
 41
0.7
 11
1699.2895000000003
 21
-78.0
 31
0.0
100
AcDbText
  0
TEXT
  5
D4
330
17
100
AcDbEntity
  8
纵断面_文字标注
100
AcDbText
 10
1737.9030000000002
 20
-78.0
 30
0.0
 40
3.5
  1
IP40
 50
90.0
 41
0.7
 11
1737.9030000000002
 21
-78.0
 31
0.0
100
AcDbText
  0
TEXT
  5
D5
330
17
100
AcDbEntity
  8
纵断面_文字标注
100
AcDbText
 10
1790.7745
 20
-78.0
 30
0.0
 40
3.5
  1
IP41
 50
90.0
 41
0.7
 11
1790.7745
 21
-78.0
 31
0.0
100
AcDbText
  0
TEXT
  5
D6
330
17
100
AcDbEntity
  8
纵断面_文字标注
100
AcDbText
 10
1805.9905
 20
-78.0
 30
0.0
 40
3.5
  1
IP42
 50
90.0
 41
0.7
 11
1805.9905
 21
-78.0
 31
0.0
100
AcDbText
  0
TEXT
  5
D7
330
17
100
AcDbEntity
  8
纵断面_文字标注
100
AcDbText
 10
1849.8785000000003
 20
-78.0
 30
0.0
 40
3.5
  1
IP43
 50
90.0
 41
0.7
 11
1849.8785000000003
 21
-78.0
 31
0.0
100
AcDbText
  0
TEXT
  5
D8
330
17
100
AcDbEntity
  8
纵断面_文字标注
100
AcDbText
 10
1869.5605
 20
-78.0
 30
0.0
 40
3.5
  1
IP44
 50
90.0
 41
0.7
 11
1869.5605
 21
-78.0
 31
0.0
100
AcDbText
  0
TEXT
  5
D9
330
17
100
AcDbEntity
  8
纵断面_文字标注
100
AcDbText
 10
1884.6710000000003
 20
-78.0
 30
0.0
 40
3.5
  1
1#定向钻进
 50
90.0
 41
0.7
 11
1884.6710000000003
 21
-78.0
 31
0.0
100
AcDbText
  0
TEXT
  5
DA
330
17
100
AcDbEntity
  8
纵断面_文字标注
100
AcDbText
 10
2132.269
 20
-78.0
 30
0.0
 40
3.5
  1
1#定向钻出
 50
90.0
 41
0.7
 11
2132.269
 21
-78.0
 31
0.0
100
AcDbText
  0
TEXT
  5
DB
330
17
100
AcDbEntity
  8
纵断面_文字标注
100
AcDbText
 10
4.8
 20
-108.0
 30
0.0
 40
3.5
  1
蒲支0+000.00
 50
90.0
 41
0.7
 11
4.8
 21
-108.0
 31
0.0
100
AcDbText
  0
TEXT
  5
DC
330
17
100
AcDbEntity
  8
纵断面_文字标注
100
AcDbText
 10
13.8095
 20
-108.0
 30
0.0
 40
3.5
  1
蒲支0+029.62
 50
90.0
 41
0.7
 11
13.8095
 21
-108.0
 31
0.0
100
AcDbText
  0
TEXT
  5
DD
330
17
100
AcDbEntity
  8
纵断面_文字标注
100
AcDbText
 10
24.526
 20
-108.0
 30
0.0
 40
3.5
  1
蒲支0+051.05
 50
90.0
 41
0.7
 11
24.526
 21
-108.0
 31
0.0
100
AcDbText
  0
TEXT
  5
DE
330
17
100
AcDbEntity
  8
纵断面_文字标注
100
AcDbText
 10
42.1305
 20
-108.0
 30
0.0
 40
3.5
  1
蒲支0+086.26
 50
90.0
 41
0.7
 11
42.1305
 21
-108.0
 31
0.0
100
AcDbText
  0
TEXT
  5
DF
330
17
100
AcDbEntity
  8
纵断面_文字标注
100
AcDbText
 10
70.144
 20
-108.0
 30
0.0
 40
3.5
  1
蒲支0+142.29
 50
90.0
 41
0.7
 11
70.144
 21
-108.0
 31
0.0
100
AcDbText
  0
TEXT
  5
E0
330
17
100
AcDbEntity
  8
纵断面_文字标注
100
AcDbText
 10
89.47
 20
-108.0
 30
0.0
 40
3.5
  1
蒲支0+180.94
 50
90.0
 41
0.7
 11
89.47
 21
-108.0
 31
0.0
100
AcDbText
  0
TEXT
  5
E1
330
17
100
AcDbEntity
  8
纵断面_文字标注
100
AcDbText
 10
96.3365
 20
-108.0
 30
0.0
 40
3.5
  1
蒲支0+194.67
 50
90.0
 41
0.7
 11
96.3365
 21
-108.0
 31
0.0
100
AcDbText
  0
TEXT
  5
E2
330
17
100
AcDbEntity
  8
纵断面_文字标注
100
AcDbText
 10
153.8235
 20
-108.0
 30
0.0
 40
3.5
  1
蒲支0+309.65
 50
90.0
 41
0.7
 11
153.8235
 21
-108.0
 31
0.0
100
AcDbText
  0
TEXT
  5
E3
330
17
100
AcDbEntity
  8
纵断面_文字标注
100
AcDbText
 10
162.5175
 20
-108.0
 30
0.0
 40
3.5
  1
蒲支0+327.04
 50
90.0
 41
0.7
 11
162.5175
 21
-108.0
 31
0.0
100
AcDbText
  0
TEXT
  5
E4
330
17
100
AcDbEntity
  8
纵断面_文字标注
100
AcDbText
 10
169.3955
 20
-108.0
 30
0.0
 40
3.5
  1
蒲支0+340.79
 50
90.0
 41
0.7
 11
169.3955
 21
-108.0
 31
0.0
100
AcDbText
  0
TEXT
  5
E5
330
17
100
AcDbEntity
  8
纵断面_文字标注
100
AcDbText
 10
193.412
 20
-108.0
 30
0.0
 40
3.5
  1
蒲支0+388.82
 50
90.0
 41
0.7
 11
193.412
 21
-108.0
 31
0.0
100
AcDbText
  0
TEXT
  5
E6
330
17
100
AcDbEntity
  8
纵断面_文字标注
100
AcDbText
 10
250.3765
 20
-108.0
 30
0.0
 40
3.5
  1
蒲支0+502.75
 50
90.0
 41
0.7
 11
250.3765
 21
-108.0
 31
0.0
100
AcDbText
  0
TEXT
  5
E7
330
17
100
AcDbEntity
  8
纵断面_文字标注
100
AcDbText
 10
301.205
 20
-108.0
 30
0.0
 40
3.5
  1
蒲支0+604.41
 50
90.0
 41
0.7
 11
301.205
 21
-108.0
 31
0.0
100
AcDbText
  0
TEXT
  5
E8
330
17
100
AcDbEntity
  8
纵断面_文字标注
100
AcDbText
 10
321.6465
 20
-108.0
 30
0.0
 40
3.5
  1
蒲支0+645.29
 50
90.0
 41
0.7
 11
321.6465
 21
-108.0
 31
0.0
100
AcDbText
  0
TEXT
  5
E9
330
17
100
AcDbEntity
  8
纵断面_文字标注
100
AcDbText
 10
393.5915
 20
-108.0
 30
0.0
 40
3.5
  1
蒲支0+789.18
 50
90.0
 41
0.7
 11
393.5915
 21
-108.0
 31
0.0
100
AcDbText
  0
TEXT
  5
EA
330
17
100
AcDbEntity
  8
纵断面_文字标注
100
AcDbText
 10
419.3915
 20
-108.0
 30
0.0
 40
3.5
  1
蒲支2+672.88
 50
90.0
 41
0.7
 11
419.3915
 21
-108.0
 31
0.0
100
AcDbText
  0
TEXT
  5
EB
330
17
100
AcDbEntity
  8
纵断面_文字标注
100
AcDbText
 10
446.91049999999996
 20
-108.0
 30
0.0
 40
3.5
  1
蒲支2+739.52
 50
90.0
 41
0.7
 11
446.91049999999996
 21
-108.0
 31
0.0
100
AcDbText
  0
TEXT
  5
EC
330
17
100
AcDbEntity
  8
纵断面_文字标注
100
AcDbText
 10
485.72900000000004
 20
-108.0
 30
0.0
 40
3.5
  1
蒲支2+817.16
 50
90.0
 41
0.7
 11
485.72900000000004
 21
-108.0
 31
0.0
100
AcDbText
  0
TEXT
  5
ED
330
17
100
AcDbEntity
  8
纵断面_文字标注
100
AcDbText
 10
509.5425
 20
-108.0
 30
0.0
 40
3.5
  1
蒲支2+864.78
 50
90.0
 41
0.7
 11
509.5425
 21
-108.0
 31
0.0
100
AcDbText
  0
TEXT
  5
EE
330
17
100
AcDbEntity
  8
纵断面_文字标注
100
AcDbText
 10
557.7180000000001
 20
-108.0
 30
0.0
 40
3.5
  1
蒲支2+961.14
 50
90.0
 41
0.7
 11
557.7180000000001
 21
-108.0
 31
0.0
100
AcDbText
  0
TEXT
  5
EF
330
17
100
AcDbEntity
  8
纵断面_文字标注
100
AcDbText
 10
597.722
 20
-108.0
 30
0.0
 40
3.5
  1
蒲支3+041.14
 50
90.0
 41
0.7
 11
597.722
 21
-108.0
 31
0.0
100
AcDbText
  0
TEXT
  5
F0
330
17
100
AcDbEntity
  8
纵断面_文字标注
100
AcDbText
 10
644.4720000000002
 20
-108.0
 30
0.0
 40
3.5
  1
蒲支3+134.64
 50
90.0
 41
0.7
 11
644.4720000000002
 21
-108.0
 31
0.0
100
AcDbText
  0
TEXT
  5
F1
330
17
100
AcDbEntity
  8
纵断面_文字标注
100
AcDbText
 10
707.9215000000002
 20
-108.0
 30
0.0
 40
3.5
  1
蒲支3+261.54
 50
90.0
 41
0.7
 11
707.9215000000002
 21
-108.0
 31
0.0
100
AcDbText
  0
TEXT
  5
F2
330
17
100
AcDbEntity
  8
纵断面_文字标注
100
AcDbText
 10
764.6930000000002
 20
-108.0
 30
0.0
 40
3.5
  1
蒲支3+375.09
 50
90.0
 41
0.7
 11
764.6930000000002
 21
-108.0
 31
0.0
100
AcDbText
  0
TEXT
  5
F3
330
17
100
AcDbEntity
  8
纵断面_文字标注
100
AcDbText
 10
811.8790000000001
 20
-108.0
 30
0.0
 40
3.5
  1
蒲支3+469.46
 50
90.0
 41
0.7
 11
811.8790000000001
 21
-108.0
 31
0.0
100
AcDbText
  0
TEXT
  5
F4
330
17
100
AcDbEntity
  8
纵断面_文字标注
100
AcDbText
 10
899.6515000000002
 20
-108.0
 30
0.0
 40
3.5
  1
蒲支3+645.00
 50
90.0
 41
0.7
 11
899.6515000000002
 21
-108.0
 31
0.0
100
AcDbText
  0
TEXT
  5
F5
330
17
100
AcDbEntity
  8
纵断面_文字标注
100
AcDbText
 10
1045.104
 20
-108.0
 30
0.0
 40
3.5
  1
蒲支3+935.91
 50
90.0
 41
0.7
 11
1045.104
 21
-108.0
 31
0.0
100
AcDbText
  0
TEXT
  5
F6
330
17
100
AcDbEntity
  8
纵断面_文字标注
100
AcDbText
 10
1071.1290000000001
 20
-108.0
 30
0.0
 40
3.5
  1
蒲支3+987.96
 50
90.0
 41
0.7
 11
1071.1290000000001
 21
-108.0
 31
0.0
100
AcDbText
  0
TEXT
  5
F7
330
17
100
AcDbEntity
  8
纵断面_文字标注
100
AcDbText
 10
1156.2310000000002
 20
-108.0
 30
0.0
 40
3.5
  1
蒲支4+158.16
 50
90.0
 41
0.7
 11
1156.2310000000002
 21
-108.0
 31
0.0
100
AcDbText
  0
TEXT
  5
F8
330
17
100
AcDbEntity
  8
纵断面_文字标注
100
AcDbText
 10
1209.415
 20
-108.0
 30
0.0
 40
3.5
  1
蒲支4+264.53
 50
90.0
 41
0.7
 11
1209.415
 21
-108.0
 31
0.0
100
AcDbText
  0
TEXT
  5
F9
330
17
100
AcDbEntity
  8
纵断面_文字标注
100
AcDbText
 10
1278.5590000000002
 20
-108.0
 30
0.0
 40
3.5
  1
蒲支4+402.82
 50
90.0
 41
0.7
 11
1278.5590000000002
 21
-108.0
 31
0.0
100
AcDbText
  0
TEXT
  5
FA
330
17
100
AcDbEntity
  8
纵断面_文字标注
100
AcDbText
 10
1327.9410000000003
 20
-108.0
 30
0.0
 40
3.5
  1
蒲支4+501.58
 50
90.0
 41
0.7
 11
1327.9410000000003
 21
-108.0
 31
0.0
100
AcDbText
  0
TEXT
  5
FB
330
17
100
AcDbEntity
  8
纵断面_文字标注
100
AcDbText
 10
1334.424
 20
-108.0
 30
0.0
 40
3.5
  1
蒲支4+514.55
 50
90.0
 41
0.7
 11
1334.424
 21
-108.0
 31
0.0
100
AcDbText
  0
TEXT
  5
FC
330
17
100
AcDbEntity
  8
纵断面_文字标注
100
AcDbText
 10
1351.6950000000002
 20
-108.0
 30
0.0
 40
3.5
  1
蒲支4+549.09
 50
90.0
 41
0.7
 11
1351.6950000000002
 21
-108.0
 31
0.0
100
AcDbText
  0
TEXT
  5
FD
330
17
100
AcDbEntity
  8
纵断面_文字标注
100
AcDbText
 10
1386.9325000000003
 20
-108.0
 30
0.0
 40
3.5
  1
蒲支4+619.57
 50
90.0
 41
0.7
 11
1386.9325000000003
 21
-108.0
 31
0.0
100
AcDbText
  0
TEXT
  5
FE
330
17
100
AcDbEntity
  8
纵断面_文字标注
100
AcDbText
 10
1424.58
 20
-108.0
 30
0.0
 40
3.5
  1
蒲支4+694.86
 50
90.0
 41
0.7
 11
1424.58
 21
-108.0
 31
0.0
100
AcDbText
  0
TEXT
  5
FF
330
17
100
AcDbEntity
  8
纵断面_文字标注
100
AcDbText
 10
1457.592
 20
-108.0
 30
0.0
 40
3.5
  1
蒲支4+760.88
 50
90.0
 41
0.7
 11
1457.592
 21
-108.0
 31
0.0
100
AcDbText
  0
TEXT
  5
100
330
17
100
AcDbEntity
  8
纵断面_文字标注
100
AcDbText
 10
1474.143
 20
-108.0
 30
0.0
 40
3.5
  1
蒲支4+793.99
 50
90.0
 41
0.7
 11
1474.143
 21
-108.0
 31
0.0
100
AcDbText
  0
TEXT
  5
101
330
17
100
AcDbEntity
  8
纵断面_文字标注
100
AcDbText
 10
1528.7045000000003
 20
-108.0
 30
0.0
 40
3.5
  1
蒲支4+903.11
 50
90.0
 41
0.7
 11
1528.7045000000003
 21
-108.0
 31
0.0
100
AcDbText
  0
TEXT
  5
102
330
17
100
AcDbEntity
  8
纵断面_文字标注
100
AcDbText
 10
1608.6455
 20
-108.0
 30
0.0
 40
3.5
  1
蒲支5+062.99
 50
90.0
 41
0.7
 11
1608.6455
 21
-108.0
 31
0.0
100
AcDbText
  0
TEXT
  5
103
330
17
100
AcDbEntity
  8
纵断面_文字标注
100
AcDbText
 10
1663.8000000000002
 20
-108.0
 30
0.0
 40
3.5
  1
蒲支5+173.30
 50
90.0
 41
0.7
 11
1663.8000000000002
 21
-108.0
 31
0.0
100
AcDbText
  0
TEXT
  5
104
330
17
100
AcDbEntity
  8
纵断面_文字标注
100
AcDbText
 10
1699.2895000000003
 20
-108.0
 30
0.0
 40
3.5
  1
蒲支5+244.28
 50
90.0
 41
0.7
 11
1699.2895000000003
 21
-108.0
 31
0.0
100
AcDbText
  0
TEXT
  5
105
330
17
100
AcDbEntity
  8
纵断面_文字标注
100
AcDbText
 10
1737.9030000000002
 20
-108.0
 30
0.0
 40
3.5
  1
蒲支5+321.51
 50
90.0
 41
0.7
 11
1737.9030000000002
 21
-108.0
 31
0.0
100
AcDbText
  0
TEXT
  5
106
330
17
100
AcDbEntity
  8
纵断面_文字标注
100
AcDbText
 10
1790.7745
 20
-108.0
 30
0.0
 40
3.5
  1
蒲支5+427.25
 50
90.0
 41
0.7
 11
1790.7745
 21
-108.0
 31
0.0
100
AcDbText
  0
TEXT
  5
107
330
17
100
AcDbEntity
  8
纵断面_文字标注
100
AcDbText
 10
1805.9905
 20
-108.0
 30
0.0
 40
3.5
  1
蒲支5+457.68
 50
90.0
 41
0.7
 11
1805.9905
 21
-108.0
 31
0.0
100
AcDbText
  0
TEXT
  5
108
330
17
100
AcDbEntity
  8
纵断面_文字标注
100
AcDbText
 10
1849.8785000000003
 20
-108.0
 30
0.0
 40
3.5
  1
蒲支5+545.46
 50
90.0
 41
0.7
 11
1849.8785000000003
 21
-108.0
 31
0.0
100
AcDbText
  0
TEXT
  5
109
330
17
100
AcDbEntity
  8
纵断面_文字标注
100
AcDbText
 10
1869.5605
 20
-108.0
 30
0.0
 40
3.5
  1
蒲支5+584.82
 50
90.0
 41
0.7
 11
1869.5605
 21
-108.0
 31
0.0
100
AcDbText
  0
TEXT
  5
10A
330
17
100
AcDbEntity
  8
纵断面_文字标注
100
AcDbText
 10
1884.6710000000003
 20
-108.0
 30
0.0
 40
3.5
  1
蒲支5+615.04
 50
90.0
 41
0.7
 11
1884.6710000000003
 21
-108.0
 31
0.0
100
AcDbText
  0
TEXT
  5
10B
330
17
100
AcDbEntity
  8
纵断面_文字标注
100
AcDbText
 10
2132.269
 20
-108.0
 30
0.0
 40
3.5
  1
蒲支6+110.24
 50
90.0
 41
0.7
 11
2132.269
 21
-108.0
 31
0.0
100
AcDbText
  0
TEXT
  5
10C
330
17
100
AcDbEntity
  8
纵断面_文字标注
100
AcDbText
 10
4.8
 20
-129.0
 30
0.0
 40
3.5
  1
341.41
 50
90.0
 41
0.7
 11
4.8
 21
-129.0
 31
0.0
100
AcDbText
  0
TEXT
  5
10D
330
17
100
AcDbEntity
  8
纵断面_文字标注
100
AcDbText
 10
13.8095
 20
-129.0
 30
0.0
 40
3.5
  1
338.91
 50
90.0
 41
0.7
 11
13.8095
 21
-129.0
 31
0.0
100
AcDbText
  0
TEXT
  5
10E
330
17
100
AcDbEntity
  8
纵断面_文字标注
100
AcDbText
 10
24.526
 20
-129.0
 30
0.0
 40
3.5
  1
338.91
 50
90.0
 41
0.7
 11
24.526
 21
-129.0
 31
0.0
100
AcDbText
  0
TEXT
  5
10F
330
17
100
AcDbEntity
  8
纵断面_文字标注
100
AcDbText
 10
42.1305
 20
-129.0
 30
0.0
 40
3.5
  1
346.21
 50
90.0
 41
0.7
 11
42.1305
 21
-129.0
 31
0.0
100
AcDbText
  0
TEXT
  5
110
330
17
100
AcDbEntity
  8
纵断面_文字标注
100
AcDbText
 10
70.144
 20
-129.0
 30
0.0
 40
3.5
  1
346.37
 50
90.0
 41
0.7
 11
70.144
 21
-129.0
 31
0.0
100
AcDbText
  0
TEXT
  5
111
330
17
100
AcDbEntity
  8
纵断面_文字标注
100
AcDbText
 10
89.47
 20
-129.0
 30
0.0
 40
3.5
  1
346.48
 50
90.0
 41
0.7
 11
89.47
 21
-129.0
 31
0.0
100
AcDbText
  0
TEXT
  5
112
330
17
100
AcDbEntity
  8
纵断面_文字标注
100
AcDbText
 10
96.3365
 20
-129.0
 30
0.0
 40
3.5
  1
349.36
 50
90.0
 41
0.7
 11
96.3365
 21
-129.0
 31
0.0
100
AcDbText
  0
TEXT
  5
113
330
17
100
AcDbEntity
  8
纵断面_文字标注
100
AcDbText
 10
153.8235
 20
-129.0
 30
0.0
 40
3.5
  1
349.32
 50
90.0
 41
0.7
 11
153.8235
 21
-129.0
 31
0.0
100
AcDbText
  0
TEXT
  5
114
330
17
100
AcDbEntity
  8
纵断面_文字标注
100
AcDbText
 10
162.5175
 20
-129.0
 30
0.0
 40
3.5
  1
342.90
 50
90.0
 41
0.7
 11
162.5175
 21
-129.0
 31
0.0
100
AcDbText
  0
TEXT
  5
115
330
17
100
AcDbEntity
  8
纵断面_文字标注
100
AcDbText
 10
169.3955
 20
-129.0
 30
0.0
 40
3.5
  1
342.90
 50
90.0
 41
0.7
 11
169.3955
 21
-129.0
 31
0.0
100
AcDbText
  0
TEXT
  5
116
330
17
100
AcDbEntity
  8
纵断面_文字标注
100
AcDbText
 10
193.412
 20
-129.0
 30
0.0
 40
3.5
  1
342.90
 50
90.0
 41
0.7
 11
193.412
 21
-129.0
 31
0.0
100
AcDbText
  0
TEXT
  5
117
330
17
100
AcDbEntity
  8
纵断面_文字标注
100
AcDbText
 10
250.3765
 20
-129.0
 30
0.0
 40
3.5
  1
342.90
 50
90.0
 41
0.7
 11
250.3765
 21
-129.0
 31
0.0
100
AcDbText
  0
TEXT
  5
118
330
17
100
AcDbEntity
  8
纵断面_文字标注
100
AcDbText
 10
301.205
 20
-129.0
 30
0.0
 40
3.5
  1
346.87
 50
90.0
 41
0.7
 11
301.205
 21
-129.0
 31
0.0
100
AcDbText
  0
TEXT
  5
119
330
17
100
AcDbEntity
  8
纵断面_文字标注
100
AcDbText
 10
321.6465
 20
-129.0
 30
0.0
 40
3.5
  1
346.88
 50
90.0
 41
0.7
 11
321.6465
 21
-129.0
 31
0.0
100
AcDbText
  0
TEXT
  5
11A
330
17
100
AcDbEntity
  8
纵断面_文字标注
100
AcDbText
 10
393.5915
 20
-129.0
 30
0.0
 40
3.5
  1
349.80
 50
90.0
 41
0.7
 11
393.5915
 21
-129.0
 31
0.0
100
AcDbText
  0
TEXT
  5
11B
330
17
100
AcDbEntity
  8
纵断面_文字标注
100
AcDbText
 10
419.3915
 20
-129.0
 30
0.0
 40
3.5
  1
349.80
 50
90.0
 41
0.7
 11
419.3915
 21
-129.0
 31
0.0
100
AcDbText
  0
TEXT
  5
11C
330
17
100
AcDbEntity
  8
纵断面_文字标注
100
AcDbText
 10
446.91049999999996
 20
-129.0
 30
0.0
 40
3.5
  1
344.32
 50
90.0
 41
0.7
 11
446.91049999999996
 21
-129.0
 31
0.0
100
AcDbText
  0
TEXT
  5
11D
330
17
100
AcDbEntity
  8
纵断面_文字标注
100
AcDbText
 10
485.72900000000004
 20
-129.0
 30
0.0
 40
3.5
  1
344.32
 50
90.0
 41
0.7
 11
485.72900000000004
 21
-129.0
 31
0.0
100
AcDbText
  0
TEXT
  5
11E
330
17
100
AcDbEntity
  8
纵断面_文字标注
100
AcDbText
 10
509.5425
 20
-129.0
 30
0.0
 40
3.5
  1
344.32
 50
90.0
 41
0.7
 11
509.5425
 21
-129.0
 31
0.0
100
AcDbText
  0
TEXT
  5
11F
330
17
100
AcDbEntity
  8
纵断面_文字标注
100
AcDbText
 10
557.7180000000001
 20
-129.0
 30
0.0
 40
3.5
  1
344.32
 50
90.0
 41
0.7
 11
557.7180000000001
 21
-129.0
 31
0.0
100
AcDbText
  0
TEXT
  5
120
330
17
100
AcDbEntity
  8
纵断面_文字标注
100
AcDbText
 10
597.722
 20
-129.0
 30
0.0
 40
3.5
  1
344.32
 50
90.0
 41
0.7
 11
597.722
 21
-129.0
 31
0.0
100
AcDbText
  0
TEXT
  5
121
330
17
100
AcDbEntity
  8
纵断面_文字标注
100
AcDbText
 10
644.4720000000002
 20
-129.0
 30
0.0
 40
3.5
  1
338.89
 50
90.0
 41
0.7
 11
644.4720000000002
 21
-129.0
 31
0.0
100
AcDbText
  0
TEXT
  5
122
330
17
100
AcDbEntity
  8
纵断面_文字标注
100
AcDbText
 10
707.9215000000002
 20
-129.0
 30
0.0
 40
3.5
  1
338.89
 50
90.0
 41
0.7
 11
707.9215000000002
 21
-129.0
 31
0.0
100
AcDbText
  0
TEXT
  5
123
330
17
100
AcDbEntity
  8
纵断面_文字标注
100
AcDbText
 10
764.6930000000002
 20
-129.0
 30
0.0
 40
3.5
  1
341.42
 50
90.0
 41
0.7
 11
764.6930000000002
 21
-129.0
 31
0.0
100
AcDbText
  0
TEXT
  5
124
330
17
100
AcDbEntity
  8
纵断面_文字标注
100
AcDbText
 10
811.8790000000001
 20
-129.0
 30
0.0
 40
3.5
  1
341.42
 50
90.0
 41
0.7
 11
811.8790000000001
 21
-129.0
 31
0.0
100
AcDbText
  0
TEXT
  5
125
330
17
100
AcDbEntity
  8
纵断面_文字标注
100
AcDbText
 10
899.6515000000002
 20
-129.0
 30
0.0
 40
3.5
  1
340.12
 50
90.0
 41
0.7
 11
899.6515000000002
 21
-129.0
 31
0.0
100
AcDbText
  0
TEXT
  5
126
330
17
100
AcDbEntity
  8
纵断面_文字标注
100
AcDbText
 10
1045.104
 20
-129.0
 30
0.0
 40
3.5
  1
339.49
 50
90.0
 41
0.7
 11
1045.104
 21
-129.0
 31
0.0
100
AcDbText
  0
TEXT
  5
127
330
17
100
AcDbEntity
  8
纵断面_文字标注
100
AcDbText
 10
1071.1290000000001
 20
-129.0
 30
0.0
 40
3.5
  1
335.70
 50
90.0
 41
0.7
 11
1071.1290000000001
 21
-129.0
 31
0.0
100
AcDbText
  0
TEXT
  5
128
330
17
100
AcDbEntity
  8
纵断面_文字标注
100
AcDbText
 10
1156.2310000000002
 20
-129.0
 30
0.0
 40
3.5
  1
335.70
 50
90.0
 41
0.7
 11
1156.2310000000002
 21
-129.0
 31
0.0
100
AcDbText
  0
TEXT
  5
129
330
17
100
AcDbEntity
  8
纵断面_文字标注
100
AcDbText
 10
1209.415
 20
-129.0
 30
0.0
 40
3.5
  1
343.69
 50
90.0
 41
0.7
 11
1209.415
 21
-129.0
 31
0.0
100
AcDbText
  0
TEXT
  5
12A
330
17
100
AcDbEntity
  8
纵断面_文字标注
100
AcDbText
 10
1278.5590000000002
 20
-129.0
 30
0.0
 40
3.5
  1
338.35
 50
90.0
 41
0.7
 11
1278.5590000000002
 21
-129.0
 31
0.0
100
AcDbText
  0
TEXT
  5
12B
330
17
100
AcDbEntity
  8
纵断面_文字标注
100
AcDbText
 10
1327.9410000000003
 20
-129.0
 30
0.0
 40
3.5
  1
336.05
 50
90.0
 41
0.7
 11
1327.9410000000003
 21
-129.0
 31
0.0
100
AcDbText
  0
TEXT
  5
12C
330
17
100
AcDbEntity
  8
纵断面_文字标注
100
AcDbText
 10
1334.424
 20
-129.0
 30
0.0
 40
3.5
  1
336.05
 50
90.0
 41
0.7
 11
1334.424
 21
-129.0
 31
0.0
100
AcDbText
  0
TEXT
  5
12D
330
17
100
AcDbEntity
  8
纵断面_文字标注
100
AcDbText
 10
1351.6950000000002
 20
-129.0
 30
0.0
 40
3.5
  1
343.18
 50
90.0
 41
0.7
 11
1351.6950000000002
 21
-129.0
 31
0.0
100
AcDbText
  0
TEXT
  5
12E
330
17
100
AcDbEntity
  8
纵断面_文字标注
100
AcDbText
 10
1386.9325000000003
 20
-129.0
 30
0.0
 40
3.5
  1
343.09
 50
90.0
 41
0.7
 11
1386.9325000000003
 21
-129.0
 31
0.0
100
AcDbText
  0
TEXT
  5
12F
330
17
100
AcDbEntity
  8
纵断面_文字标注
100
AcDbText
 10
1424.58
 20
-129.0
 30
0.0
 40
3.5
  1
343.00
 50
90.0
 41
0.7
 11
1424.58
 21
-129.0
 31
0.0
100
AcDbText
  0
TEXT
  5
130
330
17
100
AcDbEntity
  8
纵断面_文字标注
100
AcDbText
 10
1457.592
 20
-129.0
 30
0.0
 40
3.5
  1
340.62
 50
90.0
 41
0.7
 11
1457.592
 21
-129.0
 31
0.0
100
AcDbText
  0
TEXT
  5
131
330
17
100
AcDbEntity
  8
纵断面_文字标注
100
AcDbText
 10
1474.143
 20
-129.0
 30
0.0
 40
3.5
  1
331.44
 50
90.0
 41
0.7
 11
1474.143
 21
-129.0
 31
0.0
100
AcDbText
  0
TEXT
  5
132
330
17
100
AcDbEntity
  8
纵断面_文字标注
100
AcDbText
 10
1528.7045000000003
 20
-129.0
 30
0.0
 40
3.5
  1
331.43
 50
90.0
 41
0.7
 11
1528.7045000000003
 21
-129.0
 31
0.0
100
AcDbText
  0
TEXT
  5
133
330
17
100
AcDbEntity
  8
纵断面_文字标注
100
AcDbText
 10
1608.6455
 20
-129.0
 30
0.0
 40
3.5
  1
327.30
 50
90.0
 41
0.7
 11
1608.6455
 21
-129.0
 31
0.0
100
AcDbText
  0
TEXT
  5
134
330
17
100
AcDbEntity
  8
纵断面_文字标注
100
AcDbText
 10
1663.8000000000002
 20
-129.0
 30
0.0
 40
3.5
  1
327.30
 50
90.0
 41
0.7
 11
1663.8000000000002
 21
-129.0
 31
0.0
100
AcDbText
  0
TEXT
  5
135
330
17
100
AcDbEntity
  8
纵断面_文字标注
100
AcDbText
 10
1699.2895000000003
 20
-129.0
 30
0.0
 40
3.5
  1
327.30
 50
90.0
 41
0.7
 11
1699.2895000000003
 21
-129.0
 31
0.0
100
AcDbText
  0
TEXT
  5
136
330
17
100
AcDbEntity
  8
纵断面_文字标注
100
AcDbText
 10
1737.9030000000002
 20
-129.0
 30
0.0
 40
3.5
  1
332.75
 50
90.0
 41
0.7
 11
1737.9030000000002
 21
-129.0
 31
0.0
100
AcDbText
  0
TEXT
  5
137
330
17
100
AcDbEntity
  8
纵断面_文字标注
100
AcDbText
 10
1790.7745
 20
-129.0
 30
0.0
 40
3.5
  1
329.51
 50
90.0
 41
0.7
 11
1790.7745
 21
-129.0
 31
0.0
100
AcDbText
  0
TEXT
  5
138
330
17
100
AcDbEntity
  8
纵断面_文字标注
100
AcDbText
 10
1805.9905
 20
-129.0
 30
0.0
 40
3.5
  1
326.29
 50
90.0
 41
0.7
 11
1805.9905
 21
-129.0
 31
0.0
100
AcDbText
  0
TEXT
  5
139
330
17
100
AcDbEntity
  8
纵断面_文字标注
100
AcDbText
 10
1849.8785000000003
 20
-129.0
 30
0.0
 40
3.5
  1
326.29
 50
90.0
 41
0.7
 11
1849.8785000000003
 21
-129.0
 31
0.0
100
AcDbText
  0
TEXT
  5
13A
330
17
100
AcDbEntity
  8
纵断面_文字标注
100
AcDbText
 10
1869.5605
 20
-129.0
 30
0.0
 40
3.5
  1
327.30
 50
90.0
 41
0.7
 11
1869.5605
 21
-129.0
 31
0.0
100
AcDbText
  0
TEXT
  5
13B
330
17
100
AcDbEntity
  8
纵断面_文字标注
100
AcDbText
 10
1884.6710000000003
 20
-129.0
 30
0.0
 40
3.5
  1
337.90
 50
90.0
 41
0.7
 11
1884.6710000000003
 21
-129.0
 31
0.0
100
AcDbText
  0
TEXT
  5
13C
330
17
100
AcDbEntity
  8
纵断面_文字标注
100
AcDbText
 10
2132.269
 20
-129.0
 30
0.0
 40
3.5
  1
337.91
 50
90.0
 41
0.7
 11
2132.269
 21
-129.0
 31
0.0
100
AcDbText
  0
TEXT
  5
13D
330
17
100
AcDbEntity
  8
纵断面_文字标注
100
AcDbText
 10
197.29575
 20
-140.0
 30
0.0
 40
3.5
  1
球墨铸铁管 DN700
 41
0.7
 72
4
 11
197.29575
 21
-140.0
 31
0.0
100
AcDbText
  0
TEXT
  5
13E
330
17
100
AcDbEntity
  8
纵断面_文字标注
100
AcDbText
 10
1142.576
 20
-140.0
 30
0.0
 40
3.5
  1
球墨铸铁管 DN800
 41
0.7
 72
4
 11
1142.576
 21
-140.0
 31
0.0
100
AcDbText
  0
TEXT
  5
13F
330
17
100
AcDbEntity
  8
纵断面_文字标注
100
AcDbText
 10
2009.4700000000003
 20
-140.0
 30
0.0
 40
3.5
  1
球墨铸铁管 DN800
 41
0.7
 72
4
 11
2009.4700000000003
 21
-140.0
 31
0.0
100
AcDbText
  0
TEXT
  5
140
330
17
100
AcDbEntity
  8
纵断面_文字标注
100
AcDbText
 10
-20.0
 20
-30.0
 30
0.0
 40
3.5
  1
建筑物名称
 41
0.7
 72
1
 11
-20.0
 21
-30.0
 31
0.0
100
AcDbText
 73
2
  0
TEXT
  5
141
330
17
100
AcDbEntity
  8
纵断面_文字标注
100
AcDbText
 10
-20.0
 20
-60.0
 30
0.0
 40
3.5
  1
IP点名称
 41
0.7
 72
1
 11
-20.0
 21
-60.0
 31
0.0
100
AcDbText
 73
2
  0
TEXT
  5
142
330
17
100
AcDbEntity
  8
纵断面_文字标注
100
AcDbText
 10
-20.0
 20
-90.625
 30
0.0
 40
3.5
  1
里程桩号
 41
0.7
 72
1
 11
-20.0
 21
-90.625
 31
0.0
100
AcDbText
 73
2
  0
TEXT
  5
143
330
17
100
AcDbEntity
  8
纵断面_文字标注
100
AcDbText
 10
-20.0
 20
-99.375
 30
0.0
 40
3.5
  1
（千米+米）
 41
0.7
 72
1
 11
-20.0
 21
-99.375
 31
0.0
100
AcDbText
 73
2
  0
TEXT
  5
144
330
17
100
AcDbEntity
  8
纵断面_文字标注
100
AcDbText
 10
-20.0
 20
-120.0
 30
0.0
 40
3.5
  1
管中心线高程（米）
 41
0.7
 72
1
 11
-20.0
 21
-120.0
 31
0.0
100
AcDbText
 73
2
  0
TEXT
  5
145
330
17
100
AcDbEntity
  8
纵断面_文字标注
100
AcDbText
 10
-20.0
 20
-140.0
 30
0.0
 40
3.5
  1
管材（管径）
 41
0.7
 72
1
 11
-20.0
 21
-140.0
 31
0.0
100
AcDbText
 73
2
  0
LINE
  5
146
330
17
100
AcDbEntity
  8
断面汇总表
100
AcDbLine
 10
0.0
 20
-170.0
 30
0.0
 11
254.09999999999997
 21
-170.0
 31
0.0
  0
LINE
  5
147
330
17
100
AcDbEntity
  8
断面汇总表
100
AcDbLine
 10
0.0
 20
-180.0
 30
0.0
 11
254.09999999999997
 21
-180.0
 31
0.0
  0
LINE
  5
148
330
17
100
AcDbEntity
  8
断面汇总表
100
AcDbLine
 10
0.0
 20
-170.0
 30
0.0
 11
0.0
 21
-180.0
 31
0.0
  0
LINE
  5
149
330
17
100
AcDbEntity
  8
断面汇总表
100
AcDbLine
 10
254.09999999999997
 20
-170.0
 30
0.0
 11
254.09999999999997
 21
-180.0
 31
0.0
  0
LINE
  5
14A
330
17
100
AcDbEntity
  8
断面汇总表
100
AcDbLine
 10
21.0
 20
-190.0
 30
0.0
 11
38.5
 21
-190.0
 31
0.0
  0
LINE
  5
14B
330
17
100
AcDbEntity
  8
断面汇总表
100
AcDbLine
 10
38.5
 20
-190.0
 30
0.0
 11
56.0
 21
-190.0
 31
0.0
  0
LINE
  5
14C
330
17
100
AcDbEntity
  8
断面汇总表
100
AcDbLine
 10
103.6
 20
-190.0
 30
0.0
 11
116.19999999999999
 21
-190.0
 31
0.0
  0
LINE
  5
14D
330
17
100
AcDbEntity
  8
断面汇总表
100
AcDbLine
 10
116.19999999999999
 20
-190.0
 30
0.0
 11
132.29999999999998
 21
-190.0
 31
0.0
  0
LINE
  5
14E
330
17
100
AcDbEntity
  8
断面汇总表
100
AcDbLine
 10
132.29999999999998
 20
-190.0
 30
0.0
 11
151.89999999999998
 21
-190.0
 31
0.0
  0
LINE
  5
14F
330
17
100
AcDbEntity
  8
断面汇总表
100
AcDbLine
 10
151.89999999999998
 20
-190.0
 30
0.0
 11
170.09999999999997
 21
-190.0
 31
0.0
  0
LINE
  5
150
330
17
100
AcDbEntity
  8
断面汇总表
100
AcDbLine
 10
170.09999999999997
 20
-190.0
 30
0.0
 11
193.19999999999996
 21
-190.0
 31
0.0
  0
LINE
  5
151
330
17
100
AcDbEntity
  8
断面汇总表
100
AcDbLine
 10
193.19999999999996
 20
-190.0
 30
0.0
 11
214.89999999999998
 21
-190.0
 31
0.0
  0
LINE
  5
152
330
17
100
AcDbEntity
  8
断面汇总表
100
AcDbLine
 10
214.89999999999998
 20
-190.0
 30
0.0
 11
236.59999999999997
 21
-190.0
 31
0.0
  0
LINE
  5
153
330
17
100
AcDbEntity
  8
断面汇总表
100
AcDbLine
 10
236.59999999999997
 20
-190.0
 30
0.0
 11
254.09999999999997
 21
-190.0
 31
0.0
  0
LINE
  5
154
330
17
100
AcDbEntity
  8
断面汇总表
100
AcDbLine
 10
0.0
 20
-200.0
 30
0.0
 11
254.09999999999997
 21
-200.0
 31
0.0
  0
LINE
  5
155
330
17
100
AcDbEntity
  8
断面汇总表
100
AcDbLine
 10
0.0
 20
-180.0
 30
0.0
 11
0.0
 21
-200.0
 31
0.0
  0
LINE
  5
156
330
17
100
AcDbEntity
  8
断面汇总表
100
AcDbLine
 10
21.0
 20
-180.0
 30
0.0
 11
21.0
 21
-200.0
 31
0.0
  0
LINE
  5
157
330
17
100
AcDbEntity
  8
断面汇总表
100
AcDbLine
 10
38.5
 20
-180.0
 30
0.0
 11
38.5
 21
-200.0
 31
0.0
  0
LINE
  5
158
330
17
100
AcDbEntity
  8
断面汇总表
100
AcDbLine
 10
56.0
 20
-180.0
 30
0.0
 11
56.0
 21
-200.0
 31
0.0
  0
LINE
  5
159
330
17
100
AcDbEntity
  8
断面汇总表
100
AcDbLine
 10
73.5
 20
-180.0
 30
0.0
 11
73.5
 21
-200.0
 31
0.0
  0
LINE
  5
15A
330
17
100
AcDbEntity
  8
断面汇总表
100
AcDbLine
 10
89.6
 20
-180.0
 30
0.0
 11
89.6
 21
-200.0
 31
0.0
  0
LINE
  5
15B
330
17
100
AcDbEntity
  8
断面汇总表
100
AcDbLine
 10
103.6
 20
-180.0
 30
0.0
 11
103.6
 21
-200.0
 31
0.0
  0
LINE
  5
15C
330
17
100
AcDbEntity
  8
断面汇总表
100
AcDbLine
 10
116.19999999999999
 20
-180.0
 30
0.0
 11
116.19999999999999
 21
-200.0
 31
0.0
  0
LINE
  5
15D
330
17
100
AcDbEntity
  8
断面汇总表
100
AcDbLine
 10
132.29999999999998
 20
-180.0
 30
0.0
 11
132.29999999999998
 21
-200.0
 31
0.0
  0
LINE
  5
15E
330
17
100
AcDbEntity
  8
断面汇总表
100
AcDbLine
 10
151.89999999999998
 20
-180.0
 30
0.0
 11
151.89999999999998
 21
-200.0
 31
0.0
  0
LINE
  5
15F
330
17
100
AcDbEntity
  8
断面汇总表
100
AcDbLine
 10
170.09999999999997
 20
-180.0
 30
0.0
 11
170.09999999999997
 21
-200.0
 31
0.0
  0
LINE
  5
160
330
17
100
AcDbEntity
  8
断面汇总表
100
AcDbLine
 10
193.19999999999996
 20
-180.0
 30
0.0
 11
193.19999999999996
 21
-200.0
 31
0.0
  0
LINE
  5
161
330
17
100
AcDbEntity
  8
断面汇总表
100
AcDbLine
 10
214.89999999999998
 20
-180.0
 30
0.0
 11
214.89999999999998
 21
-200.0
 31
0.0
  0
LINE
  5
162
330
17
100
AcDbEntity
  8
断面汇总表
100
AcDbLine
 10
236.59999999999997
 20
-180.0
 30
0.0
 11
236.59999999999997
 21
-200.0
 31
0.0
  0
LINE
  5
163
330
17
100
AcDbEntity
  8
断面汇总表
100
AcDbLine
 10
254.09999999999997
 20
-180.0
 30
0.0
 11
254.09999999999997
 21
-200.0
 31
0.0
  0
LINE
  5
164
330
17
100
AcDbEntity
  8
断面汇总表
100
AcDbLine
 10
0.0
 20
-200.0
 30
0.0
 11
254.09999999999997
 21
-200.0
 31
0.0
  0
LINE
  5
165
330
17
100
AcDbEntity
  8
断面汇总表
100
AcDbLine
 10
0.0
 20
-221.0
 30
0.0
 11
254.09999999999997
 21
-221.0
 31
0.0
  0
LINE
  5
166
330
17
100
AcDbEntity
  8
断面汇总表
100
AcDbLine
 10
56.0
 20
-207.0
 30
0.0
 11
254.09999999999997
 21
-207.0
 31
0.0
  0
LINE
  5
167
330
17
100
AcDbEntity
  8
断面汇总表
100
AcDbLine
 10
56.0
 20
-214.0
 30
0.0
 11
254.09999999999997
 21
-214.0
 31
0.0
  0
LINE
  5
168
330
17
100
AcDbEntity
  8
断面汇总表
100
AcDbLine
 10
0.0
 20
-200.0
 30
0.0
 11
0.0
 21
-221.0
 31
0.0
  0
LINE
  5
169
330
17
100
AcDbEntity
  8
断面汇总表
100
AcDbLine
 10
21.0
 20
-200.0
 30
0.0
 11
21.0
 21
-221.0
 31
0.0
  0
LINE
  5
16A
330
17
100
AcDbEntity
  8
断面汇总表
100
AcDbLine
 10
38.5
 20
-200.0
 30
0.0
 11
38.5
 21
-221.0
 31
0.0
  0
LINE
  5
16B
330
17
100
AcDbEntity
  8
断面汇总表
100
AcDbLine
 10
56.0
 20
-200.0
 30
0.0
 11
56.0
 21
-221.0
 31
0.0
  0
LINE
  5
16C
330
17
100
AcDbEntity
  8
断面汇总表
100
AcDbLine
 10
73.5
 20
-200.0
 30
0.0
 11
73.5
 21
-221.0
 31
0.0
  0
LINE
  5
16D
330
17
100
AcDbEntity
  8
断面汇总表
100
AcDbLine
 10
89.6
 20
-200.0
 30
0.0
 11
89.6
 21
-221.0
 31
0.0
  0
LINE
  5
16E
330
17
100
AcDbEntity
  8
断面汇总表
100
AcDbLine
 10
103.6
 20
-200.0
 30
0.0
 11
103.6
 21
-221.0
 31
0.0
  0
LINE
  5
16F
330
17
100
AcDbEntity
  8
断面汇总表
100
AcDbLine
 10
116.19999999999999
 20
-200.0
 30
0.0
 11
116.19999999999999
 21
-221.0
 31
0.0
  0
LINE
  5
170
330
17
100
AcDbEntity
  8
断面汇总表
100
AcDbLine
 10
132.29999999999998
 20
-200.0
 30
0.0
 11
132.29999999999998
 21
-221.0
 31
0.0
  0
LINE
  5
171
330
17
100
AcDbEntity
  8
断面汇总表
100
AcDbLine
 10
151.89999999999998
 20
-200.0
 30
0.0
 11
151.89999999999998
 21
-221.0
 31
0.0
  0
LINE
  5
172
330
17
100
AcDbEntity
  8
断面汇总表
100
AcDbLine
 10
170.09999999999997
 20
-200.0
 30
0.0
 11
170.09999999999997
 21
-221.0
 31
0.0
  0
LINE
  5
173
330
17
100
AcDbEntity
  8
断面汇总表
100
AcDbLine
 10
193.19999999999996
 20
-200.0
 30
0.0
 11
193.19999999999996
 21
-221.0
 31
0.0
  0
LINE
  5
174
330
17
100
AcDbEntity
  8
断面汇总表
100
AcDbLine
 10
214.89999999999998
 20
-200.0
 30
0.0
 11
214.89999999999998
 21
-221.0
 31
0.0
  0
LINE
  5
175
330
17
100
AcDbEntity
  8
断面汇总表
100
AcDbLine
 10
236.59999999999997
 20
-200.0
 30
0.0
 11
236.59999999999997
 21
-221.0
 31
0.0
  0
LINE
  5
176
330
17
100
AcDbEntity
  8
断面汇总表
100
AcDbLine
 10
254.09999999999997
 20
-200.0
 30
0.0
 11
254.09999999999997
 21
-221.0
 31
0.0
  0
TEXT
  5
177
330
17
100
AcDbEntity
  8
断面汇总表
100
AcDbText
 10
127.04999999999998
 20
-175.0
 30
0.0
 40
5.0
  1
圆拱直墙型隧洞断面尺寸及水力要素表
 41
0.7
 72
1
 11
127.04999999999998
 21
-175.0
 31
0.0
100
AcDbText
 73
2
  0
TEXT
  5
178
330
17
100
AcDbEntity
  8
断面汇总表
100
AcDbText
 10
10.5
 20
-190.0
 30
0.0
 40
3.5
  1
流量段
 41
0.7
 72
1
 11
10.5
 21
-190.0
 31
0.0
100
AcDbText
 73
2
  0
TEXT
  5
179
330
17
100
AcDbEntity
  8
断面汇总表
100
AcDbText
 10
29.75
 20
-185.0
 30
0.0
 40
3.5
  1
设计流量
 41
0.7
 72
1
 11
29.75
 21
-185.0
 31
0.0
100
AcDbText
 73
2
  0
MTEXT
  5
17A
330
17
100
AcDbEntity
  8
断面汇总表
100
AcDbMText
 10
29.75
 20
-195.0
 30
0.0
 40
3.5
 71
5
  1
m{\H0.7x;\S3^ ;}/s
  0
TEXT
  5
17B
330
17
100
AcDbEntity
  8
断面汇总表
100
AcDbText
 10
47.25
 20
-185.0
 30
0.0
 40
3.5
  1
加大流量
 41
0.7
 72
1
 11
47.25
 21
-185.0
 31
0.0
100
AcDbText
 73
2
  0
MTEXT
  5
17C
330
17
100
AcDbEntity
  8
断面汇总表
100
AcDbMText
 10
47.25
 20
-195.0
 30
0.0
 40
3.5
 71
5
  1
m{\H0.7x;\S3^ ;}/s
  0
TEXT
  5
17D
330
17
100
AcDbEntity
  8
断面汇总表
100
AcDbText
 10
64.75
 20
-190.0
 30
0.0
 40
3.5
  1
围岩类型
 41
0.7
 72
1
 11
64.75
 21
-190.0
 31
0.0
100
AcDbText
 73
2
  0
TEXT
  5
17E
330
17
100
AcDbEntity
  8
断面汇总表
100
AcDbText
 10
81.55
 20
-190.0
 30
0.0
 40
3.5
  1
1/底坡
 41
0.7
 72
1
 11
81.55
 21
-190.0
 31
0.0
100
AcDbText
 73
2
  0
TEXT
  5
17F
330
17
100
AcDbEntity
  8
断面汇总表
100
AcDbText
 10
96.6
 20
-190.0
 30
0.0
 40
3.5
  1
糙率
 41
0.7
 72
1
 11
96.6
 21
-190.0
 31
0.0
100
AcDbText
 73
2
  0
TEXT
  5
180
330
17
100
AcDbEntity
  8
断面汇总表
100
AcDbText
 10
109.89999999999999
 20
-185.0
 30
0.0
 40
3.5
  1
底宽B
 41
0.7
 72
1
 11
109.89999999999999
 21
-185.0
 31
0.0
100
AcDbText
 73
2
  0
TEXT
  5
181
330
17
100
AcDbEntity
  8
断面汇总表
100
AcDbText
 10
109.89999999999999
 20
-195.0
 30
0.0
 40
3.5
  1
m
 41
0.7
 72
1
 11
109.89999999999999
 21
-195.0
 31
0.0
100
AcDbText
 73
2
  0
TEXT
  5
182
330
17
100
AcDbEntity
  8
断面汇总表
100
AcDbText
 10
124.24999999999999
 20
-185.0
 30
0.0
 40
3.5
  1
直墙高H
 41
0.7
 72
1
 11
124.24999999999999
 21
-185.0
 31
0.0
100
AcDbText
 73
2
  0
TEXT
  5
183
330
17
100
AcDbEntity
  8
断面汇总表
100
AcDbText
 10
124.24999999999999
 20
-195.0
 30
0.0
 40
3.5
  1
m
 41
0.7
 72
1
 11
124.24999999999999
 21
-195.0
 31
0.0
100
AcDbText
 73
2
  0
TEXT
  5
184
330
17
100
AcDbEntity
  8
断面汇总表
100
AcDbText
 10
142.09999999999997
 20
-185.0
 30
0.0
 40
3.5
  1
顶拱半径R
 41
0.7
 72
1
 11
142.09999999999997
 21
-185.0
 31
0.0
100
AcDbText
 73
2
  0
TEXT
  5
185
330
17
100
AcDbEntity
  8
断面汇总表
100
AcDbText
 10
142.09999999999997
 20
-195.0
 30
0.0
 40
3.5
  1
m
 41
0.7
 72
1
 11
142.09999999999997
 21
-195.0
 31
0.0
100
AcDbText
 73
2
  0
MTEXT
  5
186
330
17
100
AcDbEntity
  8
断面汇总表
100
AcDbMText
 10
160.99999999999997
 20
-185.0
 30
0.0
 40
3.5
 71
5
  1
底板厚t{\H0.7x;\S^ 0;}
  0
TEXT
  5
187
330
17
100
AcDbEntity
  8
断面汇总表
100
AcDbText
 10
160.99999999999997
 20
-195.0
 30
0.0
 40
3.5
  1
m
 41
0.7
 72
1
 11
160.99999999999997
 21
-195.0
 31
0.0
100
AcDbText
 73
2
  0
TEXT
  5
188
330
17
100
AcDbEntity
  8
断面汇总表
100
AcDbText
 10
181.64999999999998
 20
-185.0
 30
0.0
 40
3.5
  1
边墙顶拱厚t
 41
0.7
 72
1
 11
181.64999999999998
 21
-185.0
 31
0.0
100
AcDbText
 73
2
  0
TEXT
  5
189
330
17
100
AcDbEntity
  8
断面汇总表
100
AcDbText
 10
181.64999999999998
 20
-195.0
 30
0.0
 40
3.5
  1
m
 41
0.7
 72
1
 11
181.64999999999998
 21
-195.0
 31
0.0
100
AcDbText
 73
2
  0
MTEXT
  5
18A
330
17
100
AcDbEntity
  8
断面汇总表
100
AcDbMText
 10
204.04999999999995
 20
-185.0
 30
0.0
 40
3.5
 71
5
  1
设计水深H{\H0.7x;\S^ 1;}
  0
TEXT
  5
18B
330
17
100
AcDbEntity
  8
断面汇总表
100
AcDbText
 10
204.04999999999995
 20
-195.0
 30
0.0
 40
3.5
  1
m
 41
0.7
 72
1
 11
204.04999999999995
 21
-195.0
 31
0.0
100
AcDbText
 73
2
  0
MTEXT
  5
18C
330
17
100
AcDbEntity
  8
断面汇总表
100
AcDbMText
 10
225.74999999999997
 20
-185.0
 30
0.0
 40
3.5
 71
5
  1
加大水深H{\H0.7x;\S^ 2;}
  0
TEXT
  5
18D
330
17
100
AcDbEntity
  8
断面汇总表
100
AcDbText
 10
225.74999999999997
 20
-195.0
 30
0.0
 40
3.5
  1
m
 41
0.7
 72
1
 11
225.74999999999997
 21
-195.0
 31
0.0
100
AcDbText
 73
2
  0
TEXT
  5
18E
330
17
100
AcDbEntity
  8
断面汇总表
100
AcDbText
 10
245.34999999999997
 20
-185.0
 30
0.0
 40
3.5
  1
设计流速
 41
0.7
 72
1
 11
245.34999999999997
 21
-185.0
 31
0.0
100
AcDbText
 73
2
  0
TEXT
  5
18F
330
17
100
AcDbEntity
  8
断面汇总表
100
AcDbText
 10
245.34999999999997
 20
-195.0
 30
0.0
 40
3.5
  1
m/s
 41
0.7
 72
1
 11
245.34999999999997
 21
-195.0
 31
0.0
100
AcDbText
 73
2
  0
TEXT
  5
190
330
17
100
AcDbEntity
  8
断面汇总表
100
AcDbText
 10
10.5
 20
-210.5
 30
0.0
 40
3.5
  1
第一流量段
 41
0.7
 72
1
 11
10.5
 21
-210.5
 31
0.0
100
AcDbText
 73
2
  0
TEXT
  5
191
330
17
100
AcDbEntity
  8
断面汇总表
100
AcDbText
 10
29.75
 20
-210.5
 30
0.0
 40
3.5
  1
0.3
 41
0.7
 72
1
 11
29.75
 21
-210.5
 31
0.0
100
AcDbText
 73
2
  0
TEXT
  5
192
330
17
100
AcDbEntity
  8
断面汇总表
100
AcDbText
 10
47.25
 20
-210.5
 30
0.0
 40
3.5
  1
0.39
 41
0.7
 72
1
 11
47.25
 21
-210.5
 31
0.0
100
AcDbText
 73
2
  0
TEXT
  5
193
330
17
100
AcDbEntity
  8
断面汇总表
100
AcDbText
 10
64.75
 20
-203.5
 30
0.0
 40
3.5
  1
III类
 41
0.7
 72
1
 11
64.75
 21
-203.5
 31
0.0
100
AcDbText
 73
2
  0
TEXT
  5
194
330
17
100
AcDbEntity
  8
断面汇总表
100
AcDbText
 10
81.55
 20
-203.5
 30
0.0
 40
3.5
  1
1/2000
 41
0.7
 72
1
 11
81.55
 21
-203.5
 31
0.0
100
AcDbText
 73
2
  0
TEXT
  5
195
330
17
100
AcDbEntity
  8
断面汇总表
100
AcDbText
 10
96.6
 20
-203.5
 30
0.0
 40
3.5
  1
0.014
 41
0.7
 72
1
 11
96.6
 21
-203.5
 31
0.0
100
AcDbText
 73
2
  0
TEXT
  5
196
330
17
100
AcDbEntity
  8
断面汇总表
100
AcDbText
 10
109.89999999999999
 20
-203.5
 30
0.0
 40
3.5
  1
1.8
 41
0.7
 72
1
 11
109.89999999999999
 21
-203.5
 31
0.0
100
AcDbText
 73
2
  0
TEXT
  5
197
330
17
100
AcDbEntity
  8
断面汇总表
100
AcDbText
 10
124.24999999999999
 20
-203.5
 30
0.0
 40
3.5
  1
1.1
 41
0.7
 72
1
 11
124.24999999999999
 21
-203.5
 31
0.0
100
AcDbText
 73
2
  0
TEXT
  5
198
330
17
100
AcDbEntity
  8
断面汇总表
100
AcDbText
 10
142.09999999999997
 20
-203.5
 30
0.0
 40
3.5
  1
0.9
 41
0.7
 72
1
 11
142.09999999999997
 21
-203.5
 31
0.0
100
AcDbText
 73
2
  0
TEXT
  5
199
330
17
100
AcDbEntity
  8
断面汇总表
100
AcDbText
 10
160.99999999999997
 20
-203.5
 30
0.0
 40
3.5
  1
0.35
 41
0.7
 72
1
 11
160.99999999999997
 21
-203.5
 31
0.0
100
AcDbText
 73
2
  0
TEXT
  5
19A
330
17
100
AcDbEntity
  8
断面汇总表
100
AcDbText
 10
181.64999999999998
 20
-203.5
 30
0.0
 40
3.5
  1
0.3
 41
0.7
 72
1
 11
181.64999999999998
 21
-203.5
 31
0.0
100
AcDbText
 73
2
  0
TEXT
  5
19B
330
17
100
AcDbEntity
  8
断面汇总表
100
AcDbText
 10
204.04999999999995
 20
-203.5
 30
0.0
 40
3.5
  1
0.288
 41
0.7
 72
1
 11
204.04999999999995
 21
-203.5
 31
0.0
100
AcDbText
 73
2
  0
TEXT
  5
19C
330
17
100
AcDbEntity
  8
断面汇总表
100
AcDbText
 10
225.74999999999997
 20
-203.5
 30
0.0
 40
3.5
  1
0.34
 41
0.7
 72
1
 11
225.74999999999997
 21
-203.5
 31
0.0
100
AcDbText
 73
2
  0
TEXT
  5
19D
330
17
100
AcDbEntity
  8
断面汇总表
100
AcDbText
 10
245.34999999999997
 20
-203.5
 30
0.0
 40
3.5
  1
0.579
 41
0.7
 72
1
 11
245.34999999999997
 21
-203.5
 31
0.0
100
AcDbText
 73
2
  0
TEXT
  5
19E
330
17
100
AcDbEntity
  8
断面汇总表
100
AcDbText
 10
64.75
 20
-210.5
 30
0.0
 40
3.5
  1
IV类
 41
0.7
 72
1
 11
64.75
 21
-210.5
 31
0.0
100
AcDbText
 73
2
  0
TEXT
  5
19F
330
17
100
AcDbEntity
  8
断面汇总表
100
AcDbText
 10
81.55
 20
-210.5
 30
0.0
 40
3.5
  1
1/2000
 41
0.7
 72
1
 11
81.55
 21
-210.5
 31
0.0
100
AcDbText
 73
2
  0
TEXT
  5
1A0
330
17
100
AcDbEntity
  8
断面汇总表
100
AcDbText
 10
96.6
 20
-210.5
 30
0.0
 40
3.5
  1
0.014
 41
0.7
 72
1
 11
96.6
 21
-210.5
 31
0.0
100
AcDbText
 73
2
  0
TEXT
  5
1A1
330
17
100
AcDbEntity
  8
断面汇总表
100
AcDbText
 10
109.89999999999999
 20
-210.5
 30
0.0
 40
3.5
  1
1.8
 41
0.7
 72
1
 11
109.89999999999999
 21
-210.5
 31
0.0
100
AcDbText
 73
2
  0
TEXT
  5
1A2
330
17
100
AcDbEntity
  8
断面汇总表
100
AcDbText
 10
124.24999999999999
 20
-210.5
 30
0.0
 40
3.5
  1
1.1
 41
0.7
 72
1
 11
124.24999999999999
 21
-210.5
 31
0.0
100
AcDbText
 73
2
  0
TEXT
  5
1A3
330
17
100
AcDbEntity
  8
断面汇总表
100
AcDbText
 10
142.09999999999997
 20
-210.5
 30
0.0
 40
3.5
  1
0.9
 41
0.7
 72
1
 11
142.09999999999997
 21
-210.5
 31
0.0
100
AcDbText
 73
2
  0
TEXT
  5
1A4
330
17
100
AcDbEntity
  8
断面汇总表
100
AcDbText
 10
160.99999999999997
 20
-210.5
 30
0.0
 40
3.5
  1
0.4
 41
0.7
 72
1
 11
160.99999999999997
 21
-210.5
 31
0.0
100
AcDbText
 73
2
  0
TEXT
  5
1A5
330
17
100
AcDbEntity
  8
断面汇总表
100
AcDbText
 10
181.64999999999998
 20
-210.5
 30
0.0
 40
3.5
  1
0.4
 41
0.7
 72
1
 11
181.64999999999998
 21
-210.5
 31
0.0
100
AcDbText
 73
2
  0
TEXT
  5
1A6
330
17
100
AcDbEntity
  8
断面汇总表
100
AcDbText
 10
204.04999999999995
 20
-210.5
 30
0.0
 40
3.5
  1
0.288
 41
0.7
 72
1
 11
204.04999999999995
 21
-210.5
 31
0.0
100
AcDbText
 73
2
  0
TEXT
  5
1A7
330
17
100
AcDbEntity
  8
断面汇总表
100
AcDbText
 10
225.74999999999997
 20
-210.5
 30
0.0
 40
3.5
  1
0.34
 41
0.7
 72
1
 11
225.74999999999997
 21
-210.5
 31
0.0
100
AcDbText
 73
2
  0
TEXT
  5
1A8
330
17
100
AcDbEntity
  8
断面汇总表
100
AcDbText
 10
245.34999999999997
 20
-210.5
 30
0.0
 40
3.5
  1
0.579
 41
0.7
 72
1
 11
245.34999999999997
 21
-210.5
 31
0.0
100
AcDbText
 73
2
  0
TEXT
  5
1A9
330
17
100
AcDbEntity
  8
断面汇总表
100
AcDbText
 10
64.75
 20
-217.5
 30
0.0
 40
3.5
  1
V类
 41
0.7
 72
1
 11
64.75
 21
-217.5
 31
0.0
100
AcDbText
 73
2
  0
TEXT
  5
1AA
330
17
100
AcDbEntity
  8
断面汇总表
100
AcDbText
 10
81.55
 20
-217.5
 30
0.0
 40
3.5
  1
1/2000
 41
0.7
 72
1
 11
81.55
 21
-217.5
 31
0.0
100
AcDbText
 73
2
  0
TEXT
  5
1AB
330
17
100
AcDbEntity
  8
断面汇总表
100
AcDbText
 10
96.6
 20
-217.5
 30
0.0
 40
3.5
  1
0.014
 41
0.7
 72
1
 11
96.6
 21
-217.5
 31
0.0
100
AcDbText
 73
2
  0
TEXT
  5
1AC
330
17
100
AcDbEntity
  8
断面汇总表
100
AcDbText
 10
109.89999999999999
 20
-217.5
 30
0.0
 40
3.5
  1
1.8
 41
0.7
 72
1
 11
109.89999999999999
 21
-217.5
 31
0.0
100
AcDbText
 73
2
  0
TEXT
  5
1AD
330
17
100
AcDbEntity
  8
断面汇总表
100
AcDbText
 10
124.24999999999999
 20
-217.5
 30
0.0
 40
3.5
  1
1.1
 41
0.7
 72
1
 11
124.24999999999999
 21
-217.5
 31
0.0
100
AcDbText
 73
2
  0
TEXT
  5
1AE
330
17
100
AcDbEntity
  8
断面汇总表
100
AcDbText
 10
142.09999999999997
 20
-217.5
 30
0.0
 40
3.5
  1
0.9
 41
0.7
 72
1
 11
142.09999999999997
 21
-217.5
 31
0.0
100
AcDbText
 73
2
  0
TEXT
  5
1AF
330
17
100
AcDbEntity
  8
断面汇总表
100
AcDbText
 10
160.99999999999997
 20
-217.5
 30
0.0
 40
3.5
  1
0.5
 41
0.7
 72
1
 11
160.99999999999997
 21
-217.5
 31
0.0
100
AcDbText
 73
2
  0
TEXT
  5
1B0
330
17
100
AcDbEntity
  8
断面汇总表
100
AcDbText
 10
181.64999999999998
 20
-217.5
 30
0.0
 40
3.5
  1
0.5
 41
0.7
 72
1
 11
181.64999999999998
 21
-217.5
 31
0.0
100
AcDbText
 73
2
  0
TEXT
  5
1B1
330
17
100
AcDbEntity
  8
断面汇总表
100
AcDbText
 10
204.04999999999995
 20
-217.5
 30
0.0
 40
3.5
  1
0.288
 41
0.7
 72
1
 11
204.04999999999995
 21
-217.5
 31
0.0
100
AcDbText
 73
2
  0
TEXT
  5
1B2
330
17
100
AcDbEntity
  8
断面汇总表
100
AcDbText
 10
225.74999999999997
 20
-217.5
 30
0.0
 40
3.5
  1
0.34
 41
0.7
 72
1
 11
225.74999999999997
 21
-217.5
 31
0.0
100
AcDbText
 73
2
  0
TEXT
  5
1B3
330
17
100
AcDbEntity
  8
断面汇总表
100
AcDbText
 10
245.34999999999997
 20
-217.5
 30
0.0
 40
3.5
  1
0.579
 41
0.7
 72
1
 11
245.34999999999997
 21
-217.5
 31
0.0
100
AcDbText
 73
2
  0
LINE
  5
1B4
330
17
100
AcDbEntity
  8
断面汇总表
100
AcDbLine
 10
0.0
 20
-229.0
 30
0.0
 11
297.5
 21
-229.0
 31
0.0
  0
LINE
  5
1B5
330
17
100
AcDbEntity
  8
断面汇总表
100
AcDbLine
 10
0.0
 20
-239.0
 30
0.0
 11
297.5
 21
-239.0
 31
0.0
  0
LINE
  5
1B6
330
17
100
AcDbEntity
  8
断面汇总表
100
AcDbLine
 10
0.0
 20
-229.0
 30
0.0
 11
0.0
 21
-239.0
 31
0.0
  0
LINE
  5
1B7
330
17
100
AcDbEntity
  8
断面汇总表
100
AcDbLine
 10
297.5
 20
-229.0
 30
0.0
 11
297.5
 21
-239.0
 31
0.0
  0
LINE
  5
1B8
330
17
100
AcDbEntity
  8
断面汇总表
100
AcDbLine
 10
21.0
 20
-249.0
 30
0.0
 11
67.9
 21
-249.0
 31
0.0
  0
LINE
  5
1B9
330
17
100
AcDbEntity
  8
断面汇总表
100
AcDbLine
 10
88.9
 20
-249.0
 30
0.0
 11
297.5
 21
-249.0
 31
0.0
  0
LINE
  5
1BA
330
17
100
AcDbEntity
  8
断面汇总表
100
AcDbLine
 10
116.9
 20
-259.0
 30
0.0
 11
297.5
 21
-259.0
 31
0.0
  0
LINE
  5
1BB
330
17
100
AcDbEntity
  8
断面汇总表
100
AcDbLine
 10
0.0
 20
-269.0
 30
0.0
 11
297.5
 21
-269.0
 31
0.0
  0
LINE
  5
1BC
330
17
100
AcDbEntity
  8
断面汇总表
100
AcDbLine
 10
21.0
 20
-239.0
 30
0.0
 11
21.0
 21
-249.0
 31
0.0
  0
LINE
  5
1BD
330
17
100
AcDbEntity
  8
断面汇总表
100
AcDbLine
 10
21.0
 20
-249.0
 30
0.0
 11
21.0
 21
-259.0
 31
0.0
  0
LINE
  5
1BE
330
17
100
AcDbEntity
  8
断面汇总表
100
AcDbLine
 10
21.0
 20
-259.0
 30
0.0
 11
21.0
 21
-269.0
 31
0.0
  0
LINE
  5
1BF
330
17
100
AcDbEntity
  8
断面汇总表
100
AcDbLine
 10
38.5
 20
-239.0
 30
0.0
 11
38.5
 21
-249.0
 31
0.0
  0
LINE
  5
1C0
330
17
100
AcDbEntity
  8
断面汇总表
100
AcDbLine
 10
38.5
 20
-249.0
 30
0.0
 11
38.5
 21
-259.0
 31
0.0
  0
LINE
  5
1C1
330
17
100
AcDbEntity
  8
断面汇总表
100
AcDbLine
 10
38.5
 20
-259.0
 30
0.0
 11
38.5
 21
-269.0
 31
0.0
  0
LINE
  5
1C2
330
17
100
AcDbEntity
  8
断面汇总表
100
AcDbLine
 10
56.0
 20
-239.0
 30
0.0
 11
56.0
 21
-249.0
 31
0.0
  0
LINE
  5
1C3
330
17
100
AcDbEntity
  8
断面汇总表
100
AcDbLine
 10
56.0
 20
-249.0
 30
0.0
 11
56.0
 21
-259.0
 31
0.0
  0
LINE
  5
1C4
330
17
100
AcDbEntity
  8
断面汇总表
100
AcDbLine
 10
56.0
 20
-259.0
 30
0.0
 11
56.0
 21
-269.0
 31
0.0
  0
LINE
  5
1C5
330
17
100
AcDbEntity
  8
断面汇总表
100
AcDbLine
 10
67.9
 20
-239.0
 30
0.0
 11
67.9
 21
-249.0
 31
0.0
  0
LINE
  5
1C6
330
17
100
AcDbEntity
  8
断面汇总表
100
AcDbLine
 10
67.9
 20
-249.0
 30
0.0
 11
67.9
 21
-259.0
 31
0.0
  0
LINE
  5
1C7
330
17
100
AcDbEntity
  8
断面汇总表
100
AcDbLine
 10
67.9
 20
-259.0
 30
0.0
 11
67.9
 21
-269.0
 31
0.0
  0
LINE
  5
1C8
330
17
100
AcDbEntity
  8
断面汇总表
100
AcDbLine
 10
88.9
 20
-239.0
 30
0.0
 11
88.9
 21
-249.0
 31
0.0
  0
LINE
  5
1C9
330
17
100
AcDbEntity
  8
断面汇总表
100
AcDbLine
 10
88.9
 20
-249.0
 30
0.0
 11
88.9
 21
-259.0
 31
0.0
  0
LINE
  5
1CA
330
17
100
AcDbEntity
  8
断面汇总表
100
AcDbLine
 10
88.9
 20
-259.0
 30
0.0
 11
88.9
 21
-269.0
 31
0.0
  0
LINE
  5
1CB
330
17
100
AcDbEntity
  8
断面汇总表
100
AcDbLine
 10
99.4
 20
-239.0
 30
0.0
 11
99.4
 21
-249.0
 31
0.0
  0
LINE
  5
1CC
330
17
100
AcDbEntity
  8
断面汇总表
100
AcDbLine
 10
99.4
 20
-249.0
 30
0.0
 11
99.4
 21
-259.0
 31
0.0
  0
LINE
  5
1CD
330
17
100
AcDbEntity
  8
断面汇总表
100
AcDbLine
 10
99.4
 20
-259.0
 30
0.0
 11
99.4
 21
-269.0
 31
0.0
  0
LINE
  5
1CE
330
17
100
AcDbEntity
  8
断面汇总表
100
AcDbLine
 10
116.9
 20
-239.0
 30
0.0
 11
116.9
 21
-249.0
 31
0.0
  0
LINE
  5
1CF
330
17
100
AcDbEntity
  8
断面汇总表
100
AcDbLine
 10
116.9
 20
-249.0
 30
0.0
 11
116.9
 21
-259.0
 31
0.0
  0
LINE
  5
1D0
330
17
100
AcDbEntity
  8
断面汇总表
100
AcDbLine
 10
116.9
 20
-259.0
 30
0.0
 11
116.9
 21
-269.0
 31
0.0
  0
LINE
  5
1D1
330
17
100
AcDbEntity
  8
断面汇总表
100
AcDbLine
 10
134.4
 20
-249.0
 30
0.0
 11
134.4
 21
-259.0
 31
0.0
  0
LINE
  5
1D2
330
17
100
AcDbEntity
  8
断面汇总表
100
AcDbLine
 10
134.4
 20
-259.0
 30
0.0
 11
134.4
 21
-269.0
 31
0.0
  0
LINE
  5
1D3
330
17
100
AcDbEntity
  8
断面汇总表
100
AcDbLine
 10
151.9
 20
-239.0
 30
0.0
 11
151.9
 21
-249.0
 31
0.0
  0
LINE
  5
1D4
330
17
100
AcDbEntity
  8
断面汇总表
100
AcDbLine
 10
151.9
 20
-249.0
 30
0.0
 11
151.9
 21
-259.0
 31
0.0
  0
LINE
  5
1D5
330
17
100
AcDbEntity
  8
断面汇总表
100
AcDbLine
 10
151.9
 20
-259.0
 30
0.0
 11
151.9
 21
-269.0
 31
0.0
  0
LINE
  5
1D6
330
17
100
AcDbEntity
  8
断面汇总表
100
AcDbLine
 10
169.4
 20
-259.0
 30
0.0
 11
169.4
 21
-269.0
 31
0.0
  0
LINE
  5
1D7
330
17
100
AcDbEntity
  8
断面汇总表
100
AcDbLine
 10
198.10000000000002
 20
-249.0
 30
0.0
 11
198.10000000000002
 21
-259.0
 31
0.0
  0
LINE
  5
1D8
330
17
100
AcDbEntity
  8
断面汇总表
100
AcDbLine
 10
198.10000000000002
 20
-259.0
 30
0.0
 11
198.10000000000002
 21
-269.0
 31
0.0
  0
LINE
  5
1D9
330
17
100
AcDbEntity
  8
断面汇总表
100
AcDbLine
 10
219.10000000000002
 20
-259.0
 30
0.0
 11
219.10000000000002
 21
-269.0
 31
0.0
  0
LINE
  5
1DA
330
17
100
AcDbEntity
  8
断面汇总表
100
AcDbLine
 10
251.3
 20
-249.0
 30
0.0
 11
251.3
 21
-259.0
 31
0.0
  0
LINE
  5
1DB
330
17
100
AcDbEntity
  8
断面汇总表
100
AcDbLine
 10
251.3
 20
-259.0
 30
0.0
 11
251.3
 21
-269.0
 31
0.0
  0
LINE
  5
1DC
330
17
100
AcDbEntity
  8
断面汇总表
100
AcDbLine
 10
268.8
 20
-259.0
 30
0.0
 11
268.8
 21
-269.0
 31
0.0
  0
LINE
  5
1DD
330
17
100
AcDbEntity
  8
断面汇总表
100
AcDbLine
 10
0.0
 20
-239.0
 30
0.0
 11
0.0
 21
-269.0
 31
0.0
  0
LINE
  5
1DE
330
17
100
AcDbEntity
  8
断面汇总表
100
AcDbLine
 10
297.5
 20
-239.0
 30
0.0
 11
297.5
 21
-269.0
 31
0.0
  0
LINE
  5
1DF
330
17
100
AcDbEntity
  8
断面汇总表
100
AcDbLine
 10
0.0
 20
-269.0
 30
0.0
 11
297.5
 21
-269.0
 31
0.0
  0
LINE
  5
1E0
330
17
100
AcDbEntity
  8
断面汇总表
100
AcDbLine
 10
0.0
 20
-276.0
 30
0.0
 11
297.5
 21
-276.0
 31
0.0
  0
LINE
  5
1E1
330
17
100
AcDbEntity
  8
断面汇总表
100
AcDbLine
 10
0.0
 20
-269.0
 30
0.0
 11
0.0
 21
-276.0
 31
0.0
  0
LINE
  5
1E2
330
17
100
AcDbEntity
  8
断面汇总表
100
AcDbLine
 10
21.0
 20
-269.0
 30
0.0
 11
21.0
 21
-276.0
 31
0.0
  0
LINE
  5
1E3
330
17
100
AcDbEntity
  8
断面汇总表
100
AcDbLine
 10
38.5
 20
-269.0
 30
0.0
 11
38.5
 21
-276.0
 31
0.0
  0
LINE
  5
1E4
330
17
100
AcDbEntity
  8
断面汇总表
100
AcDbLine
 10
56.0
 20
-269.0
 30
0.0
 11
56.0
 21
-276.0
 31
0.0
  0
LINE
  5
1E5
330
17
100
AcDbEntity
  8
断面汇总表
100
AcDbLine
 10
67.9
 20
-269.0
 30
0.0
 11
67.9
 21
-276.0
 31
0.0
  0
LINE
  5
1E6
330
17
100
AcDbEntity
  8
断面汇总表
100
AcDbLine
 10
88.9
 20
-269.0
 30
0.0
 11
88.9
 21
-276.0
 31
0.0
  0
LINE
  5
1E7
330
17
100
AcDbEntity
  8
断面汇总表
100
AcDbLine
 10
99.4
 20
-269.0
 30
0.0
 11
99.4
 21
-276.0
 31
0.0
  0
LINE
  5
1E8
330
17
100
AcDbEntity
  8
断面汇总表
100
AcDbLine
 10
116.9
 20
-269.0
 30
0.0
 11
116.9
 21
-276.0
 31
0.0
  0
LINE
  5
1E9
330
17
100
AcDbEntity
  8
断面汇总表
100
AcDbLine
 10
134.4
 20
-269.0
 30
0.0
 11
134.4
 21
-276.0
 31
0.0
  0
LINE
  5
1EA
330
17
100
AcDbEntity
  8
断面汇总表
100
AcDbLine
 10
151.9
 20
-269.0
 30
0.0
 11
151.9
 21
-276.0
 31
0.0
  0
LINE
  5
1EB
330
17
100
AcDbEntity
  8
断面汇总表
100
AcDbLine
 10
169.4
 20
-269.0
 30
0.0
 11
169.4
 21
-276.0
 31
0.0
  0
LINE
  5
1EC
330
17
100
AcDbEntity
  8
断面汇总表
100
AcDbLine
 10
198.10000000000002
 20
-269.0
 30
0.0
 11
198.10000000000002
 21
-276.0
 31
0.0
  0
LINE
  5
1ED
330
17
100
AcDbEntity
  8
断面汇总表
100
AcDbLine
 10
219.10000000000002
 20
-269.0
 30
0.0
 11
219.10000000000002
 21
-276.0
 31
0.0
  0
LINE
  5
1EE
330
17
100
AcDbEntity
  8
断面汇总表
100
AcDbLine
 10
251.3
 20
-269.0
 30
0.0
 11
251.3
 21
-276.0
 31
0.0
  0
LINE
  5
1EF
330
17
100
AcDbEntity
  8
断面汇总表
100
AcDbLine
 10
268.8
 20
-269.0
 30
0.0
 11
268.8
 21
-276.0
 31
0.0
  0
LINE
  5
1F0
330
17
100
AcDbEntity
  8
断面汇总表
100
AcDbLine
 10
297.5
 20
-269.0
 30
0.0
 11
297.5
 21
-276.0
 31
0.0
  0
TEXT
  5
1F1
330
17
100
AcDbEntity
  8
断面汇总表
100
AcDbText
 10
148.75
 20
-234.0
 30
0.0
 40
5.0
  1
压力管道特性表
 41
0.7
 72
1
 11
148.75
 21
-234.0
 31
0.0
100
AcDbText
 73
2
  0
TEXT
  5
1F2
330
17
100
AcDbEntity
  8
断面汇总表
100
AcDbText
 10
10.5
 20
-254.0
 30
0.0
 40
3.5
  1
流量段
 41
0.7
 72
1
 11
10.5
 21
-254.0
 31
0.0
100
AcDbText
 73
2
  0
TEXT
  5
1F3
330
17
100
AcDbEntity
  8
断面汇总表
100
AcDbText
 10
29.75
 20
-244.0
 30
0.0
 40
3.5
  1
设计流量
 41
0.7
 72
1
 11
29.75
 21
-244.0
 31
0.0
100
AcDbText
 73
2
  0
MTEXT
  5
1F4
330
17
100
AcDbEntity
  8
断面汇总表
100
AcDbMText
 10
29.75
 20
-259.0
 30
0.0
 40
3.5
 71
5
  1
m{\H0.7x;\S3^ ;}/s
  0
TEXT
  5
1F5
330
17
100
AcDbEntity
  8
断面汇总表
100
AcDbText
 10
47.25
 20
-244.0
 30
0.0
 40
3.5
  1
加大流量
 41
0.7
 72
1
 11
47.25
 21
-244.0
 31
0.0
100
AcDbText
 73
2
  0
MTEXT
  5
1F6
330
17
100
AcDbEntity
  8
断面汇总表
100
AcDbMText
 10
47.25
 20
-259.0
 30
0.0
 40
3.5
 71
5
  1
m{\H0.7x;\S3^ ;}/s
  0
TEXT
  5
1F7
330
17
100
AcDbEntity
  8
断面汇总表
100
AcDbText
 10
61.95
 20
-244.0
 30
0.0
 40
3.5
  1
长度
 41
0.7
 72
1
 11
61.95
 21
-244.0
 31
0.0
100
AcDbText
 73
2
  0
TEXT
  5
1F8
330
17
100
AcDbEntity
  8
断面汇总表
100
AcDbText
 10
61.95
 20
-259.0
 30
0.0
 40
3.5
  1
km
 41
0.7
 72
1
 11
61.95
 21
-259.0
 31
0.0
100
AcDbText
 73
2
  0
TEXT
  5
1F9
330
17
100
AcDbEntity
  8
断面汇总表
100
AcDbText
 10
78.4
 20
-254.0
 30
0.0
 40
3.5
  1
管材
 41
0.7
 72
1
 11
78.4
 21
-254.0
 31
0.0
100
AcDbText
 73
2
  0
TEXT
  5
1FA
330
17
100
AcDbEntity
  8
断面汇总表
100
AcDbText
 10
94.15
 20
-244.0
 30
0.0
 40
3.5
  1
管径
 41
0.7
 72
1
 11
94.15
 21
-244.0
 31
0.0
100
AcDbText
 73
2
  0
TEXT
  5
1FB
330
17
100
AcDbEntity
  8
断面汇总表
100
AcDbText
 10
94.15
 20
-259.0
 30
0.0
 40
3.5
  1
m
 41
0.7
 72
1
 11
94.15
 21
-259.0
 31
0.0
100
AcDbText
 73
2
  0
TEXT
  5
1FC
330
17
100
AcDbEntity
  8
断面汇总表
100
AcDbText
 10
108.15
 20
-244.0
 30
0.0
 40
3.5
  1
设计流速
 41
0.7
 72
1
 11
108.15
 21
-244.0
 31
0.0
100
AcDbText
 73
2
  0
TEXT
  5
1FD
330
17
100
AcDbEntity
  8
断面汇总表
100
AcDbText
 10
108.15
 20
-259.0
 30
0.0
 40
3.5
  1
m/s
 41
0.7
 72
1
 11
108.15
 21
-259.0
 31
0.0
100
AcDbText
 73
2
  0
TEXT
  5
1FE
330
17
100
AcDbEntity
  8
断面汇总表
100
AcDbText
 10
134.4
 20
-244.0
 30
0.0
 40
3.5
  1
设计压力线
 41
0.7
 72
1
 11
134.4
 21
-244.0
 31
0.0
100
AcDbText
 73
2
  0
TEXT
  5
1FF
330
17
100
AcDbEntity
  8
断面汇总表
100
AcDbText
 10
125.65
 20
-254.0
 30
0.0
 40
3.5
  1
渠首水位
 41
0.7
 72
1
 11
125.65
 21
-254.0
 31
0.0
100
AcDbText
 73
2
  0
TEXT
  5
200
330
17
100
AcDbEntity
  8
断面汇总表
100
AcDbText
 10
125.65
 20
-264.0
 30
0.0
 40
3.5
  1
m
 41
0.7
 72
1
 11
125.65
 21
-264.0
 31
0.0
100
AcDbText
 73
2
  0
TEXT
  5
201
330
17
100
AcDbEntity
  8
断面汇总表
100
AcDbText
 10
143.15
 20
-254.0
 30
0.0
 40
3.5
  1
渠末水位
 41
0.7
 72
1
 11
143.15
 21
-254.0
 31
0.0
100
AcDbText
 73
2
  0
TEXT
  5
202
330
17
100
AcDbEntity
  8
断面汇总表
100
AcDbText
 10
143.15
 20
-264.0
 30
0.0
 40
3.5
  1
m
 41
0.7
 72
1
 11
143.15
 21
-264.0
 31
0.0
100
AcDbText
 73
2
  0
TEXT
  5
203
330
17
100
AcDbEntity
  8
断面汇总表
100
AcDbText
 10
224.7
 20
-244.0
 30
0.0
 40
3.5
  1
建筑物特性
 41
0.7
 72
1
 11
224.7
 21
-244.0
 31
0.0
100
AcDbText
 73
2
  0
TEXT
  5
204
330
17
100
AcDbEntity
  8
断面汇总表
100
AcDbText
 10
175.0
 20
-254.0
 30
0.0
 40
3.5
  1
隧洞
 41
0.7
 72
1
 11
175.0
 21
-254.0
 31
0.0
100
AcDbText
 73
2
  0
TEXT
  5
205
330
17
100
AcDbEntity
  8
断面汇总表
100
AcDbText
 10
160.65
 20
-264.0
 30
0.0
 40
3.5
  1
座数
 41
0.7
 72
1
 11
160.65
 21
-264.0
 31
0.0
100
AcDbText
 73
2
  0
TEXT
  5
206
330
17
100
AcDbEntity
  8
断面汇总表
100
AcDbText
 10
183.75
 20
-264.0
 30
0.0
 40
3.5
  1
长度（km）
 41
0.7
 72
1
 11
183.75
 21
-264.0
 31
0.0
100
AcDbText
 73
2
  0
TEXT
  5
207
330
17
100
AcDbEntity
  8
断面汇总表
100
AcDbText
 10
224.70000000000002
 20
-254.0
 30
0.0
 40
3.5
  1
定向钻
 41
0.7
 72
1
 11
224.70000000000002
 21
-254.0
 31
0.0
100
AcDbText
 73
2
  0
TEXT
  5
208
330
17
100
AcDbEntity
  8
断面汇总表
100
AcDbText
 10
208.60000000000002
 20
-264.0
 30
0.0
 40
3.5
  1
座数
 41
0.7
 72
1
 11
208.60000000000002
 21
-264.0
 31
0.0
100
AcDbText
 73
2
  0
TEXT
  5
209
330
17
100
AcDbEntity
  8
断面汇总表
100
AcDbText
 10
235.20000000000002
 20
-264.0
 30
0.0
 40
3.5
  1
长度（km）
 41
0.7
 72
1
 11
235.20000000000002
 21
-264.0
 31
0.0
100
AcDbText
 73
2
  0
TEXT
  5
20A
330
17
100
AcDbEntity
  8
断面汇总表
100
AcDbText
 10
274.4
 20
-254.0
 30
0.0
 40
3.5
  1
顶管
 41
0.7
 72
1
 11
274.4
 21
-254.0
 31
0.0
100
AcDbText
 73
2
  0
TEXT
  5
20B
330
17
100
AcDbEntity
  8
断面汇总表
100
AcDbText
 10
260.05
 20
-264.0
 30
0.0
 40
3.5
  1
座数
 41
0.7
 72
1
 11
260.05
 21
-264.0
 31
0.0
100
AcDbText
 73
2
  0
TEXT
  5
20C
330
17
100
AcDbEntity
  8
断面汇总表
100
AcDbText
 10
283.15
 20
-264.0
 30
0.0
 40
3.5
  1
长度（km）
 41
0.7
 72
1
 11
283.15
 21
-264.0
 31
0.0
100
AcDbText
 73
2
  0
TEXT
  5
20D
330
17
100
AcDbEntity
  8
断面汇总表
100
AcDbText
 10
10.5
 20
-272.5
 30
0.0
 40
3.5
  1
第一流量段
 41
0.7
 72
1
 11
10.5
 21
-272.5
 31
0.0
100
AcDbText
 73
2
  0
TEXT
  5
20E
330
17
100
AcDbEntity
  8
断面汇总表
100
AcDbText
 10
29.75
 20
-272.5
 30
0.0
 40
3.5
  1
0.3
 41
0.7
 72
1
 11
29.75
 21
-272.5
 31
0.0
100
AcDbText
 73
2
  0
TEXT
  5
20F
330
17
100
AcDbEntity
  8
断面汇总表
100
AcDbText
 10
47.25
 20
-272.5
 30
0.0
 40
3.5
  1
0.39
 41
0.7
 72
1
 11
47.25
 21
-272.5
 31
0.0
100
AcDbText
 73
2
  0
TEXT
  5
210
330
17
100
AcDbEntity
  8
断面汇总表
100
AcDbText
 10
61.95
 20
-272.5
 30
0.0
 40
3.5
  1
6.11
 41
0.7
 72
1
 11
61.95
 21
-272.5
 31
0.0
100
AcDbText
 73
2
  0
TEXT
  5
211
330
17
100
AcDbEntity
  8
断面汇总表
100
AcDbText
 10
78.4
 20
-272.5
 30
0.0
 40
3.5
  1
球墨铸铁管
 41
0.7
 72
1
 11
78.4
 21
-272.5
 31
0.0
100
AcDbText
 73
2
  0
TEXT
  5
212
330
17
100
AcDbEntity
  8
断面汇总表
100
AcDbText
 10
94.15
 20
-272.5
 30
0.0
 40
3.5
  1
0.7
 41
0.7
 72
1
 11
94.15
 21
-272.5
 31
0.0
100
AcDbText
 73
2
  0
TEXT
  5
213
330
17
100
AcDbEntity
  8
断面汇总表
100
AcDbText
 10
108.15
 20
-272.5
 30
0.0
 40
3.5
  1
0.78
 41
0.7
 72
1
 11
108.15
 21
-272.5
 31
0.0
100
AcDbText
 73
2
  0
TEXT
  5
214
330
17
100
AcDbEntity
  8
断面汇总表
100
AcDbText
 10
125.65
 20
-272.5
 30
0.0
 40
3.5
  1
353.96
 41
0.7
 72
1
 11
125.65
 21
-272.5
 31
0.0
100
AcDbText
 73
2
  0
TEXT
  5
215
330
17
100
AcDbEntity
  8
断面汇总表
100
AcDbText
 10
143.15
 20
-272.5
 30
0.0
 40
3.5
  1
349.63
 41
0.7
 72
1
 11
143.15
 21
-272.5
 31
0.0
100
AcDbText
 73
2
  0
TEXT
  5
216
330
17
100
AcDbEntity
  8
断面汇总表
100
AcDbText
 10
160.65
 20
-272.5
 30
0.0
 40
3.5
  1
1
 41
0.7
 72
1
 11
160.65
 21
-272.5
 31
0.0
100
AcDbText
 73
2
  0
TEXT
  5
217
330
17
100
AcDbEntity
  8
断面汇总表
100
AcDbText
 10
183.75
 20
-272.5
 30
0.0
 40
3.5
  1
1.884
 41
0.7
 72
1
 11
183.75
 21
-272.5
 31
0.0
100
AcDbText
 73
2
  0
TEXT
  5
218
330
17
100
AcDbEntity
  8
断面汇总表
100
AcDbText
 10
208.60000000000002
 20
-272.5
 30
0.0
 40
3.5
  1
1
 41
0.7
 72
1
 11
208.60000000000002
 21
-272.5
 31
0.0
100
AcDbText
 73
2
  0
TEXT
  5
219
330
17
100
AcDbEntity
  8
断面汇总表
100
AcDbText
 10
235.20000000000002
 20
-272.5
 30
0.0
 40
3.5
  1
0.495
 41
0.7
 72
1
 11
235.20000000000002
 21
-272.5
 31
0.0
100
AcDbText
 73
2
  0
TEXT
  5
21A
330
17
100
AcDbEntity
  8
断面汇总表
100
AcDbText
 10
260.05
 20
-272.5
 30
0.0
 40
3.5
  1
-
 41
0.7
 72
1
 11
260.05
 21
-272.5
 31
0.0
100
AcDbText
 73
2
  0
TEXT
  5
21B
330
17
100
AcDbEntity
  8
断面汇总表
100
AcDbText
 10
283.15
 20
-272.5
 30
0.0
 40
3.5
  1
-
 41
0.7
 72
1
 11
283.15
 21
-272.5
 31
0.0
100
AcDbText
 73
2
  0
LINE
  5
21C
330
17
100
AcDbEntity
  8
IP坐标表
100
AcDbLine
 10
317.5
 20
-170.0
 30
0.0
 11
506.7000000000001
 21
-170.0
 31
0.0
  0
LINE
  5
21D
330
17
100
AcDbEntity
  8
IP坐标表
100
AcDbLine
 10
317.5
 20
-177.0
 30
0.0
 11
506.7000000000001
 21
-177.0
 31
0.0
  0
LINE
  5
21E
330
17
100
AcDbEntity
  8
IP坐标表
100
AcDbLine
 10
317.5
 20
-170.0
 30
0.0
 11
317.5
 21
-177.0
 31
0.0
  0
LINE
  5
21F
330
17
100
AcDbEntity
  8
IP坐标表
100
AcDbLine
 10
506.7000000000001
 20
-170.0
 30
0.0
 11
506.7000000000001
 21
-177.0
 31
0.0
  0
TEXT
  5
220
330
17
100
AcDbEntity
  8
IP坐标表
100
AcDbText
 10
412.1
 20
-173.5
 30
0.0
 40
3.0
  1
IP坐标及弯道参数表
 41
0.7
 72
1
 11
412.1
 21
-173.5
 31
0.0
100
AcDbText
 73
2
  0
LINE
  5
221
330
17
100
AcDbEntity
  8
IP坐标表
100
AcDbLine
 10
317.5
 20
-189.0
 30
0.0
 11
506.7000000000001
 21
-189.0
 31
0.0
  0
LINE
  5
222
330
17
100
AcDbEntity
  8
IP坐标表
100
AcDbLine
 10
317.5
 20
-177.0
 30
0.0
 11
317.5
 21
-189.0
 31
0.0
  0
LINE
  5
223
330
17
100
AcDbEntity
  8
IP坐标表
100
AcDbLine
 10
506.7000000000001
 20
-177.0
 30
0.0
 11
506.7000000000001
 21
-189.0
 31
0.0
  0
LINE
  5
224
330
17
100
AcDbEntity
  8
IP坐标表
100
AcDbLine
 10
331.94
 20
-183.0
 30
0.0
 11
353.42
 21
-183.0
 31
0.0
  0
LINE
  5
225
330
17
100
AcDbEntity
  8
IP坐标表
100
AcDbLine
 10
353.42
 20
-183.0
 30
0.0
 11
373.58000000000004
 21
-183.0
 31
0.0
  0
LINE
  5
226
330
17
100
AcDbEntity
  8
IP坐标表
100
AcDbLine
 10
373.58000000000004
 20
-183.0
 30
0.0
 11
393.58000000000004
 21
-183.0
 31
0.0
  0
LINE
  5
227
330
17
100
AcDbEntity
  8
IP坐标表
100
AcDbLine
 10
393.58000000000004
 20
-183.0
 30
0.0
 11
413.58000000000004
 21
-183.0
 31
0.0
  0
LINE
  5
228
330
17
100
AcDbEntity
  8
IP坐标表
100
AcDbLine
 10
413.58000000000004
 20
-183.0
 30
0.0
 11
433.58000000000004
 21
-183.0
 31
0.0
  0
LINE
  5
229
330
17
100
AcDbEntity
  8
IP坐标表
100
AcDbLine
 10
433.58000000000004
 20
-183.0
 30
0.0
 11
444.50000000000006
 21
-183.0
 31
0.0
  0
LINE
  5
22A
330
17
100
AcDbEntity
  8
IP坐标表
100
AcDbLine
 10
444.50000000000006
 20
-183.0
 30
0.0
 11
454.1000000000001
 21
-183.0
 31
0.0
  0
LINE
  5
22B
330
17
100
AcDbEntity
  8
IP坐标表
100
AcDbLine
 10
454.1000000000001
 20
-183.0
 30
0.0
 11
464.6000000000001
 21
-183.0
 31
0.0
  0
LINE
  5
22C
330
17
100
AcDbEntity
  8
IP坐标表
100
AcDbLine
 10
464.6000000000001
 20
-183.0
 30
0.0
 11
474.2000000000001
 21
-183.0
 31
0.0
  0
LINE
  5
22D
330
17
100
AcDbEntity
  8
IP坐标表
100
AcDbLine
 10
317.5
 20
-177.0
 30
0.0
 11
317.5
 21
-189.0
 31
0.0
  0
LINE
  5
22E
330
17
100
AcDbEntity
  8
IP坐标表
100
AcDbLine
 10
331.94
 20
-177.0
 30
0.0
 11
331.94
 21
-189.0
 31
0.0
  0
LINE
  5
22F
330
17
100
AcDbEntity
  8
IP坐标表
100
AcDbLine
 10
373.58000000000004
 20
-177.0
 30
0.0
 11
373.58000000000004
 21
-189.0
 31
0.0
  0
LINE
  5
230
330
17
100
AcDbEntity
  8
IP坐标表
100
AcDbLine
 10
353.42
 20
-183.0
 30
0.0
 11
353.42
 21
-189.0
 31
0.0
  0
LINE
  5
231
330
17
100
AcDbEntity
  8
IP坐标表
100
AcDbLine
 10
433.58000000000004
 20
-177.0
 30
0.0
 11
433.58000000000004
 21
-189.0
 31
0.0
  0
LINE
  5
232
330
17
100
AcDbEntity
  8
IP坐标表
100
AcDbLine
 10
393.58000000000004
 20
-183.0
 30
0.0
 11
393.58000000000004
 21
-189.0
 31
0.0
  0
LINE
  5
233
330
17
100
AcDbEntity
  8
IP坐标表
100
AcDbLine
 10
413.58000000000004
 20
-183.0
 30
0.0
 11
413.58000000000004
 21
-189.0
 31
0.0
  0
LINE
  5
234
330
17
100
AcDbEntity
  8
IP坐标表
100
AcDbLine
 10
474.2000000000001
 20
-177.0
 30
0.0
 11
474.2000000000001
 21
-189.0
 31
0.0
  0
LINE
  5
235
330
17
100
AcDbEntity
  8
IP坐标表
100
AcDbLine
 10
444.50000000000006
 20
-183.0
 30
0.0
 11
444.50000000000006
 21
-189.0
 31
0.0
  0
LINE
  5
236
330
17
100
AcDbEntity
  8
IP坐标表
100
AcDbLine
 10
454.1000000000001
 20
-183.0
 30
0.0
 11
454.1000000000001
 21
-189.0
 31
0.0
  0
LINE
  5
237
330
17
100
AcDbEntity
  8
IP坐标表
100
AcDbLine
 10
464.6000000000001
 20
-183.0
 30
0.0
 11
464.6000000000001
 21
-189.0
 31
0.0
  0
LINE
  5
238
330
17
100
AcDbEntity
  8
IP坐标表
100
AcDbLine
 10
489.2000000000001
 20
-177.0
 30
0.0
 11
489.2000000000001
 21
-189.0
 31
0.0
  0
LINE
  5
239
330
17
100
AcDbEntity
  8
IP坐标表
100
AcDbLine
 10
506.7000000000001
 20
-177.0
 30
0.0
 11
506.7000000000001
 21
-189.0
 31
0.0
  0
TEXT
  5
23A
330
17
100
AcDbEntity
  8
IP坐标表
100
AcDbText
 10
324.72
 20
-183.0
 30
0.0
 40
2.5
  1
IP点
 41
0.7
 72
1
 11
324.72
 21
-183.0
 31
0.0
100
AcDbText
 73
2
  0
TEXT
  5
23B
330
17
100
AcDbEntity
  8
IP坐标表
100
AcDbText
 10
352.76
 20
-180.0
 30
0.0
 40
2.5
  1
坐标值
 41
0.7
 72
1
 11
352.76
 21
-180.0
 31
0.0
100
AcDbText
 73
2
  0
TEXT
  5
23C
330
17
100
AcDbEntity
  8
IP坐标表
100
AcDbText
 10
403.58000000000004
 20
-180.0
 30
0.0
 40
2.5
  1
桩号
 41
0.7
 72
1
 11
403.58000000000004
 21
-180.0
 31
0.0
100
AcDbText
 73
2
  0
TEXT
  5
23D
330
17
100
AcDbEntity
  8
IP坐标表
100
AcDbText
 10
453.8900000000001
 20
-180.0
 30
0.0
 40
2.5
  1
弯道参数
 41
0.7
 72
1
 11
453.8900000000001
 21
-180.0
 31
0.0
100
AcDbText
 73
2
  0
TEXT
  5
23E
330
17
100
AcDbEntity
  8
IP坐标表
100
AcDbText
 10
481.7000000000001
 20
-183.0
 30
0.0
 40
2.5
  1
底高程(m)
 41
0.7
 72
1
 11
481.7000000000001
 21
-183.0
 31
0.0
100
AcDbText
 73
2
  0
TEXT
  5
23F
330
17
100
AcDbEntity
  8
IP坐标表
100
AcDbText
 10
497.9500000000001
 20
-183.0
 30
0.0
 40
2.5
  1
设计水位(m)
 41
0.7
 72
1
 11
497.9500000000001
 21
-183.0
 31
0.0
100
AcDbText
 73
2
  0
TEXT
  5
240
330
17
100
AcDbEntity
  8
IP坐标表
100
AcDbText
 10
342.68
 20
-186.0
 30
0.0
 40
2.5
  1
E（m）
 41
0.7
 72
1
 11
342.68
 21
-186.0
 31
0.0
100
AcDbText
 73
2
  0
TEXT
  5
241
330
17
100
AcDbEntity
  8
IP坐标表
100
AcDbText
 10
363.5
 20
-186.0
 30
0.0
 40
2.5
  1
N（m）
 41
0.7
 72
1
 11
363.5
 21
-186.0
 31
0.0
100
AcDbText
 73
2
  0
TEXT
  5
242
330
17
100
AcDbEntity
  8
IP坐标表
100
AcDbText
 10
383.58000000000004
 20
-186.0
 30
0.0
 40
2.5
  1
弯前(千米+米)
 41
0.7
 72
1
 11
383.58000000000004
 21
-186.0
 31
0.0
100
AcDbText
 73
2
  0
TEXT
  5
243
330
17
100
AcDbEntity
  8
IP坐标表
100
AcDbText
 10
403.58000000000004
 20
-186.0
 30
0.0
 40
2.5
  1
里程(千米+米)
 41
0.7
 72
1
 11
403.58000000000004
 21
-186.0
 31
0.0
100
AcDbText
 73
2
  0
TEXT
  5
244
330
17
100
AcDbEntity
  8
IP坐标表
100
AcDbText
 10
423.58000000000004
 20
-186.0
 30
0.0
 40
2.5
  1
弯末(千米+米)
 41
0.7
 72
1
 11
423.58000000000004
 21
-186.0
 31
0.0
100
AcDbText
 73
2
  0
TEXT
  5
245
330
17
100
AcDbEntity
  8
IP坐标表
100
AcDbText
 10
439.0400000000001
 20
-186.0
 30
0.0
 40
2.5
  1
转角
 41
0.7
 72
1
 11
439.0400000000001
 21
-186.0
 31
0.0
100
AcDbText
 73
2
  0
TEXT
  5
246
330
17
100
AcDbEntity
  8
IP坐标表
100
AcDbText
 10
449.30000000000007
 20
-186.0
 30
0.0
 40
2.5
  1
半径
 41
0.7
 72
1
 11
449.30000000000007
 21
-186.0
 31
0.0
100
AcDbText
 73
2
  0
TEXT
  5
247
330
17
100
AcDbEntity
  8
IP坐标表
100
AcDbText
 10
459.3500000000001
 20
-186.0
 30
0.0
 40
2.5
  1
切线长
 41
0.7
 72
1
 11
459.3500000000001
 21
-186.0
 31
0.0
100
AcDbText
 73
2
  0
TEXT
  5
248
330
17
100
AcDbEntity
  8
IP坐标表
100
AcDbText
 10
469.4000000000001
 20
-186.0
 30
0.0
 40
2.5
  1
弧长
 41
0.7
 72
1
 11
469.4000000000001
 21
-186.0
 31
0.0
100
AcDbText
 73
2
  0
LINE
  5
249
330
17
100
AcDbEntity
  8
IP坐标表
100
AcDbLine
 10
317.5
 20
-189.0
 30
0.0
 11
506.7000000000001
 21
-189.0
 31
0.0
  0
LINE
  5
24A
330
17
100
AcDbEntity
  8
IP坐标表
100
AcDbLine
 10
317.5
 20
-483.0
 30
0.0
 11
506.7000000000001
 21
-483.0
 31
0.0
  0
LINE
  5
24B
330
17
100
AcDbEntity
  8
IP坐标表
100
AcDbLine
 10
317.5
 20
-195.0
 30
0.0
 11
506.7000000000001
 21
-195.0
 31
0.0
  0
LINE
  5
24C
330
17
100
AcDbEntity
  8
IP坐标表
100
AcDbLine
 10
317.5
 20
-201.0
 30
0.0
 11
506.7000000000001
 21
-201.0
 31
0.0
  0
LINE
  5
24D
330
17
100
AcDbEntity
  8
IP坐标表
100
AcDbLine
 10
317.5
 20
-207.0
 30
0.0
 11
506.7000000000001
 21
-207.0
 31
0.0
  0
LINE
  5
24E
330
17
100
AcDbEntity
  8
IP坐标表
100
AcDbLine
 10
317.5
 20
-213.0
 30
0.0
 11
506.7000000000001
 21
-213.0
 31
0.0
  0
LINE
  5
24F
330
17
100
AcDbEntity
  8
IP坐标表
100
AcDbLine
 10
317.5
 20
-219.0
 30
0.0
 11
506.7000000000001
 21
-219.0
 31
0.0
  0
LINE
  5
250
330
17
100
AcDbEntity
  8
IP坐标表
100
AcDbLine
 10
317.5
 20
-225.0
 30
0.0
 11
506.7000000000001
 21
-225.0
 31
0.0
  0
LINE
  5
251
330
17
100
AcDbEntity
  8
IP坐标表
100
AcDbLine
 10
317.5
 20
-231.0
 30
0.0
 11
506.7000000000001
 21
-231.0
 31
0.0
  0
LINE
  5
252
330
17
100
AcDbEntity
  8
IP坐标表
100
AcDbLine
 10
317.5
 20
-237.0
 30
0.0
 11
506.7000000000001
 21
-237.0
 31
0.0
  0
LINE
  5
253
330
17
100
AcDbEntity
  8
IP坐标表
100
AcDbLine
 10
317.5
 20
-243.0
 30
0.0
 11
506.7000000000001
 21
-243.0
 31
0.0
  0
LINE
  5
254
330
17
100
AcDbEntity
  8
IP坐标表
100
AcDbLine
 10
317.5
 20
-249.0
 30
0.0
 11
506.7000000000001
 21
-249.0
 31
0.0
  0
LINE
  5
255
330
17
100
AcDbEntity
  8
IP坐标表
100
AcDbLine
 10
317.5
 20
-255.0
 30
0.0
 11
506.7000000000001
 21
-255.0
 31
0.0
  0
LINE
  5
256
330
17
100
AcDbEntity
  8
IP坐标表
100
AcDbLine
 10
317.5
 20
-261.0
 30
0.0
 11
506.7000000000001
 21
-261.0
 31
0.0
  0
LINE
  5
257
330
17
100
AcDbEntity
  8
IP坐标表
100
AcDbLine
 10
317.5
 20
-267.0
 30
0.0
 11
506.7000000000001
 21
-267.0
 31
0.0
  0
LINE
  5
258
330
17
100
AcDbEntity
  8
IP坐标表
100
AcDbLine
 10
317.5
 20
-273.0
 30
0.0
 11
506.7000000000001
 21
-273.0
 31
0.0
  0
LINE
  5
259
330
17
100
AcDbEntity
  8
IP坐标表
100
AcDbLine
 10
317.5
 20
-279.0
 30
0.0
 11
506.7000000000001
 21
-279.0
 31
0.0
  0
LINE
  5
25A
330
17
100
AcDbEntity
  8
IP坐标表
100
AcDbLine
 10
317.5
 20
-285.0
 30
0.0
 11
506.7000000000001
 21
-285.0
 31
0.0
  0
LINE
  5
25B
330
17
100
AcDbEntity
  8
IP坐标表
100
AcDbLine
 10
317.5
 20
-291.0
 30
0.0
 11
506.7000000000001
 21
-291.0
 31
0.0
  0
LINE
  5
25C
330
17
100
AcDbEntity
  8
IP坐标表
100
AcDbLine
 10
317.5
 20
-297.0
 30
0.0
 11
506.7000000000001
 21
-297.0
 31
0.0
  0
LINE
  5
25D
330
17
100
AcDbEntity
  8
IP坐标表
100
AcDbLine
 10
317.5
 20
-303.0
 30
0.0
 11
506.7000000000001
 21
-303.0
 31
0.0
  0
LINE
  5
25E
330
17
100
AcDbEntity
  8
IP坐标表
100
AcDbLine
 10
317.5
 20
-309.0
 30
0.0
 11
506.7000000000001
 21
-309.0
 31
0.0
  0
LINE
  5
25F
330
17
100
AcDbEntity
  8
IP坐标表
100
AcDbLine
 10
317.5
 20
-315.0
 30
0.0
 11
506.7000000000001
 21
-315.0
 31
0.0
  0
LINE
  5
260
330
17
100
AcDbEntity
  8
IP坐标表
100
AcDbLine
 10
317.5
 20
-321.0
 30
0.0
 11
506.7000000000001
 21
-321.0
 31
0.0
  0
LINE
  5
261
330
17
100
AcDbEntity
  8
IP坐标表
100
AcDbLine
 10
317.5
 20
-327.0
 30
0.0
 11
506.7000000000001
 21
-327.0
 31
0.0
  0
LINE
  5
262
330
17
100
AcDbEntity
  8
IP坐标表
100
AcDbLine
 10
317.5
 20
-333.0
 30
0.0
 11
506.7000000000001
 21
-333.0
 31
0.0
  0
LINE
  5
263
330
17
100
AcDbEntity
  8
IP坐标表
100
AcDbLine
 10
317.5
 20
-339.0
 30
0.0
 11
506.7000000000001
 21
-339.0
 31
0.0
  0
LINE
  5
264
330
17
100
AcDbEntity
  8
IP坐标表
100
AcDbLine
 10
317.5
 20
-345.0
 30
0.0
 11
506.7000000000001
 21
-345.0
 31
0.0
  0
LINE
  5
265
330
17
100
AcDbEntity
  8
IP坐标表
100
AcDbLine
 10
317.5
 20
-351.0
 30
0.0
 11
506.7000000000001
 21
-351.0
 31
0.0
  0
LINE
  5
266
330
17
100
AcDbEntity
  8
IP坐标表
100
AcDbLine
 10
317.5
 20
-357.0
 30
0.0
 11
506.7000000000001
 21
-357.0
 31
0.0
  0
LINE
  5
267
330
17
100
AcDbEntity
  8
IP坐标表
100
AcDbLine
 10
317.5
 20
-363.0
 30
0.0
 11
506.7000000000001
 21
-363.0
 31
0.0
  0
LINE
  5
268
330
17
100
AcDbEntity
  8
IP坐标表
100
AcDbLine
 10
317.5
 20
-369.0
 30
0.0
 11
506.7000000000001
 21
-369.0
 31
0.0
  0
LINE
  5
269
330
17
100
AcDbEntity
  8
IP坐标表
100
AcDbLine
 10
317.5
 20
-375.0
 30
0.0
 11
506.7000000000001
 21
-375.0
 31
0.0
  0
LINE
  5
26A
330
17
100
AcDbEntity
  8
IP坐标表
100
AcDbLine
 10
317.5
 20
-381.0
 30
0.0
 11
506.7000000000001
 21
-381.0
 31
0.0
  0
LINE
  5
26B
330
17
100
AcDbEntity
  8
IP坐标表
100
AcDbLine
 10
317.5
 20
-387.0
 30
0.0
 11
506.7000000000001
 21
-387.0
 31
0.0
  0
LINE
  5
26C
330
17
100
AcDbEntity
  8
IP坐标表
100
AcDbLine
 10
317.5
 20
-393.0
 30
0.0
 11
506.7000000000001
 21
-393.0
 31
0.0
  0
LINE
  5
26D
330
17
100
AcDbEntity
  8
IP坐标表
100
AcDbLine
 10
317.5
 20
-399.0
 30
0.0
 11
506.7000000000001
 21
-399.0
 31
0.0
  0
LINE
  5
26E
330
17
100
AcDbEntity
  8
IP坐标表
100
AcDbLine
 10
317.5
 20
-405.0
 30
0.0
 11
506.7000000000001
 21
-405.0
 31
0.0
  0
LINE
  5
26F
330
17
100
AcDbEntity
  8
IP坐标表
100
AcDbLine
 10
317.5
 20
-411.0
 30
0.0
 11
506.7000000000001
 21
-411.0
 31
0.0
  0
LINE
  5
270
330
17
100
AcDbEntity
  8
IP坐标表
100
AcDbLine
 10
317.5
 20
-417.0
 30
0.0
 11
506.7000000000001
 21
-417.0
 31
0.0
  0
LINE
  5
271
330
17
100
AcDbEntity
  8
IP坐标表
100
AcDbLine
 10
317.5
 20
-423.0
 30
0.0
 11
506.7000000000001
 21
-423.0
 31
0.0
  0
LINE
  5
272
330
17
100
AcDbEntity
  8
IP坐标表
100
AcDbLine
 10
317.5
 20
-429.0
 30
0.0
 11
506.7000000000001
 21
-429.0
 31
0.0
  0
LINE
  5
273
330
17
100
AcDbEntity
  8
IP坐标表
100
AcDbLine
 10
317.5
 20
-435.0
 30
0.0
 11
506.7000000000001
 21
-435.0
 31
0.0
  0
LINE
  5
274
330
17
100
AcDbEntity
  8
IP坐标表
100
AcDbLine
 10
317.5
 20
-441.0
 30
0.0
 11
506.7000000000001
 21
-441.0
 31
0.0
  0
LINE
  5
275
330
17
100
AcDbEntity
  8
IP坐标表
100
AcDbLine
 10
317.5
 20
-447.0
 30
0.0
 11
506.7000000000001
 21
-447.0
 31
0.0
  0
LINE
  5
276
330
17
100
AcDbEntity
  8
IP坐标表
100
AcDbLine
 10
317.5
 20
-453.0
 30
0.0
 11
506.7000000000001
 21
-453.0
 31
0.0
  0
LINE
  5
277
330
17
100
AcDbEntity
  8
IP坐标表
100
AcDbLine
 10
317.5
 20
-459.0
 30
0.0
 11
506.7000000000001
 21
-459.0
 31
0.0
  0
LINE
  5
278
330
17
100
AcDbEntity
  8
IP坐标表
100
AcDbLine
 10
317.5
 20
-465.0
 30
0.0
 11
506.7000000000001
 21
-465.0
 31
0.0
  0
LINE
  5
279
330
17
100
AcDbEntity
  8
IP坐标表
100
AcDbLine
 10
317.5
 20
-471.0
 30
0.0
 11
506.7000000000001
 21
-471.0
 31
0.0
  0
LINE
  5
27A
330
17
100
AcDbEntity
  8
IP坐标表
100
AcDbLine
 10
317.5
 20
-477.0
 30
0.0
 11
506.7000000000001
 21
-477.0
 31
0.0
  0
LINE
  5
27B
330
17
100
AcDbEntity
  8
IP坐标表
100
AcDbLine
 10
317.5
 20
-189.0
 30
0.0
 11
317.5
 21
-483.0
 31
0.0
  0
LINE
  5
27C
330
17
100
AcDbEntity
  8
IP坐标表
100
AcDbLine
 10
331.94
 20
-189.0
 30
0.0
 11
331.94
 21
-483.0
 31
0.0
  0
LINE
  5
27D
330
17
100
AcDbEntity
  8
IP坐标表
100
AcDbLine
 10
353.42
 20
-189.0
 30
0.0
 11
353.42
 21
-483.0
 31
0.0
  0
LINE
  5
27E
330
17
100
AcDbEntity
  8
IP坐标表
100
AcDbLine
 10
373.58000000000004
 20
-189.0
 30
0.0
 11
373.58000000000004
 21
-483.0
 31
0.0
  0
LINE
  5
27F
330
17
100
AcDbEntity
  8
IP坐标表
100
AcDbLine
 10
393.58000000000004
 20
-189.0
 30
0.0
 11
393.58000000000004
 21
-483.0
 31
0.0
  0
LINE
  5
280
330
17
100
AcDbEntity
  8
IP坐标表
100
AcDbLine
 10
413.58000000000004
 20
-189.0
 30
0.0
 11
413.58000000000004
 21
-483.0
 31
0.0
  0
LINE
  5
281
330
17
100
AcDbEntity
  8
IP坐标表
100
AcDbLine
 10
433.58000000000004
 20
-189.0
 30
0.0
 11
433.58000000000004
 21
-483.0
 31
0.0
  0
LINE
  5
282
330
17
100
AcDbEntity
  8
IP坐标表
100
AcDbLine
 10
444.50000000000006
 20
-189.0
 30
0.0
 11
444.50000000000006
 21
-483.0
 31
0.0
  0
LINE
  5
283
330
17
100
AcDbEntity
  8
IP坐标表
100
AcDbLine
 10
454.1000000000001
 20
-189.0
 30
0.0
 11
454.1000000000001
 21
-483.0
 31
0.0
  0
LINE
  5
284
330
17
100
AcDbEntity
  8
IP坐标表
100
AcDbLine
 10
464.6000000000001
 20
-189.0
 30
0.0
 11
464.6000000000001
 21
-483.0
 31
0.0
  0
LINE
  5
285
330
17
100
AcDbEntity
  8
IP坐标表
100
AcDbLine
 10
474.2000000000001
 20
-189.0
 30
0.0
 11
474.2000000000001
 21
-483.0
 31
0.0
  0
LINE
  5
286
330
17
100
AcDbEntity
  8
IP坐标表
100
AcDbLine
 10
489.2000000000001
 20
-189.0
 30
0.0
 11
489.2000000000001
 21
-483.0
 31
0.0
  0
LINE
  5
287
330
17
100
AcDbEntity
  8
IP坐标表
100
AcDbLine
 10
506.7000000000001
 20
-189.0
 30
0.0
 11
506.7000000000001
 21
-483.0
 31
0.0
  0
TEXT
  5
288
330
17
100
AcDbEntity
  8
IP坐标表
100
AcDbText
 10
324.72
 20
-192.0
 30
0.0
 40
2.2
  1
蒲支IP0
 41
0.7
 72
1
 11
324.72
 21
-192.0
 31
0.0
100
AcDbText
 73
2
  0
TEXT
  5
289
330
17
100
AcDbEntity
  8
IP坐标表
100
AcDbText
 10
342.68
 20
-192.0
 30
0.0
 40
2.2
  1
3452187.790000
 41
0.7
 72
1
 11
342.68
 21
-192.0
 31
0.0
100
AcDbText
 73
2
  0
TEXT
  5
28A
330
17
100
AcDbEntity
  8
IP坐标表
100
AcDbText
 10
363.5
 20
-192.0
 30
0.0
 40
2.2
  1
625841.990000
 41
0.7
 72
1
 11
363.5
 21
-192.0
 31
0.0
100
AcDbText
 73
2
  0
TEXT
  5
28B
330
17
100
AcDbEntity
  8
IP坐标表
100
AcDbText
 10
383.58000000000004
 20
-192.0
 30
0.0
 40
2.2
  1
蒲支0+000.00
 41
0.7
 72
1
 11
383.58000000000004
 21
-192.0
 31
0.0
100
AcDbText
 73
2
  0
TEXT
  5
28C
330
17
100
AcDbEntity
  8
IP坐标表
100
AcDbText
 10
403.58000000000004
 20
-192.0
 30
0.0
 40
2.2
  1
蒲支0+000.00
 41
0.7
 72
1
 11
403.58000000000004
 21
-192.0
 31
0.0
100
AcDbText
 73
2
  0
TEXT
  5
28D
330
17
100
AcDbEntity
  8
IP坐标表
100
AcDbText
 10
423.58000000000004
 20
-192.0
 30
0.0
 40
2.2
  1
蒲支0+000.00
 41
0.7
 72
1
 11
423.58000000000004
 21
-192.0
 31
0.0
100
AcDbText
 73
2
  0
TEXT
  5
28E
330
17
100
AcDbEntity
  8
IP坐标表
100
AcDbText
 10
439.0400000000001
 20
-192.0
 30
0.0
 40
2.2
  1
0.000
 41
0.7
 72
1
 11
439.0400000000001
 21
-192.0
 31
0.0
100
AcDbText
 73
2
  0
TEXT
  5
28F
330
17
100
AcDbEntity
  8
IP坐标表
100
AcDbText
 10
449.30000000000007
 20
-192.0
 30
0.0
 40
2.2
  1
0.000
 41
0.7
 72
1
 11
449.30000000000007
 21
-192.0
 31
0.0
100
AcDbText
 73
2
  0
TEXT
  5
290
330
17
100
AcDbEntity
  8
IP坐标表
100
AcDbText
 10
459.3500000000001
 20
-192.0
 30
0.0
 40
2.2
  1
0.000
 41
0.7
 72
1
 11
459.3500000000001
 21
-192.0
 31
0.0
100
AcDbText
 73
2
  0
TEXT
  5
291
330
17
100
AcDbEntity
  8
IP坐标表
100
AcDbText
 10
469.4000000000001
 20
-192.0
 30
0.0
 40
2.2
  1
0.000
 41
0.7
 72
1
 11
469.4000000000001
 21
-192.0
 31
0.0
100
AcDbText
 73
2
  0
TEXT
  5
292
330
17
100
AcDbEntity
  8
IP坐标表
100
AcDbText
 10
481.7000000000001
 20
-192.0
 30
0.0
 40
2.2
  1
-
 41
0.7
 72
1
 11
481.7000000000001
 21
-192.0
 31
0.0
100
AcDbText
 73
2
  0
TEXT
  5
293
330
17
100
AcDbEntity
  8
IP坐标表
100
AcDbText
 10
497.9500000000001
 20
-192.0
 30
0.0
 40
2.2
  1
353.960
 41
0.7
 72
1
 11
497.9500000000001
 21
-192.0
 31
0.0
100
AcDbText
 73
2
  0
TEXT
  5
294
330
17
100
AcDbEntity
  8
IP坐标表
100
AcDbText
 10
324.72
 20
-198.0
 30
0.0
 40
2.2
  1
蒲支IP1
 41
0.7
 72
1
 11
324.72
 21
-198.0
 31
0.0
100
AcDbText
 73
2
  0
TEXT
  5
295
330
17
100
AcDbEntity
  8
IP坐标表
100
AcDbText
 10
342.68
 20
-198.0
 30
0.0
 40
2.2
  1
3452164.330000
 41
0.7
 72
1
 11
342.68
 21
-198.0
 31
0.0
100
AcDbText
 73
2
  0
TEXT
  5
296
330
17
100
AcDbEntity
  8
IP坐标表
100
AcDbText
 10
363.5
 20
-198.0
 30
0.0
 40
2.2
  1
625823.910000
 41
0.7
 72
1
 11
363.5
 21
-198.0
 31
0.0
100
AcDbText
 73
2
  0
TEXT
  5
297
330
17
100
AcDbEntity
  8
IP坐标表
100
AcDbText
 10
383.58000000000004
 20
-198.0
 30
0.0
 40
2.2
  1
蒲支0+029.62
 41
0.7
 72
1
 11
383.58000000000004
 21
-198.0
 31
0.0
100
AcDbText
 73
2
  0
TEXT
  5
298
330
17
100
AcDbEntity
  8
IP坐标表
100
AcDbText
 10
403.58000000000004
 20
-198.0
 30
0.0
 40
2.2
  1
蒲支0+029.62
 41
0.7
 72
1
 11
403.58000000000004
 21
-198.0
 31
0.0
100
AcDbText
 73
2
  0
TEXT
  5
299
330
17
100
AcDbEntity
  8
IP坐标表
100
AcDbText
 10
423.58000000000004
 20
-198.0
 30
0.0
 40
2.2
  1
蒲支0+029.62
 41
0.7
 72
1
 11
423.58000000000004
 21
-198.0
 31
0.0
100
AcDbText
 73
2
  0
TEXT
  5
29A
330
17
100
AcDbEntity
  8
IP坐标表
100
AcDbText
 10
439.0400000000001
 20
-198.0
 30
0.0
 40
2.2
  1
0.013
 41
0.7
 72
1
 11
439.0400000000001
 21
-198.0
 31
0.0
100
AcDbText
 73
2
  0
TEXT
  5
29B
330
17
100
AcDbEntity
  8
IP坐标表
100
AcDbText
 10
449.30000000000007
 20
-198.0
 30
0.0
 40
2.2
  1
0.000
 41
0.7
 72
1
 11
449.30000000000007
 21
-198.0
 31
0.0
100
AcDbText
 73
2
  0
TEXT
  5
29C
330
17
100
AcDbEntity
  8
IP坐标表
100
AcDbText
 10
459.3500000000001
 20
-198.0
 30
0.0
 40
2.2
  1
0.000
 41
0.7
 72
1
 11
459.3500000000001
 21
-198.0
 31
0.0
100
AcDbText
 73
2
  0
TEXT
  5
29D
330
17
100
AcDbEntity
  8
IP坐标表
100
AcDbText
 10
469.4000000000001
 20
-198.0
 30
0.0
 40
2.2
  1
0.000
 41
0.7
 72
1
 11
469.4000000000001
 21
-198.0
 31
0.0
100
AcDbText
 73
2
  0
TEXT
  5
29E
330
17
100
AcDbEntity
  8
IP坐标表
100
AcDbText
 10
481.7000000000001
 20
-198.0
 30
0.0
 40
2.2
  1
-
 41
0.7
 72
1
 11
481.7000000000001
 21
-198.0
 31
0.0
100
AcDbText
 73
2
  0
TEXT
  5
29F
330
17
100
AcDbEntity
  8
IP坐标表
100
AcDbText
 10
497.9500000000001
 20
-198.0
 30
0.0
 40
2.2
  1
353.922
 41
0.7
 72
1
 11
497.9500000000001
 21
-198.0
 31
0.0
100
AcDbText
 73
2
  0
TEXT
  5
2A0
330
17
100
AcDbEntity
  8
IP坐标表
100
AcDbText
 10
324.72
 20
-204.0
 30
0.0
 40
2.2
  1
蒲支IP2
 41
0.7
 72
1
 11
324.72
 21
-204.0
 31
0.0
100
AcDbText
 73
2
  0
TEXT
  5
2A1
330
17
100
AcDbEntity
  8
IP坐标表
100
AcDbText
 10
342.68
 20
-204.0
 30
0.0
 40
2.2
  1
3452147.350000
 41
0.7
 72
1
 11
342.68
 21
-204.0
 31
0.0
100
AcDbText
 73
2
  0
TEXT
  5
2A2
330
17
100
AcDbEntity
  8
IP坐标表
100
AcDbText
 10
363.5
 20
-204.0
 30
0.0
 40
2.2
  1
625810.830000
 41
0.7
 72
1
 11
363.5
 21
-204.0
 31
0.0
100
AcDbText
 73
2
  0
TEXT
  5
2A3
330
17
100
AcDbEntity
  8
IP坐标表
100
AcDbText
 10
383.58000000000004
 20
-204.0
 30
0.0
 40
2.2
  1
蒲支0+051.05
 41
0.7
 72
1
 11
383.58000000000004
 21
-204.0
 31
0.0
100
AcDbText
 73
2
  0
TEXT
  5
2A4
330
17
100
AcDbEntity
  8
IP坐标表
100
AcDbText
 10
403.58000000000004
 20
-204.0
 30
0.0
 40
2.2
  1
蒲支0+051.05
 41
0.7
 72
1
 11
403.58000000000004
 21
-204.0
 31
0.0
100
AcDbText
 73
2
  0
TEXT
  5
2A5
330
17
100
AcDbEntity
  8
IP坐标表
100
AcDbText
 10
423.58000000000004
 20
-204.0
 30
0.0
 40
2.2
  1
蒲支0+051.05
 41
0.7
 72
1
 11
423.58000000000004
 21
-204.0
 31
0.0
100
AcDbText
 73
2
  0
TEXT
  5
2A6
330
17
100
AcDbEntity
  8
IP坐标表
100
AcDbText
 10
439.0400000000001
 20
-204.0
 30
0.0
 40
2.2
  1
0.007
 41
0.7
 72
1
 11
439.0400000000001
 21
-204.0
 31
0.0
100
AcDbText
 73
2
  0
TEXT
  5
2A7
330
17
100
AcDbEntity
  8
IP坐标表
100
AcDbText
 10
449.30000000000007
 20
-204.0
 30
0.0
 40
2.2
  1
0.000
 41
0.7
 72
1
 11
449.30000000000007
 21
-204.0
 31
0.0
100
AcDbText
 73
2
  0
TEXT
  5
2A8
330
17
100
AcDbEntity
  8
IP坐标表
100
AcDbText
 10
459.3500000000001
 20
-204.0
 30
0.0
 40
2.2
  1
0.000
 41
0.7
 72
1
 11
459.3500000000001
 21
-204.0
 31
0.0
100
AcDbText
 73
2
  0
TEXT
  5
2A9
330
17
100
AcDbEntity
  8
IP坐标表
100
AcDbText
 10
469.4000000000001
 20
-204.0
 30
0.0
 40
2.2
  1
0.000
 41
0.7
 72
1
 11
469.4000000000001
 21
-204.0
 31
0.0
100
AcDbText
 73
2
  0
TEXT
  5
2AA
330
17
100
AcDbEntity
  8
IP坐标表
100
AcDbText
 10
481.7000000000001
 20
-204.0
 30
0.0
 40
2.2
  1
-
 41
0.7
 72
1
 11
481.7000000000001
 21
-204.0
 31
0.0
100
AcDbText
 73
2
  0
TEXT
  5
2AB
330
17
100
AcDbEntity
  8
IP坐标表
100
AcDbText
 10
497.9500000000001
 20
-204.0
 30
0.0
 40
2.2
  1
353.894
 41
0.7
 72
1
 11
497.9500000000001
 21
-204.0
 31
0.0
100
AcDbText
 73
2
  0
TEXT
  5
2AC
330
17
100
AcDbEntity
  8
IP坐标表
100
AcDbText
 10
324.72
 20
-210.0
 30
0.0
 40
2.2
  1
蒲支IP3
 41
0.7
 72
1
 11
324.72
 21
-210.0
 31
0.0
100
AcDbText
 73
2
  0
TEXT
  5
2AD
330
17
100
AcDbEntity
  8
IP坐标表
100
AcDbText
 10
342.68
 20
-210.0
 30
0.0
 40
2.2
  1
3452119.460000
 41
0.7
 72
1
 11
342.68
 21
-210.0
 31
0.0
100
AcDbText
 73
2
  0
TEXT
  5
2AE
330
17
100
AcDbEntity
  8
IP坐标表
100
AcDbText
 10
363.5
 20
-210.0
 30
0.0
 40
2.2
  1
625789.340000
 41
0.7
 72
1
 11
363.5
 21
-210.0
 31
0.0
100
AcDbText
 73
2
  0
TEXT
  5
2AF
330
17
100
AcDbEntity
  8
IP坐标表
100
AcDbText
 10
383.58000000000004
 20
-210.0
 30
0.0
 40
2.2
  1
蒲支0+086.26
 41
0.7
 72
1
 11
383.58000000000004
 21
-210.0
 31
0.0
100
AcDbText
 73
2
  0
TEXT
  5
2B0
330
17
100
AcDbEntity
  8
IP坐标表
100
AcDbText
 10
403.58000000000004
 20
-210.0
 30
0.0
 40
2.2
  1
蒲支0+086.26
 41
0.7
 72
1
 11
403.58000000000004
 21
-210.0
 31
0.0
100
AcDbText
 73
2
  0
TEXT
  5
2B1
330
17
100
AcDbEntity
  8
IP坐标表
100
AcDbText
 10
423.58000000000004
 20
-210.0
 30
0.0
 40
2.2
  1
蒲支0+086.26
 41
0.7
 72
1
 11
423.58000000000004
 21
-210.0
 31
0.0
100
AcDbText
 73
2
  0
TEXT
  5
2B2
330
17
100
AcDbEntity
  8
IP坐标表
100
AcDbText
 10
439.0400000000001
 20
-210.0
 30
0.0
 40
2.2
  1
25.930
 41
0.7
 72
1
 11
439.0400000000001
 21
-210.0
 31
0.0
100
AcDbText
 73
2
  0
TEXT
  5
2B3
330
17
100
AcDbEntity
  8
IP坐标表
100
AcDbText
 10
449.30000000000007
 20
-210.0
 30
0.0
 40
2.2
  1
0.000
 41
0.7
 72
1
 11
449.30000000000007
 21
-210.0
 31
0.0
100
AcDbText
 73
2
  0
TEXT
  5
2B4
330
17
100
AcDbEntity
  8
IP坐标表
100
AcDbText
 10
459.3500000000001
 20
-210.0
 30
0.0
 40
2.2
  1
0.000
 41
0.7
 72
1
 11
459.3500000000001
 21
-210.0
 31
0.0
100
AcDbText
 73
2
  0
TEXT
  5
2B5
330
17
100
AcDbEntity
  8
IP坐标表
100
AcDbText
 10
469.4000000000001
 20
-210.0
 30
0.0
 40
2.2
  1
0.000
 41
0.7
 72
1
 11
469.4000000000001
 21
-210.0
 31
0.0
100
AcDbText
 73
2
  0
TEXT
  5
2B6
330
17
100
AcDbEntity
  8
IP坐标表
100
AcDbText
 10
481.7000000000001
 20
-210.0
 30
0.0
 40
2.2
  1
-
 41
0.7
 72
1
 11
481.7000000000001
 21
-210.0
 31
0.0
100
AcDbText
 73
2
  0
TEXT
  5
2B7
330
17
100
AcDbEntity
  8
IP坐标表
100
AcDbText
 10
497.9500000000001
 20
-210.0
 30
0.0
 40
2.2
  1
353.846
 41
0.7
 72
1
 11
497.9500000000001
 21
-210.0
 31
0.0
100
AcDbText
 73
2
  0
TEXT
  5
2B8
330
17
100
AcDbEntity
  8
IP坐标表
100
AcDbText
 10
324.72
 20
-216.0
 30
0.0
 40
2.2
  1
蒲支IP4
 41
0.7
 72
1
 11
324.72
 21
-216.0
 31
0.0
100
AcDbText
 73
2
  0
TEXT
  5
2B9
330
17
100
AcDbEntity
  8
IP坐标表
100
AcDbText
 10
342.68
 20
-216.0
 30
0.0
 40
2.2
  1
3452094.500000
 41
0.7
 72
1
 11
342.68
 21
-216.0
 31
0.0
100
AcDbText
 73
2
  0
TEXT
  5
2BA
330
17
100
AcDbEntity
  8
IP坐标表
100
AcDbText
 10
363.5
 20
-216.0
 30
0.0
 40
2.2
  1
625739.180000
 41
0.7
 72
1
 11
363.5
 21
-216.0
 31
0.0
100
AcDbText
 73
2
  0
TEXT
  5
2BB
330
17
100
AcDbEntity
  8
IP坐标表
100
AcDbText
 10
383.58000000000004
 20
-216.0
 30
0.0
 40
2.2
  1
蒲支0+142.29
 41
0.7
 72
1
 11
383.58000000000004
 21
-216.0
 31
0.0
100
AcDbText
 73
2
  0
TEXT
  5
2BC
330
17
100
AcDbEntity
  8
IP坐标表
100
AcDbText
 10
403.58000000000004
 20
-216.0
 30
0.0
 40
2.2
  1
蒲支0+142.29
 41
0.7
 72
1
 11
403.58000000000004
 21
-216.0
 31
0.0
100
AcDbText
 73
2
  0
TEXT
  5
2BD
330
17
100
AcDbEntity
  8
IP坐标表
100
AcDbText
 10
423.58000000000004
 20
-216.0
 30
0.0
 40
2.2
  1
蒲支0+142.29
 41
0.7
 72
1
 11
423.58000000000004
 21
-216.0
 31
0.0
100
AcDbText
 73
2
  0
TEXT
  5
2BE
330
17
100
AcDbEntity
  8
IP坐标表
100
AcDbText
 10
439.0400000000001
 20
-216.0
 30
0.0
 40
2.2
  1
13.265
 41
0.7
 72
1
 11
439.0400000000001
 21
-216.0
 31
0.0
100
AcDbText
 73
2
  0
TEXT
  5
2BF
330
17
100
AcDbEntity
  8
IP坐标表
100
AcDbText
 10
449.30000000000007
 20
-216.0
 30
0.0
 40
2.2
  1
0.000
 41
0.7
 72
1
 11
449.30000000000007
 21
-216.0
 31
0.0
100
AcDbText
 73
2
  0
TEXT
  5
2C0
330
17
100
AcDbEntity
  8
IP坐标表
100
AcDbText
 10
459.3500000000001
 20
-216.0
 30
0.0
 40
2.2
  1
0.000
 41
0.7
 72
1
 11
459.3500000000001
 21
-216.0
 31
0.0
100
AcDbText
 73
2
  0
TEXT
  5
2C1
330
17
100
AcDbEntity
  8
IP坐标表
100
AcDbText
 10
469.4000000000001
 20
-216.0
 30
0.0
 40
2.2
  1
0.000
 41
0.7
 72
1
 11
469.4000000000001
 21
-216.0
 31
0.0
100
AcDbText
 73
2
  0
TEXT
  5
2C2
330
17
100
AcDbEntity
  8
IP坐标表
100
AcDbText
 10
481.7000000000001
 20
-216.0
 30
0.0
 40
2.2
  1
-
 41
0.7
 72
1
 11
481.7000000000001
 21
-216.0
 31
0.0
100
AcDbText
 73
2
  0
TEXT
  5
2C3
330
17
100
AcDbEntity
  8
IP坐标表
100
AcDbText
 10
497.9500000000001
 20
-216.0
 30
0.0
 40
2.2
  1
353.773
 41
0.7
 72
1
 11
497.9500000000001
 21
-216.0
 31
0.0
100
AcDbText
 73
2
  0
TEXT
  5
2C4
330
17
100
AcDbEntity
  8
IP坐标表
100
AcDbText
 10
324.72
 20
-222.0
 30
0.0
 40
2.2
  1
蒲支IP5
 41
0.7
 72
1
 11
324.72
 21
-222.0
 31
0.0
100
AcDbText
 73
2
  0
TEXT
  5
2C5
330
17
100
AcDbEntity
  8
IP坐标表
100
AcDbText
 10
342.68
 20
-222.0
 30
0.0
 40
2.2
  1
3452069.800000
 41
0.7
 72
1
 11
342.68
 21
-222.0
 31
0.0
100
AcDbText
 73
2
  0
TEXT
  5
2C6
330
17
100
AcDbEntity
  8
IP坐标表
100
AcDbText
 10
363.5
 20
-222.0
 30
0.0
 40
2.2
  1
625709.450000
 41
0.7
 72
1
 11
363.5
 21
-222.0
 31
0.0
100
AcDbText
 73
2
  0
TEXT
  5
2C7
330
17
100
AcDbEntity
  8
IP坐标表
100
AcDbText
 10
383.58000000000004
 20
-222.0
 30
0.0
 40
2.2
  1
蒲支0+180.94
 41
0.7
 72
1
 11
383.58000000000004
 21
-222.0
 31
0.0
100
AcDbText
 73
2
  0
TEXT
  5
2C8
330
17
100
AcDbEntity
  8
IP坐标表
100
AcDbText
 10
403.58000000000004
 20
-222.0
 30
0.0
 40
2.2
  1
蒲支0+180.94
 41
0.7
 72
1
 11
403.58000000000004
 21
-222.0
 31
0.0
100
AcDbText
 73
2
  0
TEXT
  5
2C9
330
17
100
AcDbEntity
  8
IP坐标表
100
AcDbText
 10
423.58000000000004
 20
-222.0
 30
0.0
 40
2.2
  1
蒲支0+180.94
 41
0.7
 72
1
 11
423.58000000000004
 21
-222.0
 31
0.0
100
AcDbText
 73
2
  0
TEXT
  5
2CA
330
17
100
AcDbEntity
  8
IP坐标表
100
AcDbText
 10
439.0400000000001
 20
-222.0
 30
0.0
 40
2.2
  1
0.021
 41
0.7
 72
1
 11
439.0400000000001
 21
-222.0
 31
0.0
100
AcDbText
 73
2
  0
TEXT
  5
2CB
330
17
100
AcDbEntity
  8
IP坐标表
100
AcDbText
 10
449.30000000000007
 20
-222.0
 30
0.0
 40
2.2
  1
0.000
 41
0.7
 72
1
 11
449.30000000000007
 21
-222.0
 31
0.0
100
AcDbText
 73
2
  0
TEXT
  5
2CC
330
17
100
AcDbEntity
  8
IP坐标表
100
AcDbText
 10
459.3500000000001
 20
-222.0
 30
0.0
 40
2.2
  1
0.000
 41
0.7
 72
1
 11
459.3500000000001
 21
-222.0
 31
0.0
100
AcDbText
 73
2
  0
TEXT
  5
2CD
330
17
100
AcDbEntity
  8
IP坐标表
100
AcDbText
 10
469.4000000000001
 20
-222.0
 30
0.0
 40
2.2
  1
0.000
 41
0.7
 72
1
 11
469.4000000000001
 21
-222.0
 31
0.0
100
AcDbText
 73
2
  0
TEXT
  5
2CE
330
17
100
AcDbEntity
  8
IP坐标表
100
AcDbText
 10
481.7000000000001
 20
-222.0
 30
0.0
 40
2.2
  1
-
 41
0.7
 72
1
 11
481.7000000000001
 21
-222.0
 31
0.0
100
AcDbText
 73
2
  0
TEXT
  5
2CF
330
17
100
AcDbEntity
  8
IP坐标表
100
AcDbText
 10
497.9500000000001
 20
-222.0
 30
0.0
 40
2.2
  1
353.723
 41
0.7
 72
1
 11
497.9500000000001
 21
-222.0
 31
0.0
100
AcDbText
 73
2
  0
TEXT
  5
2D0
330
17
100
AcDbEntity
  8
IP坐标表
100
AcDbText
 10
324.72
 20
-228.0
 30
0.0
 40
2.2
  1
蒲支IP6
 41
0.7
 72
1
 11
324.72
 21
-228.0
 31
0.0
100
AcDbText
 73
2
  0
TEXT
  5
2D1
330
17
100
AcDbEntity
  8
IP坐标表
100
AcDbText
 10
342.68
 20
-228.0
 30
0.0
 40
2.2
  1
3452061.020000
 41
0.7
 72
1
 11
342.68
 21
-228.0
 31
0.0
100
AcDbText
 73
2
  0
TEXT
  5
2D2
330
17
100
AcDbEntity
  8
IP坐标表
100
AcDbText
 10
363.5
 20
-228.0
 30
0.0
 40
2.2
  1
625698.890000
 41
0.7
 72
1
 11
363.5
 21
-228.0
 31
0.0
100
AcDbText
 73
2
  0
TEXT
  5
2D3
330
17
100
AcDbEntity
  8
IP坐标表
100
AcDbText
 10
383.58000000000004
 20
-228.0
 30
0.0
 40
2.2
  1
蒲支0+194.67
 41
0.7
 72
1
 11
383.58000000000004
 21
-228.0
 31
0.0
100
AcDbText
 73
2
  0
TEXT
  5
2D4
330
17
100
AcDbEntity
  8
IP坐标表
100
AcDbText
 10
403.58000000000004
 20
-228.0
 30
0.0
 40
2.2
  1
蒲支0+194.67
 41
0.7
 72
1
 11
403.58000000000004
 21
-228.0
 31
0.0
100
AcDbText
 73
2
  0
TEXT
  5
2D5
330
17
100
AcDbEntity
  8
IP坐标表
100
AcDbText
 10
423.58000000000004
 20
-228.0
 30
0.0
 40
2.2
  1
蒲支0+194.67
 41
0.7
 72
1
 11
423.58000000000004
 21
-228.0
 31
0.0
100
AcDbText
 73
2
  0
TEXT
  5
2D6
330
17
100
AcDbEntity
  8
IP坐标表
100
AcDbText
 10
439.0400000000001
 20
-228.0
 30
0.0
 40
2.2
  1
0.010
 41
0.7
 72
1
 11
439.0400000000001
 21
-228.0
 31
0.0
100
AcDbText
 73
2
  0
TEXT
  5
2D7
330
17
100
AcDbEntity
  8
IP坐标表
100
AcDbText
 10
449.30000000000007
 20
-228.0
 30
0.0
 40
2.2
  1
0.000
 41
0.7
 72
1
 11
449.30000000000007
 21
-228.0
 31
0.0
100
AcDbText
 73
2
  0
TEXT
  5
2D8
330
17
100
AcDbEntity
  8
IP坐标表
100
AcDbText
 10
459.3500000000001
 20
-228.0
 30
0.0
 40
2.2
  1
0.000
 41
0.7
 72
1
 11
459.3500000000001
 21
-228.0
 31
0.0
100
AcDbText
 73
2
  0
TEXT
  5
2D9
330
17
100
AcDbEntity
  8
IP坐标表
100
AcDbText
 10
469.4000000000001
 20
-228.0
 30
0.0
 40
2.2
  1
0.000
 41
0.7
 72
1
 11
469.4000000000001
 21
-228.0
 31
0.0
100
AcDbText
 73
2
  0
TEXT
  5
2DA
330
17
100
AcDbEntity
  8
IP坐标表
100
AcDbText
 10
481.7000000000001
 20
-228.0
 30
0.0
 40
2.2
  1
-
 41
0.7
 72
1
 11
481.7000000000001
 21
-228.0
 31
0.0
100
AcDbText
 73
2
  0
TEXT
  5
2DB
330
17
100
AcDbEntity
  8
IP坐标表
100
AcDbText
 10
497.9500000000001
 20
-228.0
 30
0.0
 40
2.2
  1
353.705
 41
0.7
 72
1
 11
497.9500000000001
 21
-228.0
 31
0.0
100
AcDbText
 73
2
  0
TEXT
  5
2DC
330
17
100
AcDbEntity
  8
IP坐标表
100
AcDbText
 10
324.72
 20
-234.0
 30
0.0
 40
2.2
  1
蒲支IP7
 41
0.7
 72
1
 11
324.72
 21
-234.0
 31
0.0
100
AcDbText
 73
2
  0
TEXT
  5
2DD
330
17
100
AcDbEntity
  8
IP坐标表
100
AcDbText
 10
342.68
 20
-234.0
 30
0.0
 40
2.2
  1
3451987.530000
 41
0.7
 72
1
 11
342.68
 21
-234.0
 31
0.0
100
AcDbText
 73
2
  0
TEXT
  5
2DE
330
17
100
AcDbEntity
  8
IP坐标表
100
AcDbText
 10
363.5
 20
-234.0
 30
0.0
 40
2.2
  1
625610.470000
 41
0.7
 72
1
 11
363.5
 21
-234.0
 31
0.0
100
AcDbText
 73
2
  0
TEXT
  5
2DF
330
17
100
AcDbEntity
  8
IP坐标表
100
AcDbText
 10
383.58000000000004
 20
-234.0
 30
0.0
 40
2.2
  1
蒲支0+309.65
 41
0.7
 72
1
 11
383.58000000000004
 21
-234.0
 31
0.0
100
AcDbText
 73
2
  0
TEXT
  5
2E0
330
17
100
AcDbEntity
  8
IP坐标表
100
AcDbText
 10
403.58000000000004
 20
-234.0
 30
0.0
 40
2.2
  1
蒲支0+309.65
 41
0.7
 72
1
 11
403.58000000000004
 21
-234.0
 31
0.0
100
AcDbText
 73
2
  0
TEXT
  5
2E1
330
17
100
AcDbEntity
  8
IP坐标表
100
AcDbText
 10
423.58000000000004
 20
-234.0
 30
0.0
 40
2.2
  1
蒲支0+309.65
 41
0.7
 72
1
 11
423.58000000000004
 21
-234.0
 31
0.0
100
AcDbText
 73
2
  0
TEXT
  5
2E2
330
17
100
AcDbEntity
  8
IP坐标表
100
AcDbText
 10
439.0400000000001
 20
-234.0
 30
0.0
 40
2.2
  1
35.047
 41
0.7
 72
1
 11
439.0400000000001
 21
-234.0
 31
0.0
100
AcDbText
 73
2
  0
TEXT
  5
2E3
330
17
100
AcDbEntity
  8
IP坐标表
100
AcDbText
 10
449.30000000000007
 20
-234.0
 30
0.0
 40
2.2
  1
0.000
 41
0.7
 72
1
 11
449.30000000000007
 21
-234.0
 31
0.0
100
AcDbText
 73
2
  0
TEXT
  5
2E4
330
17
100
AcDbEntity
  8
IP坐标表
100
AcDbText
 10
459.3500000000001
 20
-234.0
 30
0.0
 40
2.2
  1
0.000
 41
0.7
 72
1
 11
459.3500000000001
 21
-234.0
 31
0.0
100
AcDbText
 73
2
  0
TEXT
  5
2E5
330
17
100
AcDbEntity
  8
IP坐标表
100
AcDbText
 10
469.4000000000001
 20
-234.0
 30
0.0
 40
2.2
  1
0.000
 41
0.7
 72
1
 11
469.4000000000001
 21
-234.0
 31
0.0
100
AcDbText
 73
2
  0
TEXT
  5
2E6
330
17
100
AcDbEntity
  8
IP坐标表
100
AcDbText
 10
481.7000000000001
 20
-234.0
 30
0.0
 40
2.2
  1
-
 41
0.7
 72
1
 11
481.7000000000001
 21
-234.0
 31
0.0
100
AcDbText
 73
2
  0
TEXT
  5
2E7
330
17
100
AcDbEntity
  8
IP坐标表
100
AcDbText
 10
497.9500000000001
 20
-234.0
 30
0.0
 40
2.2
  1
353.554
 41
0.7
 72
1
 11
497.9500000000001
 21
-234.0
 31
0.0
100
AcDbText
 73
2
  0
TEXT
  5
2E8
330
17
100
AcDbEntity
  8
IP坐标表
100
AcDbText
 10
324.72
 20
-240.0
 30
0.0
 40
2.2
  1
蒲支IP8
 41
0.7
 72
1
 11
324.72
 21
-240.0
 31
0.0
100
AcDbText
 73
2
  0
TEXT
  5
2E9
330
17
100
AcDbEntity
  8
IP坐标表
100
AcDbText
 10
342.68
 20
-240.0
 30
0.0
 40
2.2
  1
3451986.110000
 41
0.7
 72
1
 11
342.68
 21
-240.0
 31
0.0
100
AcDbText
 73
2
  0
TEXT
  5
2EA
330
17
100
AcDbEntity
  8
IP坐标表
100
AcDbText
 10
363.5
 20
-240.0
 30
0.0
 40
2.2
  1
625593.140000
 41
0.7
 72
1
 11
363.5
 21
-240.0
 31
0.0
100
AcDbText
 73
2
  0
TEXT
  5
2EB
330
17
100
AcDbEntity
  8
IP坐标表
100
AcDbText
 10
383.58000000000004
 20
-240.0
 30
0.0
 40
2.2
  1
蒲支0+327.04
 41
0.7
 72
1
 11
383.58000000000004
 21
-240.0
 31
0.0
100
AcDbText
 73
2
  0
TEXT
  5
2EC
330
17
100
AcDbEntity
  8
IP坐标表
100
AcDbText
 10
403.58000000000004
 20
-240.0
 30
0.0
 40
2.2
  1
蒲支0+327.04
 41
0.7
 72
1
 11
403.58000000000004
 21
-240.0
 31
0.0
100
AcDbText
 73
2
  0
TEXT
  5
2ED
330
17
100
AcDbEntity
  8
IP坐标表
100
AcDbText
 10
423.58000000000004
 20
-240.0
 30
0.0
 40
2.2
  1
蒲支0+327.04
 41
0.7
 72
1
 11
423.58000000000004
 21
-240.0
 31
0.0
100
AcDbText
 73
2
  0
TEXT
  5
2EE
330
17
100
AcDbEntity
  8
IP坐标表
100
AcDbText
 10
439.0400000000001
 20
-240.0
 30
0.0
 40
2.2
  1
0.014
 41
0.7
 72
1
 11
439.0400000000001
 21
-240.0
 31
0.0
100
AcDbText
 73
2
  0
TEXT
  5
2EF
330
17
100
AcDbEntity
  8
IP坐标表
100
AcDbText
 10
449.30000000000007
 20
-240.0
 30
0.0
 40
2.2
  1
0.000
 41
0.7
 72
1
 11
449.30000000000007
 21
-240.0
 31
0.0
100
AcDbText
 73
2
  0
TEXT
  5
2F0
330
17
100
AcDbEntity
  8
IP坐标表
100
AcDbText
 10
459.3500000000001
 20
-240.0
 30
0.0
 40
2.2
  1
0.000
 41
0.7
 72
1
 11
459.3500000000001
 21
-240.0
 31
0.0
100
AcDbText
 73
2
  0
TEXT
  5
2F1
330
17
100
AcDbEntity
  8
IP坐标表
100
AcDbText
 10
469.4000000000001
 20
-240.0
 30
0.0
 40
2.2
  1
0.000
 41
0.7
 72
1
 11
469.4000000000001
 21
-240.0
 31
0.0
100
AcDbText
 73
2
  0
TEXT
  5
2F2
330
17
100
AcDbEntity
  8
IP坐标表
100
AcDbText
 10
481.7000000000001
 20
-240.0
 30
0.0
 40
2.2
  1
-
 41
0.7
 72
1
 11
481.7000000000001
 21
-240.0
 31
0.0
100
AcDbText
 73
2
  0
TEXT
  5
2F3
330
17
100
AcDbEntity
  8
IP坐标表
100
AcDbText
 10
497.9500000000001
 20
-240.0
 30
0.0
 40
2.2
  1
353.530
 41
0.7
 72
1
 11
497.9500000000001
 21
-240.0
 31
0.0
100
AcDbText
 73
2
  0
TEXT
  5
2F4
330
17
100
AcDbEntity
  8
IP坐标表
100
AcDbText
 10
324.72
 20
-246.0
 30
0.0
 40
2.2
  1
蒲支IP9
 41
0.7
 72
1
 11
324.72
 21
-246.0
 31
0.0
100
AcDbText
 73
2
  0
TEXT
  5
2F5
330
17
100
AcDbEntity
  8
IP坐标表
100
AcDbText
 10
342.68
 20
-246.0
 30
0.0
 40
2.2
  1
3451984.990000
 41
0.7
 72
1
 11
342.68
 21
-246.0
 31
0.0
100
AcDbText
 73
2
  0
TEXT
  5
2F6
330
17
100
AcDbEntity
  8
IP坐标表
100
AcDbText
 10
363.5
 20
-246.0
 30
0.0
 40
2.2
  1
625579.430000
 41
0.7
 72
1
 11
363.5
 21
-246.0
 31
0.0
100
AcDbText
 73
2
  0
TEXT
  5
2F7
330
17
100
AcDbEntity
  8
IP坐标表
100
AcDbText
 10
383.58000000000004
 20
-246.0
 30
0.0
 40
2.2
  1
蒲支0+340.79
 41
0.7
 72
1
 11
383.58000000000004
 21
-246.0
 31
0.0
100
AcDbText
 73
2
  0
TEXT
  5
2F8
330
17
100
AcDbEntity
  8
IP坐标表
100
AcDbText
 10
403.58000000000004
 20
-246.0
 30
0.0
 40
2.2
  1
蒲支0+340.79
 41
0.7
 72
1
 11
403.58000000000004
 21
-246.0
 31
0.0
100
AcDbText
 73
2
  0
TEXT
  5
2F9
330
17
100
AcDbEntity
  8
IP坐标表
100
AcDbText
 10
423.58000000000004
 20
-246.0
 30
0.0
 40
2.2
  1
蒲支0+340.79
 41
0.7
 72
1
 11
423.58000000000004
 21
-246.0
 31
0.0
100
AcDbText
 73
2
  0
TEXT
  5
2FA
330
17
100
AcDbEntity
  8
IP坐标表
100
AcDbText
 10
439.0400000000001
 20
-246.0
 30
0.0
 40
2.2
  1
41.154
 41
0.7
 72
1
 11
439.0400000000001
 21
-246.0
 31
0.0
100
AcDbText
 73
2
  0
TEXT
  5
2FB
330
17
100
AcDbEntity
  8
IP坐标表
100
AcDbText
 10
449.30000000000007
 20
-246.0
 30
0.0
 40
2.2
  1
0.000
 41
0.7
 72
1
 11
449.30000000000007
 21
-246.0
 31
0.0
100
AcDbText
 73
2
  0
TEXT
  5
2FC
330
17
100
AcDbEntity
  8
IP坐标表
100
AcDbText
 10
459.3500000000001
 20
-246.0
 30
0.0
 40
2.2
  1
0.000
 41
0.7
 72
1
 11
459.3500000000001
 21
-246.0
 31
0.0
100
AcDbText
 73
2
  0
TEXT
  5
2FD
330
17
100
AcDbEntity
  8
IP坐标表
100
AcDbText
 10
469.4000000000001
 20
-246.0
 30
0.0
 40
2.2
  1
0.000
 41
0.7
 72
1
 11
469.4000000000001
 21
-246.0
 31
0.0
100
AcDbText
 73
2
  0
TEXT
  5
2FE
330
17
100
AcDbEntity
  8
IP坐标表
100
AcDbText
 10
481.7000000000001
 20
-246.0
 30
0.0
 40
2.2
  1
-
 41
0.7
 72
1
 11
481.7000000000001
 21
-246.0
 31
0.0
100
AcDbText
 73
2
  0
TEXT
  5
2FF
330
17
100
AcDbEntity
  8
IP坐标表
100
AcDbText
 10
497.9500000000001
 20
-246.0
 30
0.0
 40
2.2
  1
353.507
 41
0.7
 72
1
 11
497.9500000000001
 21
-246.0
 31
0.0
100
AcDbText
 73
2
  0
TEXT
  5
300
330
17
100
AcDbEntity
  8
IP坐标表
100
AcDbText
 10
324.72
 20
-252.0
 30
0.0
 40
2.2
  1
蒲支IP10
 41
0.7
 72
1
 11
324.72
 21
-252.0
 31
0.0
100
AcDbText
 73
2
  0
TEXT
  5
301
330
17
100
AcDbEntity
  8
IP坐标表
100
AcDbText
 10
342.68
 20
-252.0
 30
0.0
 40
2.2
  1
3452013.550000
 41
0.7
 72
1
 11
342.68
 21
-252.0
 31
0.0
100
AcDbText
 73
2
  0
TEXT
  5
302
330
17
100
AcDbEntity
  8
IP坐标表
100
AcDbText
 10
363.5
 20
-252.0
 30
0.0
 40
2.2
  1
625540.810000
 41
0.7
 72
1
 11
363.5
 21
-252.0
 31
0.0
100
AcDbText
 73
2
  0
TEXT
  5
303
330
17
100
AcDbEntity
  8
IP坐标表
100
AcDbText
 10
383.58000000000004
 20
-252.0
 30
0.0
 40
2.2
  1
蒲支0+388.82
 41
0.7
 72
1
 11
383.58000000000004
 21
-252.0
 31
0.0
100
AcDbText
 73
2
  0
TEXT
  5
304
330
17
100
AcDbEntity
  8
IP坐标表
100
AcDbText
 10
403.58000000000004
 20
-252.0
 30
0.0
 40
2.2
  1
蒲支0+388.82
 41
0.7
 72
1
 11
403.58000000000004
 21
-252.0
 31
0.0
100
AcDbText
 73
2
  0
TEXT
  5
305
330
17
100
AcDbEntity
  8
IP坐标表
100
AcDbText
 10
423.58000000000004
 20
-252.0
 30
0.0
 40
2.2
  1
蒲支0+388.82
 41
0.7
 72
1
 11
423.58000000000004
 21
-252.0
 31
0.0
100
AcDbText
 73
2
  0
TEXT
  5
306
330
17
100
AcDbEntity
  8
IP坐标表
100
AcDbText
 10
439.0400000000001
 20
-252.0
 30
0.0
 40
2.2
  1
33.359
 41
0.7
 72
1
 11
439.0400000000001
 21
-252.0
 31
0.0
100
AcDbText
 73
2
  0
TEXT
  5
307
330
17
100
AcDbEntity
  8
IP坐标表
100
AcDbText
 10
449.30000000000007
 20
-252.0
 30
0.0
 40
2.2
  1
0.000
 41
0.7
 72
1
 11
449.30000000000007
 21
-252.0
 31
0.0
100
AcDbText
 73
2
  0
TEXT
  5
308
330
17
100
AcDbEntity
  8
IP坐标表
100
AcDbText
 10
459.3500000000001
 20
-252.0
 30
0.0
 40
2.2
  1
0.000
 41
0.7
 72
1
 11
459.3500000000001
 21
-252.0
 31
0.0
100
AcDbText
 73
2
  0
TEXT
  5
309
330
17
100
AcDbEntity
  8
IP坐标表
100
AcDbText
 10
469.4000000000001
 20
-252.0
 30
0.0
 40
2.2
  1
0.000
 41
0.7
 72
1
 11
469.4000000000001
 21
-252.0
 31
0.0
100
AcDbText
 73
2
  0
TEXT
  5
30A
330
17
100
AcDbEntity
  8
IP坐标表
100
AcDbText
 10
481.7000000000001
 20
-252.0
 30
0.0
 40
2.2
  1
-
 41
0.7
 72
1
 11
481.7000000000001
 21
-252.0
 31
0.0
100
AcDbText
 73
2
  0
TEXT
  5
30B
330
17
100
AcDbEntity
  8
IP坐标表
100
AcDbText
 10
497.9500000000001
 20
-252.0
 30
0.0
 40
2.2
  1
353.442
 41
0.7
 72
1
 11
497.9500000000001
 21
-252.0
 31
0.0
100
AcDbText
 73
2
  0
TEXT
  5
30C
330
17
100
AcDbEntity
  8
IP坐标表
100
AcDbText
 10
324.72
 20
-258.0
 30
0.0
 40
2.2
  1
蒲支IP11
 41
0.7
 72
1
 11
324.72
 21
-258.0
 31
0.0
100
AcDbText
 73
2
  0
TEXT
  5
30D
330
17
100
AcDbEntity
  8
IP坐标表
100
AcDbText
 10
342.68
 20
-258.0
 30
0.0
 40
2.2
  1
3452019.760000
 41
0.7
 72
1
 11
342.68
 21
-258.0
 31
0.0
100
AcDbText
 73
2
  0
TEXT
  5
30E
330
17
100
AcDbEntity
  8
IP坐标表
100
AcDbText
 10
363.5
 20
-258.0
 30
0.0
 40
2.2
  1
625427.050000
 41
0.7
 72
1
 11
363.5
 21
-258.0
 31
0.0
100
AcDbText
 73
2
  0
TEXT
  5
30F
330
17
100
AcDbEntity
  8
IP坐标表
100
AcDbText
 10
383.58000000000004
 20
-258.0
 30
0.0
 40
2.2
  1
蒲支0+502.75
 41
0.7
 72
1
 11
383.58000000000004
 21
-258.0
 31
0.0
100
AcDbText
 73
2
  0
TEXT
  5
310
330
17
100
AcDbEntity
  8
IP坐标表
100
AcDbText
 10
403.58000000000004
 20
-258.0
 30
0.0
 40
2.2
  1
蒲支0+502.75
 41
0.7
 72
1
 11
403.58000000000004
 21
-258.0
 31
0.0
100
AcDbText
 73
2
  0
TEXT
  5
311
330
17
100
AcDbEntity
  8
IP坐标表
100
AcDbText
 10
423.58000000000004
 20
-258.0
 30
0.0
 40
2.2
  1
蒲支0+502.75
 41
0.7
 72
1
 11
423.58000000000004
 21
-258.0
 31
0.0
100
AcDbText
 73
2
  0
TEXT
  5
312
330
17
100
AcDbEntity
  8
IP坐标表
100
AcDbText
 10
439.0400000000001
 20
-258.0
 30
0.0
 40
2.2
  1
19.183
 41
0.7
 72
1
 11
439.0400000000001
 21
-258.0
 31
0.0
100
AcDbText
 73
2
  0
TEXT
  5
313
330
17
100
AcDbEntity
  8
IP坐标表
100
AcDbText
 10
449.30000000000007
 20
-258.0
 30
0.0
 40
2.2
  1
0.000
 41
0.7
 72
1
 11
449.30000000000007
 21
-258.0
 31
0.0
100
AcDbText
 73
2
  0
TEXT
  5
314
330
17
100
AcDbEntity
  8
IP坐标表
100
AcDbText
 10
459.3500000000001
 20
-258.0
 30
0.0
 40
2.2
  1
0.000
 41
0.7
 72
1
 11
459.3500000000001
 21
-258.0
 31
0.0
100
AcDbText
 73
2
  0
TEXT
  5
315
330
17
100
AcDbEntity
  8
IP坐标表
100
AcDbText
 10
469.4000000000001
 20
-258.0
 30
0.0
 40
2.2
  1
0.000
 41
0.7
 72
1
 11
469.4000000000001
 21
-258.0
 31
0.0
100
AcDbText
 73
2
  0
TEXT
  5
316
330
17
100
AcDbEntity
  8
IP坐标表
100
AcDbText
 10
481.7000000000001
 20
-258.0
 30
0.0
 40
2.2
  1
-
 41
0.7
 72
1
 11
481.7000000000001
 21
-258.0
 31
0.0
100
AcDbText
 73
2
  0
TEXT
  5
317
330
17
100
AcDbEntity
  8
IP坐标表
100
AcDbText
 10
497.9500000000001
 20
-258.0
 30
0.0
 40
2.2
  1
353.294
 41
0.7
 72
1
 11
497.9500000000001
 21
-258.0
 31
0.0
100
AcDbText
 73
2
  0
TEXT
  5
318
330
17
100
AcDbEntity
  8
IP坐标表
100
AcDbText
 10
324.72
 20
-264.0
 30
0.0
 40
2.2
  1
蒲支IP12
 41
0.7
 72
1
 11
324.72
 21
-264.0
 31
0.0
100
AcDbText
 73
2
  0
TEXT
  5
319
330
17
100
AcDbEntity
  8
IP坐标表
100
AcDbText
 10
342.68
 20
-264.0
 30
0.0
 40
2.2
  1
3451991.640000
 41
0.7
 72
1
 11
342.68
 21
-264.0
 31
0.0
100
AcDbText
 73
2
  0
TEXT
  5
31A
330
17
100
AcDbEntity
  8
IP坐标表
100
AcDbText
 10
363.5
 20
-264.0
 30
0.0
 40
2.2
  1
625329.360000
 41
0.7
 72
1
 11
363.5
 21
-264.0
 31
0.0
100
AcDbText
 73
2
  0
TEXT
  5
31B
330
17
100
AcDbEntity
  8
IP坐标表
100
AcDbText
 10
383.58000000000004
 20
-264.0
 30
0.0
 40
2.2
  1
蒲支0+604.41
 41
0.7
 72
1
 11
383.58000000000004
 21
-264.0
 31
0.0
100
AcDbText
 73
2
  0
TEXT
  5
31C
330
17
100
AcDbEntity
  8
IP坐标表
100
AcDbText
 10
403.58000000000004
 20
-264.0
 30
0.0
 40
2.2
  1
蒲支0+604.41
 41
0.7
 72
1
 11
403.58000000000004
 21
-264.0
 31
0.0
100
AcDbText
 73
2
  0
TEXT
  5
31D
330
17
100
AcDbEntity
  8
IP坐标表
100
AcDbText
 10
423.58000000000004
 20
-264.0
 30
0.0
 40
2.2
  1
蒲支0+604.41
 41
0.7
 72
1
 11
423.58000000000004
 21
-264.0
 31
0.0
100
AcDbText
 73
2
  0
TEXT
  5
31E
330
17
100
AcDbEntity
  8
IP坐标表
100
AcDbText
 10
439.0400000000001
 20
-264.0
 30
0.0
 40
2.2
  1
10.936
 41
0.7
 72
1
 11
439.0400000000001
 21
-264.0
 31
0.0
100
AcDbText
 73
2
  0
TEXT
  5
31F
330
17
100
AcDbEntity
  8
IP坐标表
100
AcDbText
 10
449.30000000000007
 20
-264.0
 30
0.0
 40
2.2
  1
0.000
 41
0.7
 72
1
 11
449.30000000000007
 21
-264.0
 31
0.0
100
AcDbText
 73
2
  0
TEXT
  5
320
330
17
100
AcDbEntity
  8
IP坐标表
100
AcDbText
 10
459.3500000000001
 20
-264.0
 30
0.0
 40
2.2
  1
0.000
 41
0.7
 72
1
 11
459.3500000000001
 21
-264.0
 31
0.0
100
AcDbText
 73
2
  0
TEXT
  5
321
330
17
100
AcDbEntity
  8
IP坐标表
100
AcDbText
 10
469.4000000000001
 20
-264.0
 30
0.0
 40
2.2
  1
0.000
 41
0.7
 72
1
 11
469.4000000000001
 21
-264.0
 31
0.0
100
AcDbText
 73
2
  0
TEXT
  5
322
330
17
100
AcDbEntity
  8
IP坐标表
100
AcDbText
 10
481.7000000000001
 20
-264.0
 30
0.0
 40
2.2
  1
-
 41
0.7
 72
1
 11
481.7000000000001
 21
-264.0
 31
0.0
100
AcDbText
 73
2
  0
TEXT
  5
323
330
17
100
AcDbEntity
  8
IP坐标表
100
AcDbText
 10
497.9500000000001
 20
-264.0
 30
0.0
 40
2.2
  1
353.163
 41
0.7
 72
1
 11
497.9500000000001
 21
-264.0
 31
0.0
100
AcDbText
 73
2
  0
TEXT
  5
324
330
17
100
AcDbEntity
  8
IP坐标表
100
AcDbText
 10
324.72
 20
-270.0
 30
0.0
 40
2.2
  1
蒲支IP13
 41
0.7
 72
1
 11
324.72
 21
-270.0
 31
0.0
100
AcDbText
 73
2
  0
TEXT
  5
325
330
17
100
AcDbEntity
  8
IP坐标表
100
AcDbText
 10
342.68
 20
-270.0
 30
0.0
 40
2.2
  1
3451987.990000
 41
0.7
 72
1
 11
342.68
 21
-270.0
 31
0.0
100
AcDbText
 73
2
  0
TEXT
  5
326
330
17
100
AcDbEntity
  8
IP坐标表
100
AcDbText
 10
363.5
 20
-270.0
 30
0.0
 40
2.2
  1
625288.640000
 41
0.7
 72
1
 11
363.5
 21
-270.0
 31
0.0
100
AcDbText
 73
2
  0
TEXT
  5
327
330
17
100
AcDbEntity
  8
IP坐标表
100
AcDbText
 10
383.58000000000004
 20
-270.0
 30
0.0
 40
2.2
  1
蒲支0+645.29
 41
0.7
 72
1
 11
383.58000000000004
 21
-270.0
 31
0.0
100
AcDbText
 73
2
  0
TEXT
  5
328
330
17
100
AcDbEntity
  8
IP坐标表
100
AcDbText
 10
403.58000000000004
 20
-270.0
 30
0.0
 40
2.2
  1
蒲支0+645.29
 41
0.7
 72
1
 11
403.58000000000004
 21
-270.0
 31
0.0
100
AcDbText
 73
2
  0
TEXT
  5
329
330
17
100
AcDbEntity
  8
IP坐标表
100
AcDbText
 10
423.58000000000004
 20
-270.0
 30
0.0
 40
2.2
  1
蒲支0+645.29
 41
0.7
 72
1
 11
423.58000000000004
 21
-270.0
 31
0.0
100
AcDbText
 73
2
  0
TEXT
  5
32A
330
17
100
AcDbEntity
  8
IP坐标表
100
AcDbText
 10
439.0400000000001
 20
-270.0
 30
0.0
 40
2.2
  1
45.398
 41
0.7
 72
1
 11
439.0400000000001
 21
-270.0
 31
0.0
100
AcDbText
 73
2
  0
TEXT
  5
32B
330
17
100
AcDbEntity
  8
IP坐标表
100
AcDbText
 10
449.30000000000007
 20
-270.0
 30
0.0
 40
2.2
  1
0.000
 41
0.7
 72
1
 11
449.30000000000007
 21
-270.0
 31
0.0
100
AcDbText
 73
2
  0
TEXT
  5
32C
330
17
100
AcDbEntity
  8
IP坐标表
100
AcDbText
 10
459.3500000000001
 20
-270.0
 30
0.0
 40
2.2
  1
0.000
 41
0.7
 72
1
 11
459.3500000000001
 21
-270.0
 31
0.0
100
AcDbText
 73
2
  0
TEXT
  5
32D
330
17
100
AcDbEntity
  8
IP坐标表
100
AcDbText
 10
469.4000000000001
 20
-270.0
 30
0.0
 40
2.2
  1
0.000
 41
0.7
 72
1
 11
469.4000000000001
 21
-270.0
 31
0.0
100
AcDbText
 73
2
  0
TEXT
  5
32E
330
17
100
AcDbEntity
  8
IP坐标表
100
AcDbText
 10
481.7000000000001
 20
-270.0
 30
0.0
 40
2.2
  1
-
 41
0.7
 72
1
 11
481.7000000000001
 21
-270.0
 31
0.0
100
AcDbText
 73
2
  0
TEXT
  5
32F
330
17
100
AcDbEntity
  8
IP坐标表
100
AcDbText
 10
497.9500000000001
 20
-270.0
 30
0.0
 40
2.2
  1
353.104
 41
0.7
 72
1
 11
497.9500000000001
 21
-270.0
 31
0.0
100
AcDbText
 73
2
  0
TEXT
  5
330
330
17
100
AcDbEntity
  8
IP坐标表
100
AcDbText
 10
324.72
 20
-276.0
 30
0.0
 40
2.2
  1
罗家湾隧进
 41
0.7
 72
1
 11
324.72
 21
-276.0
 31
0.0
100
AcDbText
 73
2
  0
TEXT
  5
331
330
17
100
AcDbEntity
  8
IP坐标表
100
AcDbText
 10
342.68
 20
-276.0
 30
0.0
 40
2.2
  1
3452081.010000
 41
0.7
 72
1
 11
342.68
 21
-276.0
 31
0.0
100
AcDbText
 73
2
  0
TEXT
  5
332
330
17
100
AcDbEntity
  8
IP坐标表
100
AcDbText
 10
363.5
 20
-276.0
 30
0.0
 40
2.2
  1
625178.860000
 41
0.7
 72
1
 11
363.5
 21
-276.0
 31
0.0
100
AcDbText
 73
2
  0
TEXT
  5
333
330
17
100
AcDbEntity
  8
IP坐标表
100
AcDbText
 10
383.58000000000004
 20
-276.0
 30
0.0
 40
2.2
  1
蒲支0+789.18
 41
0.7
 72
1
 11
383.58000000000004
 21
-276.0
 31
0.0
100
AcDbText
 73
2
  0
TEXT
  5
334
330
17
100
AcDbEntity
  8
IP坐标表
100
AcDbText
 10
403.58000000000004
 20
-276.0
 30
0.0
 40
2.2
  1
蒲支0+789.18
 41
0.7
 72
1
 11
403.58000000000004
 21
-276.0
 31
0.0
100
AcDbText
 73
2
  0
TEXT
  5
335
330
17
100
AcDbEntity
  8
IP坐标表
100
AcDbText
 10
423.58000000000004
 20
-276.0
 30
0.0
 40
2.2
  1
蒲支0+789.18
 41
0.7
 72
1
 11
423.58000000000004
 21
-276.0
 31
0.0
100
AcDbText
 73
2
  0
TEXT
  5
336
330
17
100
AcDbEntity
  8
IP坐标表
100
AcDbText
 10
439.0400000000001
 20
-276.0
 30
0.0
 40
2.2
  1
31.105
 41
0.7
 72
1
 11
439.0400000000001
 21
-276.0
 31
0.0
100
AcDbText
 73
2
  0
TEXT
  5
337
330
17
100
AcDbEntity
  8
IP坐标表
100
AcDbText
 10
449.30000000000007
 20
-276.0
 30
0.0
 40
2.2
  1
0.000
 41
0.7
 72
1
 11
449.30000000000007
 21
-276.0
 31
0.0
100
AcDbText
 73
2
  0
TEXT
  5
338
330
17
100
AcDbEntity
  8
IP坐标表
100
AcDbText
 10
459.3500000000001
 20
-276.0
 30
0.0
 40
2.2
  1
0.000
 41
0.7
 72
1
 11
459.3500000000001
 21
-276.0
 31
0.0
100
AcDbText
 73
2
  0
TEXT
  5
339
330
17
100
AcDbEntity
  8
IP坐标表
100
AcDbText
 10
469.4000000000001
 20
-276.0
 30
0.0
 40
2.2
  1
0.000
 41
0.7
 72
1
 11
469.4000000000001
 21
-276.0
 31
0.0
100
AcDbText
 73
2
  0
TEXT
  5
33A
330
17
100
AcDbEntity
  8
IP坐标表
100
AcDbText
 10
481.7000000000001
 20
-276.0
 30
0.0
 40
2.2
  1
352.628
 41
0.7
 72
1
 11
481.7000000000001
 21
-276.0
 31
0.0
100
AcDbText
 73
2
  0
TEXT
  5
33B
330
17
100
AcDbEntity
  8
IP坐标表
100
AcDbText
 10
497.9500000000001
 20
-276.0
 30
0.0
 40
2.2
  1
352.916
 41
0.7
 72
1
 11
497.9500000000001
 21
-276.0
 31
0.0
100
AcDbText
 73
2
  0
TEXT
  5
33C
330
17
100
AcDbEntity
  8
IP坐标表
100
AcDbText
 10
324.72
 20
-282.0
 30
0.0
 40
2.2
  1
罗家湾隧出
 41
0.7
 72
1
 11
324.72
 21
-282.0
 31
0.0
100
AcDbText
 73
2
  0
TEXT
  5
33D
330
17
100
AcDbEntity
  8
IP坐标表
100
AcDbText
 10
342.68
 20
-282.0
 30
0.0
 40
2.2
  1
3452381.240000
 41
0.7
 72
1
 11
342.68
 21
-282.0
 31
0.0
100
AcDbText
 73
2
  0
TEXT
  5
33E
330
17
100
AcDbEntity
  8
IP坐标表
100
AcDbText
 10
363.5
 20
-282.0
 30
0.0
 40
2.2
  1
623319.240000
 41
0.7
 72
1
 11
363.5
 21
-282.0
 31
0.0
100
AcDbText
 73
2
  0
TEXT
  5
33F
330
17
100
AcDbEntity
  8
IP坐标表
100
AcDbText
 10
383.58000000000004
 20
-282.0
 30
0.0
 40
2.2
  1
蒲支2+672.88
 41
0.7
 72
1
 11
383.58000000000004
 21
-282.0
 31
0.0
100
AcDbText
 73
2
  0
TEXT
  5
340
330
17
100
AcDbEntity
  8
IP坐标表
100
AcDbText
 10
403.58000000000004
 20
-282.0
 30
0.0
 40
2.2
  1
蒲支2+672.88
 41
0.7
 72
1
 11
403.58000000000004
 21
-282.0
 31
0.0
100
AcDbText
 73
2
  0
TEXT
  5
341
330
17
100
AcDbEntity
  8
IP坐标表
100
AcDbText
 10
423.58000000000004
 20
-282.0
 30
0.0
 40
2.2
  1
蒲支2+672.88
 41
0.7
 72
1
 11
423.58000000000004
 21
-282.0
 31
0.0
100
AcDbText
 73
2
  0
TEXT
  5
342
330
17
100
AcDbEntity
  8
IP坐标表
100
AcDbText
 10
439.0400000000001
 20
-282.0
 30
0.0
 40
2.2
  1
25.869
 41
0.7
 72
1
 11
439.0400000000001
 21
-282.0
 31
0.0
100
AcDbText
 73
2
  0
TEXT
  5
343
330
17
100
AcDbEntity
  8
IP坐标表
100
AcDbText
 10
449.30000000000007
 20
-282.0
 30
0.0
 40
2.2
  1
0.000
 41
0.7
 72
1
 11
449.30000000000007
 21
-282.0
 31
0.0
100
AcDbText
 73
2
  0
TEXT
  5
344
330
17
100
AcDbEntity
  8
IP坐标表
100
AcDbText
 10
459.3500000000001
 20
-282.0
 30
0.0
 40
2.2
  1
0.000
 41
0.7
 72
1
 11
459.3500000000001
 21
-282.0
 31
0.0
100
AcDbText
 73
2
  0
TEXT
  5
345
330
17
100
AcDbEntity
  8
IP坐标表
100
AcDbText
 10
469.4000000000001
 20
-282.0
 30
0.0
 40
2.2
  1
0.000
 41
0.7
 72
1
 11
469.4000000000001
 21
-282.0
 31
0.0
100
AcDbText
 73
2
  0
TEXT
  5
346
330
17
100
AcDbEntity
  8
IP坐标表
100
AcDbText
 10
481.7000000000001
 20
-282.0
 30
0.0
 40
2.2
  1
351.686
 41
0.7
 72
1
 11
481.7000000000001
 21
-282.0
 31
0.0
100
AcDbText
 73
2
  0
TEXT
  5
347
330
17
100
AcDbEntity
  8
IP坐标表
100
AcDbText
 10
497.9500000000001
 20
-282.0
 30
0.0
 40
2.2
  1
351.974
 41
0.7
 72
1
 11
497.9500000000001
 21
-282.0
 31
0.0
100
AcDbText
 73
2
  0
TEXT
  5
348
330
17
100
AcDbEntity
  8
IP坐标表
100
AcDbText
 10
324.72
 20
-288.0
 30
0.0
 40
2.2
  1
蒲支IP14
 41
0.7
 72
1
 11
324.72
 21
-288.0
 31
0.0
100
AcDbText
 73
2
  0
TEXT
  5
349
330
17
100
AcDbEntity
  8
IP坐标表
100
AcDbText
 10
342.68
 20
-288.0
 30
0.0
 40
2.2
  1
3452419.500000
 41
0.7
 72
1
 11
342.68
 21
-288.0
 31
0.0
100
AcDbText
 73
2
  0
TEXT
  5
34A
330
17
100
AcDbEntity
  8
IP坐标表
100
AcDbText
 10
363.5
 20
-288.0
 30
0.0
 40
2.2
  1
623264.680000
 41
0.7
 72
1
 11
363.5
 21
-288.0
 31
0.0
100
AcDbText
 73
2
  0
TEXT
  5
34B
330
17
100
AcDbEntity
  8
IP坐标表
100
AcDbText
 10
383.58000000000004
 20
-288.0
 30
0.0
 40
2.2
  1
蒲支2+739.52
 41
0.7
 72
1
 11
383.58000000000004
 21
-288.0
 31
0.0
100
AcDbText
 73
2
  0
TEXT
  5
34C
330
17
100
AcDbEntity
  8
IP坐标表
100
AcDbText
 10
403.58000000000004
 20
-288.0
 30
0.0
 40
2.2
  1
蒲支2+739.52
 41
0.7
 72
1
 11
403.58000000000004
 21
-288.0
 31
0.0
100
AcDbText
 73
2
  0
TEXT
  5
34D
330
17
100
AcDbEntity
  8
IP坐标表
100
AcDbText
 10
423.58000000000004
 20
-288.0
 30
0.0
 40
2.2
  1
蒲支2+739.52
 41
0.7
 72
1
 11
423.58000000000004
 21
-288.0
 31
0.0
100
AcDbText
 73
2
  0
TEXT
  5
34E
330
17
100
AcDbEntity
  8
IP坐标表
100
AcDbText
 10
439.0400000000001
 20
-288.0
 30
0.0
 40
2.2
  1
0.005
 41
0.7
 72
1
 11
439.0400000000001
 21
-288.0
 31
0.0
100
AcDbText
 73
2
  0
TEXT
  5
34F
330
17
100
AcDbEntity
  8
IP坐标表
100
AcDbText
 10
449.30000000000007
 20
-288.0
 30
0.0
 40
2.2
  1
0.000
 41
0.7
 72
1
 11
449.30000000000007
 21
-288.0
 31
0.0
100
AcDbText
 73
2
  0
TEXT
  5
350
330
17
100
AcDbEntity
  8
IP坐标表
100
AcDbText
 10
459.3500000000001
 20
-288.0
 30
0.0
 40
2.2
  1
0.000
 41
0.7
 72
1
 11
459.3500000000001
 21
-288.0
 31
0.0
100
AcDbText
 73
2
  0
TEXT
  5
351
330
17
100
AcDbEntity
  8
IP坐标表
100
AcDbText
 10
469.4000000000001
 20
-288.0
 30
0.0
 40
2.2
  1
0.000
 41
0.7
 72
1
 11
469.4000000000001
 21
-288.0
 31
0.0
100
AcDbText
 73
2
  0
TEXT
  5
352
330
17
100
AcDbEntity
  8
IP坐标表
100
AcDbText
 10
481.7000000000001
 20
-288.0
 30
0.0
 40
2.2
  1
-
 41
0.7
 72
1
 11
481.7000000000001
 21
-288.0
 31
0.0
100
AcDbText
 73
2
  0
TEXT
  5
353
330
17
100
AcDbEntity
  8
IP坐标表
100
AcDbText
 10
497.9500000000001
 20
-288.0
 30
0.0
 40
2.2
  1
351.929
 41
0.7
 72
1
 11
497.9500000000001
 21
-288.0
 31
0.0
100
AcDbText
 73
2
  0
TEXT
  5
354
330
17
100
AcDbEntity
  8
IP坐标表
100
AcDbText
 10
324.72
 20
-294.0
 30
0.0
 40
2.2
  1
蒲支IP15
 41
0.7
 72
1
 11
324.72
 21
-294.0
 31
0.0
100
AcDbText
 73
2
  0
TEXT
  5
355
330
17
100
AcDbEntity
  8
IP坐标表
100
AcDbText
 10
342.68
 20
-294.0
 30
0.0
 40
2.2
  1
3452464.070000
 41
0.7
 72
1
 11
342.68
 21
-294.0
 31
0.0
100
AcDbText
 73
2
  0
TEXT
  5
356
330
17
100
AcDbEntity
  8
IP坐标表
100
AcDbText
 10
363.5
 20
-294.0
 30
0.0
 40
2.2
  1
623201.110000
 41
0.7
 72
1
 11
363.5
 21
-294.0
 31
0.0
100
AcDbText
 73
2
  0
TEXT
  5
357
330
17
100
AcDbEntity
  8
IP坐标表
100
AcDbText
 10
383.58000000000004
 20
-294.0
 30
0.0
 40
2.2
  1
蒲支2+817.16
 41
0.7
 72
1
 11
383.58000000000004
 21
-294.0
 31
0.0
100
AcDbText
 73
2
  0
TEXT
  5
358
330
17
100
AcDbEntity
  8
IP坐标表
100
AcDbText
 10
403.58000000000004
 20
-294.0
 30
0.0
 40
2.2
  1
蒲支2+817.16
 41
0.7
 72
1
 11
403.58000000000004
 21
-294.0
 31
0.0
100
AcDbText
 73
2
  0
TEXT
  5
359
330
17
100
AcDbEntity
  8
IP坐标表
100
AcDbText
 10
423.58000000000004
 20
-294.0
 30
0.0
 40
2.2
  1
蒲支2+817.16
 41
0.7
 72
1
 11
423.58000000000004
 21
-294.0
 31
0.0
100
AcDbText
 73
2
  0
TEXT
  5
35A
330
17
100
AcDbEntity
  8
IP坐标表
100
AcDbText
 10
439.0400000000001
 20
-294.0
 30
0.0
 40
2.2
  1
18.434
 41
0.7
 72
1
 11
439.0400000000001
 21
-294.0
 31
0.0
100
AcDbText
 73
2
  0
TEXT
  5
35B
330
17
100
AcDbEntity
  8
IP坐标表
100
AcDbText
 10
449.30000000000007
 20
-294.0
 30
0.0
 40
2.2
  1
0.000
 41
0.7
 72
1
 11
449.30000000000007
 21
-294.0
 31
0.0
100
AcDbText
 73
2
  0
TEXT
  5
35C
330
17
100
AcDbEntity
  8
IP坐标表
100
AcDbText
 10
459.3500000000001
 20
-294.0
 30
0.0
 40
2.2
  1
0.000
 41
0.7
 72
1
 11
459.3500000000001
 21
-294.0
 31
0.0
100
AcDbText
 73
2
  0
TEXT
  5
35D
330
17
100
AcDbEntity
  8
IP坐标表
100
AcDbText
 10
469.4000000000001
 20
-294.0
 30
0.0
 40
2.2
  1
0.000
 41
0.7
 72
1
 11
469.4000000000001
 21
-294.0
 31
0.0
100
AcDbText
 73
2
  0
TEXT
  5
35E
330
17
100
AcDbEntity
  8
IP坐标表
100
AcDbText
 10
481.7000000000001
 20
-294.0
 30
0.0
 40
2.2
  1
-
 41
0.7
 72
1
 11
481.7000000000001
 21
-294.0
 31
0.0
100
AcDbText
 73
2
  0
TEXT
  5
35F
330
17
100
AcDbEntity
  8
IP坐标表
100
AcDbText
 10
497.9500000000001
 20
-294.0
 30
0.0
 40
2.2
  1
351.876
 41
0.7
 72
1
 11
497.9500000000001
 21
-294.0
 31
0.0
100
AcDbText
 73
2
  0
TEXT
  5
360
330
17
100
AcDbEntity
  8
IP坐标表
100
AcDbText
 10
324.72
 20
-300.0
 30
0.0
 40
2.2
  1
蒲支IP16
 41
0.7
 72
1
 11
324.72
 21
-300.0
 31
0.0
100
AcDbText
 73
2
  0
TEXT
  5
361
330
17
100
AcDbEntity
  8
IP坐标表
100
AcDbText
 10
342.68
 20
-300.0
 30
0.0
 40
2.2
  1
3452502.340000
 41
0.7
 72
1
 11
342.68
 21
-300.0
 31
0.0
100
AcDbText
 73
2
  0
TEXT
  5
362
330
17
100
AcDbEntity
  8
IP坐标表
100
AcDbText
 10
363.5
 20
-300.0
 30
0.0
 40
2.2
  1
623172.760000
 41
0.7
 72
1
 11
363.5
 21
-300.0
 31
0.0
100
AcDbText
 73
2
  0
TEXT
  5
363
330
17
100
AcDbEntity
  8
IP坐标表
100
AcDbText
 10
383.58000000000004
 20
-300.0
 30
0.0
 40
2.2
  1
蒲支2+864.78
 41
0.7
 72
1
 11
383.58000000000004
 21
-300.0
 31
0.0
100
AcDbText
 73
2
  0
TEXT
  5
364
330
17
100
AcDbEntity
  8
IP坐标表
100
AcDbText
 10
403.58000000000004
 20
-300.0
 30
0.0
 40
2.2
  1
蒲支2+864.78
 41
0.7
 72
1
 11
403.58000000000004
 21
-300.0
 31
0.0
100
AcDbText
 73
2
  0
TEXT
  5
365
330
17
100
AcDbEntity
  8
IP坐标表
100
AcDbText
 10
423.58000000000004
 20
-300.0
 30
0.0
 40
2.2
  1
蒲支2+864.78
 41
0.7
 72
1
 11
423.58000000000004
 21
-300.0
 31
0.0
100
AcDbText
 73
2
  0
TEXT
  5
366
330
17
100
AcDbEntity
  8
IP坐标表
100
AcDbText
 10
439.0400000000001
 20
-300.0
 30
0.0
 40
2.2
  1
11.069
 41
0.7
 72
1
 11
439.0400000000001
 21
-300.0
 31
0.0
100
AcDbText
 73
2
  0
TEXT
  5
367
330
17
100
AcDbEntity
  8
IP坐标表
100
AcDbText
 10
449.30000000000007
 20
-300.0
 30
0.0
 40
2.2
  1
0.000
 41
0.7
 72
1
 11
449.30000000000007
 21
-300.0
 31
0.0
100
AcDbText
 73
2
  0
TEXT
  5
368
330
17
100
AcDbEntity
  8
IP坐标表
100
AcDbText
 10
459.3500000000001
 20
-300.0
 30
0.0
 40
2.2
  1
0.000
 41
0.7
 72
1
 11
459.3500000000001
 21
-300.0
 31
0.0
100
AcDbText
 73
2
  0
TEXT
  5
369
330
17
100
AcDbEntity
  8
IP坐标表
100
AcDbText
 10
469.4000000000001
 20
-300.0
 30
0.0
 40
2.2
  1
0.000
 41
0.7
 72
1
 11
469.4000000000001
 21
-300.0
 31
0.0
100
AcDbText
 73
2
  0
TEXT
  5
36A
330
17
100
AcDbEntity
  8
IP坐标表
100
AcDbText
 10
481.7000000000001
 20
-300.0
 30
0.0
 40
2.2
  1
-
 41
0.7
 72
1
 11
481.7000000000001
 21
-300.0
 31
0.0
100
AcDbText
 73
2
  0
TEXT
  5
36B
330
17
100
AcDbEntity
  8
IP坐标表
100
AcDbText
 10
497.9500000000001
 20
-300.0
 30
0.0
 40
2.2
  1
351.844
 41
0.7
 72
1
 11
497.9500000000001
 21
-300.0
 31
0.0
100
AcDbText
 73
2
  0
TEXT
  5
36C
330
17
100
AcDbEntity
  8
IP坐标表
100
AcDbText
 10
324.72
 20
-306.0
 30
0.0
 40
2.2
  1
蒲支IP17
 41
0.7
 72
1
 11
324.72
 21
-306.0
 31
0.0
100
AcDbText
 73
2
  0
TEXT
  5
36D
330
17
100
AcDbEntity
  8
IP坐标表
100
AcDbText
 10
342.68
 20
-306.0
 30
0.0
 40
2.2
  1
3452567.310000
 41
0.7
 72
1
 11
342.68
 21
-306.0
 31
0.0
100
AcDbText
 73
2
  0
TEXT
  5
36E
330
17
100
AcDbEntity
  8
IP坐标表
100
AcDbText
 10
363.5
 20
-306.0
 30
0.0
 40
2.2
  1
623101.610000
 41
0.7
 72
1
 11
363.5
 21
-306.0
 31
0.0
100
AcDbText
 73
2
  0
TEXT
  5
36F
330
17
100
AcDbEntity
  8
IP坐标表
100
AcDbText
 10
383.58000000000004
 20
-306.0
 30
0.0
 40
2.2
  1
蒲支2+961.14
 41
0.7
 72
1
 11
383.58000000000004
 21
-306.0
 31
0.0
100
AcDbText
 73
2
  0
TEXT
  5
370
330
17
100
AcDbEntity
  8
IP坐标表
100
AcDbText
 10
403.58000000000004
 20
-306.0
 30
0.0
 40
2.2
  1
蒲支2+961.14
 41
0.7
 72
1
 11
403.58000000000004
 21
-306.0
 31
0.0
100
AcDbText
 73
2
  0
TEXT
  5
371
330
17
100
AcDbEntity
  8
IP坐标表
100
AcDbText
 10
423.58000000000004
 20
-306.0
 30
0.0
 40
2.2
  1
蒲支2+961.14
 41
0.7
 72
1
 11
423.58000000000004
 21
-306.0
 31
0.0
100
AcDbText
 73
2
  0
TEXT
  5
372
330
17
100
AcDbEntity
  8
IP坐标表
100
AcDbText
 10
439.0400000000001
 20
-306.0
 30
0.0
 40
2.2
  1
7.533
 41
0.7
 72
1
 11
439.0400000000001
 21
-306.0
 31
0.0
100
AcDbText
 73
2
  0
TEXT
  5
373
330
17
100
AcDbEntity
  8
IP坐标表
100
AcDbText
 10
449.30000000000007
 20
-306.0
 30
0.0
 40
2.2
  1
0.000
 41
0.7
 72
1
 11
449.30000000000007
 21
-306.0
 31
0.0
100
AcDbText
 73
2
  0
TEXT
  5
374
330
17
100
AcDbEntity
  8
IP坐标表
100
AcDbText
 10
459.3500000000001
 20
-306.0
 30
0.0
 40
2.2
  1
0.000
 41
0.7
 72
1
 11
459.3500000000001
 21
-306.0
 31
0.0
100
AcDbText
 73
2
  0
TEXT
  5
375
330
17
100
AcDbEntity
  8
IP坐标表
100
AcDbText
 10
469.4000000000001
 20
-306.0
 30
0.0
 40
2.2
  1
0.000
 41
0.7
 72
1
 11
469.4000000000001
 21
-306.0
 31
0.0
100
AcDbText
 73
2
  0
TEXT
  5
376
330
17
100
AcDbEntity
  8
IP坐标表
100
AcDbText
 10
481.7000000000001
 20
-306.0
 30
0.0
 40
2.2
  1
-
 41
0.7
 72
1
 11
481.7000000000001
 21
-306.0
 31
0.0
100
AcDbText
 73
2
  0
TEXT
  5
377
330
17
100
AcDbEntity
  8
IP坐标表
100
AcDbText
 10
497.9500000000001
 20
-306.0
 30
0.0
 40
2.2
  1
351.779
 41
0.7
 72
1
 11
497.9500000000001
 21
-306.0
 31
0.0
100
AcDbText
 73
2
  0
TEXT
  5
378
330
17
100
AcDbEntity
  8
IP坐标表
100
AcDbText
 10
324.72
 20
-312.0
 30
0.0
 40
2.2
  1
蒲支IP18
 41
0.7
 72
1
 11
324.72
 21
-312.0
 31
0.0
100
AcDbText
 73
2
  0
TEXT
  5
379
330
17
100
AcDbEntity
  8
IP坐标表
100
AcDbText
 10
342.68
 20
-312.0
 30
0.0
 40
2.2
  1
3452628.540000
 41
0.7
 72
1
 11
342.68
 21
-312.0
 31
0.0
100
AcDbText
 73
2
  0
TEXT
  5
37A
330
17
100
AcDbEntity
  8
IP坐标表
100
AcDbText
 10
363.5
 20
-312.0
 30
0.0
 40
2.2
  1
623050.110000
 41
0.7
 72
1
 11
363.5
 21
-312.0
 31
0.0
100
AcDbText
 73
2
  0
TEXT
  5
37B
330
17
100
AcDbEntity
  8
IP坐标表
100
AcDbText
 10
383.58000000000004
 20
-312.0
 30
0.0
 40
2.2
  1
蒲支3+041.14
 41
0.7
 72
1
 11
383.58000000000004
 21
-312.0
 31
0.0
100
AcDbText
 73
2
  0
TEXT
  5
37C
330
17
100
AcDbEntity
  8
IP坐标表
100
AcDbText
 10
403.58000000000004
 20
-312.0
 30
0.0
 40
2.2
  1
蒲支3+041.14
 41
0.7
 72
1
 11
403.58000000000004
 21
-312.0
 31
0.0
100
AcDbText
 73
2
  0
TEXT
  5
37D
330
17
100
AcDbEntity
  8
IP坐标表
100
AcDbText
 10
423.58000000000004
 20
-312.0
 30
0.0
 40
2.2
  1
蒲支3+041.14
 41
0.7
 72
1
 11
423.58000000000004
 21
-312.0
 31
0.0
100
AcDbText
 73
2
  0
TEXT
  5
37E
330
17
100
AcDbEntity
  8
IP坐标表
100
AcDbText
 10
439.0400000000001
 20
-312.0
 30
0.0
 40
2.2
  1
17.620
 41
0.7
 72
1
 11
439.0400000000001
 21
-312.0
 31
0.0
100
AcDbText
 73
2
  0
TEXT
  5
37F
330
17
100
AcDbEntity
  8
IP坐标表
100
AcDbText
 10
449.30000000000007
 20
-312.0
 30
0.0
 40
2.2
  1
0.000
 41
0.7
 72
1
 11
449.30000000000007
 21
-312.0
 31
0.0
100
AcDbText
 73
2
  0
TEXT
  5
380
330
17
100
AcDbEntity
  8
IP坐标表
100
AcDbText
 10
459.3500000000001
 20
-312.0
 30
0.0
 40
2.2
  1
0.000
 41
0.7
 72
1
 11
459.3500000000001
 21
-312.0
 31
0.0
100
AcDbText
 73
2
  0
TEXT
  5
381
330
17
100
AcDbEntity
  8
IP坐标表
100
AcDbText
 10
469.4000000000001
 20
-312.0
 30
0.0
 40
2.2
  1
0.000
 41
0.7
 72
1
 11
469.4000000000001
 21
-312.0
 31
0.0
100
AcDbText
 73
2
  0
TEXT
  5
382
330
17
100
AcDbEntity
  8
IP坐标表
100
AcDbText
 10
481.7000000000001
 20
-312.0
 30
0.0
 40
2.2
  1
-
 41
0.7
 72
1
 11
481.7000000000001
 21
-312.0
 31
0.0
100
AcDbText
 73
2
  0
TEXT
  5
383
330
17
100
AcDbEntity
  8
IP坐标表
100
AcDbText
 10
497.9500000000001
 20
-312.0
 30
0.0
 40
2.2
  1
351.725
 41
0.7
 72
1
 11
497.9500000000001
 21
-312.0
 31
0.0
100
AcDbText
 73
2
  0
TEXT
  5
384
330
17
100
AcDbEntity
  8
IP坐标表
100
AcDbText
 10
324.72
 20
-318.0
 30
0.0
 40
2.2
  1
蒲支IP19
 41
0.7
 72
1
 11
324.72
 21
-318.0
 31
0.0
100
AcDbText
 73
2
  0
TEXT
  5
385
330
17
100
AcDbEntity
  8
IP坐标表
100
AcDbText
 10
342.68
 20
-318.0
 30
0.0
 40
2.2
  1
3452678.520000
 41
0.7
 72
1
 11
342.68
 21
-318.0
 31
0.0
100
AcDbText
 73
2
  0
TEXT
  5
386
330
17
100
AcDbEntity
  8
IP坐标表
100
AcDbText
 10
363.5
 20
-318.0
 30
0.0
 40
2.2
  1
622971.090000
 41
0.7
 72
1
 11
363.5
 21
-318.0
 31
0.0
100
AcDbText
 73
2
  0
TEXT
  5
387
330
17
100
AcDbEntity
  8
IP坐标表
100
AcDbText
 10
383.58000000000004
 20
-318.0
 30
0.0
 40
2.2
  1
蒲支3+134.64
 41
0.7
 72
1
 11
383.58000000000004
 21
-318.0
 31
0.0
100
AcDbText
 73
2
  0
TEXT
  5
388
330
17
100
AcDbEntity
  8
IP坐标表
100
AcDbText
 10
403.58000000000004
 20
-318.0
 30
0.0
 40
2.2
  1
蒲支3+134.64
 41
0.7
 72
1
 11
403.58000000000004
 21
-318.0
 31
0.0
100
AcDbText
 73
2
  0
TEXT
  5
389
330
17
100
AcDbEntity
  8
IP坐标表
100
AcDbText
 10
423.58000000000004
 20
-318.0
 30
0.0
 40
2.2
  1
蒲支3+134.64
 41
0.7
 72
1
 11
423.58000000000004
 21
-318.0
 31
0.0
100
AcDbText
 73
2
  0
TEXT
  5
38A
330
17
100
AcDbEntity
  8
IP坐标表
100
AcDbText
 10
439.0400000000001
 20
-318.0
 30
0.0
 40
2.2
  1
46.048
 41
0.7
 72
1
 11
439.0400000000001
 21
-318.0
 31
0.0
100
AcDbText
 73
2
  0
TEXT
  5
38B
330
17
100
AcDbEntity
  8
IP坐标表
100
AcDbText
 10
449.30000000000007
 20
-318.0
 30
0.0
 40
2.2
  1
0.000
 41
0.7
 72
1
 11
449.30000000000007
 21
-318.0
 31
0.0
100
AcDbText
 73
2
  0
TEXT
  5
38C
330
17
100
AcDbEntity
  8
IP坐标表
100
AcDbText
 10
459.3500000000001
 20
-318.0
 30
0.0
 40
2.2
  1
0.000
 41
0.7
 72
1
 11
459.3500000000001
 21
-318.0
 31
0.0
100
AcDbText
 73
2
  0
TEXT
  5
38D
330
17
100
AcDbEntity
  8
IP坐标表
100
AcDbText
 10
469.4000000000001
 20
-318.0
 30
0.0
 40
2.2
  1
0.000
 41
0.7
 72
1
 11
469.4000000000001
 21
-318.0
 31
0.0
100
AcDbText
 73
2
  0
TEXT
  5
38E
330
17
100
AcDbEntity
  8
IP坐标表
100
AcDbText
 10
481.7000000000001
 20
-318.0
 30
0.0
 40
2.2
  1
-
 41
0.7
 72
1
 11
481.7000000000001
 21
-318.0
 31
0.0
100
AcDbText
 73
2
  0
TEXT
  5
38F
330
17
100
AcDbEntity
  8
IP坐标表
100
AcDbText
 10
497.9500000000001
 20
-318.0
 30
0.0
 40
2.2
  1
351.658
 41
0.7
 72
1
 11
497.9500000000001
 21
-318.0
 31
0.0
100
AcDbText
 73
2
  0
TEXT
  5
390
330
17
100
AcDbEntity
  8
IP坐标表
100
AcDbText
 10
324.72
 20
-324.0
 30
0.0
 40
2.2
  1
蒲支IP20
 41
0.7
 72
1
 11
324.72
 21
-324.0
 31
0.0
100
AcDbText
 73
2
  0
TEXT
  5
391
330
17
100
AcDbEntity
  8
IP坐标表
100
AcDbText
 10
342.68
 20
-324.0
 30
0.0
 40
2.2
  1
3452802.810000
 41
0.7
 72
1
 11
342.68
 21
-324.0
 31
0.0
100
AcDbText
 73
2
  0
TEXT
  5
392
330
17
100
AcDbEntity
  8
IP坐标表
100
AcDbText
 10
363.5
 20
-324.0
 30
0.0
 40
2.2
  1
622945.490000
 41
0.7
 72
1
 11
363.5
 21
-324.0
 31
0.0
100
AcDbText
 73
2
  0
TEXT
  5
393
330
17
100
AcDbEntity
  8
IP坐标表
100
AcDbText
 10
383.58000000000004
 20
-324.0
 30
0.0
 40
2.2
  1
蒲支3+261.54
 41
0.7
 72
1
 11
383.58000000000004
 21
-324.0
 31
0.0
100
AcDbText
 73
2
  0
TEXT
  5
394
330
17
100
AcDbEntity
  8
IP坐标表
100
AcDbText
 10
403.58000000000004
 20
-324.0
 30
0.0
 40
2.2
  1
蒲支3+261.54
 41
0.7
 72
1
 11
403.58000000000004
 21
-324.0
 31
0.0
100
AcDbText
 73
2
  0
TEXT
  5
395
330
17
100
AcDbEntity
  8
IP坐标表
100
AcDbText
 10
423.58000000000004
 20
-324.0
 30
0.0
 40
2.2
  1
蒲支3+261.54
 41
0.7
 72
1
 11
423.58000000000004
 21
-324.0
 31
0.0
100
AcDbText
 73
2
  0
TEXT
  5
396
330
17
100
AcDbEntity
  8
IP坐标表
100
AcDbText
 10
439.0400000000001
 20
-324.0
 30
0.0
 40
2.2
  1
0.003
 41
0.7
 72
1
 11
439.0400000000001
 21
-324.0
 31
0.0
100
AcDbText
 73
2
  0
TEXT
  5
397
330
17
100
AcDbEntity
  8
IP坐标表
100
AcDbText
 10
449.30000000000007
 20
-324.0
 30
0.0
 40
2.2
  1
0.000
 41
0.7
 72
1
 11
449.30000000000007
 21
-324.0
 31
0.0
100
AcDbText
 73
2
  0
TEXT
  5
398
330
17
100
AcDbEntity
  8
IP坐标表
100
AcDbText
 10
459.3500000000001
 20
-324.0
 30
0.0
 40
2.2
  1
0.000
 41
0.7
 72
1
 11
459.3500000000001
 21
-324.0
 31
0.0
100
AcDbText
 73
2
  0
TEXT
  5
399
330
17
100
AcDbEntity
  8
IP坐标表
100
AcDbText
 10
469.4000000000001
 20
-324.0
 30
0.0
 40
2.2
  1
0.000
 41
0.7
 72
1
 11
469.4000000000001
 21
-324.0
 31
0.0
100
AcDbText
 73
2
  0
TEXT
  5
39A
330
17
100
AcDbEntity
  8
IP坐标表
100
AcDbText
 10
481.7000000000001
 20
-324.0
 30
0.0
 40
2.2
  1
-
 41
0.7
 72
1
 11
481.7000000000001
 21
-324.0
 31
0.0
100
AcDbText
 73
2
  0
TEXT
  5
39B
330
17
100
AcDbEntity
  8
IP坐标表
100
AcDbText
 10
497.9500000000001
 20
-324.0
 30
0.0
 40
2.2
  1
351.573
 41
0.7
 72
1
 11
497.9500000000001
 21
-324.0
 31
0.0
100
AcDbText
 73
2
  0
TEXT
  5
39C
330
17
100
AcDbEntity
  8
IP坐标表
100
AcDbText
 10
324.72
 20
-330.0
 30
0.0
 40
2.2
  1
蒲支IP21
 41
0.7
 72
1
 11
324.72
 21
-330.0
 31
0.0
100
AcDbText
 73
2
  0
TEXT
  5
39D
330
17
100
AcDbEntity
  8
IP坐标表
100
AcDbText
 10
342.68
 20
-330.0
 30
0.0
 40
2.2
  1
3452914.020000
 41
0.7
 72
1
 11
342.68
 21
-330.0
 31
0.0
100
AcDbText
 73
2
  0
TEXT
  5
39E
330
17
100
AcDbEntity
  8
IP坐标表
100
AcDbText
 10
363.5
 20
-330.0
 30
0.0
 40
2.2
  1
622922.590000
 41
0.7
 72
1
 11
363.5
 21
-330.0
 31
0.0
100
AcDbText
 73
2
  0
TEXT
  5
39F
330
17
100
AcDbEntity
  8
IP坐标表
100
AcDbText
 10
383.58000000000004
 20
-330.0
 30
0.0
 40
2.2
  1
蒲支3+375.09
 41
0.7
 72
1
 11
383.58000000000004
 21
-330.0
 31
0.0
100
AcDbText
 73
2
  0
TEXT
  5
3A0
330
17
100
AcDbEntity
  8
IP坐标表
100
AcDbText
 10
403.58000000000004
 20
-330.0
 30
0.0
 40
2.2
  1
蒲支3+375.09
 41
0.7
 72
1
 11
403.58000000000004
 21
-330.0
 31
0.0
100
AcDbText
 73
2
  0
TEXT
  5
3A1
330
17
100
AcDbEntity
  8
IP坐标表
100
AcDbText
 10
423.58000000000004
 20
-330.0
 30
0.0
 40
2.2
  1
蒲支3+375.09
 41
0.7
 72
1
 11
423.58000000000004
 21
-330.0
 31
0.0
100
AcDbText
 73
2
  0
TEXT
  5
3A2
330
17
100
AcDbEntity
  8
IP坐标表
100
AcDbText
 10
439.0400000000001
 20
-330.0
 30
0.0
 40
2.2
  1
54.301
 41
0.7
 72
1
 11
439.0400000000001
 21
-330.0
 31
0.0
100
AcDbText
 73
2
  0
TEXT
  5
3A3
330
17
100
AcDbEntity
  8
IP坐标表
100
AcDbText
 10
449.30000000000007
 20
-330.0
 30
0.0
 40
2.2
  1
0.000
 41
0.7
 72
1
 11
449.30000000000007
 21
-330.0
 31
0.0
100
AcDbText
 73
2
  0
TEXT
  5
3A4
330
17
100
AcDbEntity
  8
IP坐标表
100
AcDbText
 10
459.3500000000001
 20
-330.0
 30
0.0
 40
2.2
  1
0.000
 41
0.7
 72
1
 11
459.3500000000001
 21
-330.0
 31
0.0
100
AcDbText
 73
2
  0
TEXT
  5
3A5
330
17
100
AcDbEntity
  8
IP坐标表
100
AcDbText
 10
469.4000000000001
 20
-330.0
 30
0.0
 40
2.2
  1
0.000
 41
0.7
 72
1
 11
469.4000000000001
 21
-330.0
 31
0.0
100
AcDbText
 73
2
  0
TEXT
  5
3A6
330
17
100
AcDbEntity
  8
IP坐标表
100
AcDbText
 10
481.7000000000001
 20
-330.0
 30
0.0
 40
2.2
  1
-
 41
0.7
 72
1
 11
481.7000000000001
 21
-330.0
 31
0.0
100
AcDbText
 73
2
  0
TEXT
  5
3A7
330
17
100
AcDbEntity
  8
IP坐标表
100
AcDbText
 10
497.9500000000001
 20
-330.0
 30
0.0
 40
2.2
  1
351.491
 41
0.7
 72
1
 11
497.9500000000001
 21
-330.0
 31
0.0
100
AcDbText
 73
2
  0
TEXT
  5
3A8
330
17
100
AcDbEntity
  8
IP坐标表
100
AcDbText
 10
324.72
 20
-336.0
 30
0.0
 40
2.2
  1
蒲支IP22
 41
0.7
 72
1
 11
324.72
 21
-336.0
 31
0.0
100
AcDbText
 73
2
  0
TEXT
  5
3A9
330
17
100
AcDbEntity
  8
IP坐标表
100
AcDbText
 10
342.68
 20
-336.0
 30
0.0
 40
2.2
  1
3452952.500000
 41
0.7
 72
1
 11
342.68
 21
-336.0
 31
0.0
100
AcDbText
 73
2
  0
TEXT
  5
3AA
330
17
100
AcDbEntity
  8
IP坐标表
100
AcDbText
 10
363.5
 20
-336.0
 30
0.0
 40
2.2
  1
622836.420000
 41
0.7
 72
1
 11
363.5
 21
-336.0
 31
0.0
100
AcDbText
 73
2
  0
TEXT
  5
3AB
330
17
100
AcDbEntity
  8
IP坐标表
100
AcDbText
 10
383.58000000000004
 20
-336.0
 30
0.0
 40
2.2
  1
蒲支3+469.46
 41
0.7
 72
1
 11
383.58000000000004
 21
-336.0
 31
0.0
100
AcDbText
 73
2
  0
TEXT
  5
3AC
330
17
100
AcDbEntity
  8
IP坐标表
100
AcDbText
 10
403.58000000000004
 20
-336.0
 30
0.0
 40
2.2
  1
蒲支3+469.46
 41
0.7
 72
1
 11
403.58000000000004
 21
-336.0
 31
0.0
100
AcDbText
 73
2
  0
TEXT
  5
3AD
330
17
100
AcDbEntity
  8
IP坐标表
100
AcDbText
 10
423.58000000000004
 20
-336.0
 30
0.0
 40
2.2
  1
蒲支3+469.46
 41
0.7
 72
1
 11
423.58000000000004
 21
-336.0
 31
0.0
100
AcDbText
 73
2
  0
TEXT
  5
3AE
330
17
100
AcDbEntity
  8
IP坐标表
100
AcDbText
 10
439.0400000000001
 20
-336.0
 30
0.0
 40
2.2
  1
7.058
 41
0.7
 72
1
 11
439.0400000000001
 21
-336.0
 31
0.0
100
AcDbText
 73
2
  0
TEXT
  5
3AF
330
17
100
AcDbEntity
  8
IP坐标表
100
AcDbText
 10
449.30000000000007
 20
-336.0
 30
0.0
 40
2.2
  1
0.000
 41
0.7
 72
1
 11
449.30000000000007
 21
-336.0
 31
0.0
100
AcDbText
 73
2
  0
TEXT
  5
3B0
330
17
100
AcDbEntity
  8
IP坐标表
100
AcDbText
 10
459.3500000000001
 20
-336.0
 30
0.0
 40
2.2
  1
0.000
 41
0.7
 72
1
 11
459.3500000000001
 21
-336.0
 31
0.0
100
AcDbText
 73
2
  0
TEXT
  5
3B1
330
17
100
AcDbEntity
  8
IP坐标表
100
AcDbText
 10
469.4000000000001
 20
-336.0
 30
0.0
 40
2.2
  1
0.000
 41
0.7
 72
1
 11
469.4000000000001
 21
-336.0
 31
0.0
100
AcDbText
 73
2
  0
TEXT
  5
3B2
330
17
100
AcDbEntity
  8
IP坐标表
100
AcDbText
 10
481.7000000000001
 20
-336.0
 30
0.0
 40
2.2
  1
-
 41
0.7
 72
1
 11
481.7000000000001
 21
-336.0
 31
0.0
100
AcDbText
 73
2
  0
TEXT
  5
3B3
330
17
100
AcDbEntity
  8
IP坐标表
100
AcDbText
 10
497.9500000000001
 20
-336.0
 30
0.0
 40
2.2
  1
351.427
 41
0.7
 72
1
 11
497.9500000000001
 21
-336.0
 31
0.0
100
AcDbText
 73
2
  0
TEXT
  5
3B4
330
17
100
AcDbEntity
  8
IP坐标表
100
AcDbText
 10
324.72
 20
-342.0
 30
0.0
 40
2.2
  1
蒲支IP23
 41
0.7
 72
1
 11
324.72
 21
-342.0
 31
0.0
100
AcDbText
 73
2
  0
TEXT
  5
3B5
330
17
100
AcDbEntity
  8
IP坐标表
100
AcDbText
 10
342.68
 20
-342.0
 30
0.0
 40
2.2
  1
3453043.230000
 41
0.7
 72
1
 11
342.68
 21
-342.0
 31
0.0
100
AcDbText
 73
2
  0
TEXT
  5
3B6
330
17
100
AcDbEntity
  8
IP坐标表
100
AcDbText
 10
363.5
 20
-342.0
 30
0.0
 40
2.2
  1
622686.140000
 41
0.7
 72
1
 11
363.5
 21
-342.0
 31
0.0
100
AcDbText
 73
2
  0
TEXT
  5
3B7
330
17
100
AcDbEntity
  8
IP坐标表
100
AcDbText
 10
383.58000000000004
 20
-342.0
 30
0.0
 40
2.2
  1
蒲支3+645.00
 41
0.7
 72
1
 11
383.58000000000004
 21
-342.0
 31
0.0
100
AcDbText
 73
2
  0
TEXT
  5
3B8
330
17
100
AcDbEntity
  8
IP坐标表
100
AcDbText
 10
403.58000000000004
 20
-342.0
 30
0.0
 40
2.2
  1
蒲支3+645.00
 41
0.7
 72
1
 11
403.58000000000004
 21
-342.0
 31
0.0
100
AcDbText
 73
2
  0
TEXT
  5
3B9
330
17
100
AcDbEntity
  8
IP坐标表
100
AcDbText
 10
423.58000000000004
 20
-342.0
 30
0.0
 40
2.2
  1
蒲支3+645.00
 41
0.7
 72
1
 11
423.58000000000004
 21
-342.0
 31
0.0
100
AcDbText
 73
2
  0
TEXT
  5
3BA
330
17
100
AcDbEntity
  8
IP坐标表
100
AcDbText
 10
439.0400000000001
 20
-342.0
 30
0.0
 40
2.2
  1
3.820
 41
0.7
 72
1
 11
439.0400000000001
 21
-342.0
 31
0.0
100
AcDbText
 73
2
  0
TEXT
  5
3BB
330
17
100
AcDbEntity
  8
IP坐标表
100
AcDbText
 10
449.30000000000007
 20
-342.0
 30
0.0
 40
2.2
  1
0.000
 41
0.7
 72
1
 11
449.30000000000007
 21
-342.0
 31
0.0
100
AcDbText
 73
2
  0
TEXT
  5
3BC
330
17
100
AcDbEntity
  8
IP坐标表
100
AcDbText
 10
459.3500000000001
 20
-342.0
 30
0.0
 40
2.2
  1
0.000
 41
0.7
 72
1
 11
459.3500000000001
 21
-342.0
 31
0.0
100
AcDbText
 73
2
  0
TEXT
  5
3BD
330
17
100
AcDbEntity
  8
IP坐标表
100
AcDbText
 10
469.4000000000001
 20
-342.0
 30
0.0
 40
2.2
  1
0.000
 41
0.7
 72
1
 11
469.4000000000001
 21
-342.0
 31
0.0
100
AcDbText
 73
2
  0
TEXT
  5
3BE
330
17
100
AcDbEntity
  8
IP坐标表
100
AcDbText
 10
481.7000000000001
 20
-342.0
 30
0.0
 40
2.2
  1
-
 41
0.7
 72
1
 11
481.7000000000001
 21
-342.0
 31
0.0
100
AcDbText
 73
2
  0
TEXT
  5
3BF
330
17
100
AcDbEntity
  8
IP坐标表
100
AcDbText
 10
497.9500000000001
 20
-342.0
 30
0.0
 40
2.2
  1
351.309
 41
0.7
 72
1
 11
497.9500000000001
 21
-342.0
 31
0.0
100
AcDbText
 73
2
  0
TEXT
  5
3C0
330
17
100
AcDbEntity
  8
IP坐标表
100
AcDbText
 10
324.72
 20
-348.0
 30
0.0
 40
2.2
  1
蒲支IP24
 41
0.7
 72
1
 11
324.72
 21
-348.0
 31
0.0
100
AcDbText
 73
2
  0
TEXT
  5
3C1
330
17
100
AcDbEntity
  8
IP坐标表
100
AcDbText
 10
342.68
 20
-348.0
 30
0.0
 40
2.2
  1
3453176.660000
 41
0.7
 72
1
 11
342.68
 21
-348.0
 31
0.0
100
AcDbText
 73
2
  0
TEXT
  5
3C2
330
17
100
AcDbEntity
  8
IP坐标表
100
AcDbText
 10
363.5
 20
-348.0
 30
0.0
 40
2.2
  1
622427.640000
 41
0.7
 72
1
 11
363.5
 21
-348.0
 31
0.0
100
AcDbText
 73
2
  0
TEXT
  5
3C3
330
17
100
AcDbEntity
  8
IP坐标表
100
AcDbText
 10
383.58000000000004
 20
-348.0
 30
0.0
 40
2.2
  1
蒲支3+935.91
 41
0.7
 72
1
 11
383.58000000000004
 21
-348.0
 31
0.0
100
AcDbText
 73
2
  0
TEXT
  5
3C4
330
17
100
AcDbEntity
  8
IP坐标表
100
AcDbText
 10
403.58000000000004
 20
-348.0
 30
0.0
 40
2.2
  1
蒲支3+935.91
 41
0.7
 72
1
 11
403.58000000000004
 21
-348.0
 31
0.0
100
AcDbText
 73
2
  0
TEXT
  5
3C5
330
17
100
AcDbEntity
  8
IP坐标表
100
AcDbText
 10
423.58000000000004
 20
-348.0
 30
0.0
 40
2.2
  1
蒲支3+935.91
 41
0.7
 72
1
 11
423.58000000000004
 21
-348.0
 31
0.0
100
AcDbText
 73
2
  0
TEXT
  5
3C6
330
17
100
AcDbEntity
  8
IP坐标表
100
AcDbText
 10
439.0400000000001
 20
-348.0
 30
0.0
 40
2.2
  1
4.929
 41
0.7
 72
1
 11
439.0400000000001
 21
-348.0
 31
0.0
100
AcDbText
 73
2
  0
TEXT
  5
3C7
330
17
100
AcDbEntity
  8
IP坐标表
100
AcDbText
 10
449.30000000000007
 20
-348.0
 30
0.0
 40
2.2
  1
0.000
 41
0.7
 72
1
 11
449.30000000000007
 21
-348.0
 31
0.0
100
AcDbText
 73
2
  0
TEXT
  5
3C8
330
17
100
AcDbEntity
  8
IP坐标表
100
AcDbText
 10
459.3500000000001
 20
-348.0
 30
0.0
 40
2.2
  1
0.000
 41
0.7
 72
1
 11
459.3500000000001
 21
-348.0
 31
0.0
100
AcDbText
 73
2
  0
TEXT
  5
3C9
330
17
100
AcDbEntity
  8
IP坐标表
100
AcDbText
 10
469.4000000000001
 20
-348.0
 30
0.0
 40
2.2
  1
0.000
 41
0.7
 72
1
 11
469.4000000000001
 21
-348.0
 31
0.0
100
AcDbText
 73
2
  0
TEXT
  5
3CA
330
17
100
AcDbEntity
  8
IP坐标表
100
AcDbText
 10
481.7000000000001
 20
-348.0
 30
0.0
 40
2.2
  1
-
 41
0.7
 72
1
 11
481.7000000000001
 21
-348.0
 31
0.0
100
AcDbText
 73
2
  0
TEXT
  5
3CB
330
17
100
AcDbEntity
  8
IP坐标表
100
AcDbText
 10
497.9500000000001
 20
-348.0
 30
0.0
 40
2.2
  1
351.113
 41
0.7
 72
1
 11
497.9500000000001
 21
-348.0
 31
0.0
100
AcDbText
 73
2
  0
TEXT
  5
3CC
330
17
100
AcDbEntity
  8
IP坐标表
100
AcDbText
 10
324.72
 20
-354.0
 30
0.0
 40
2.2
  1
蒲支IP25
 41
0.7
 72
1
 11
324.72
 21
-354.0
 31
0.0
100
AcDbText
 73
2
  0
TEXT
  5
3CD
330
17
100
AcDbEntity
  8
IP坐标表
100
AcDbText
 10
342.68
 20
-354.0
 30
0.0
 40
2.2
  1
3453204.420000
 41
0.7
 72
1
 11
342.68
 21
-354.0
 31
0.0
100
AcDbText
 73
2
  0
TEXT
  5
3CE
330
17
100
AcDbEntity
  8
IP坐标表
100
AcDbText
 10
363.5
 20
-354.0
 30
0.0
 40
2.2
  1
622383.610000
 41
0.7
 72
1
 11
363.5
 21
-354.0
 31
0.0
100
AcDbText
 73
2
  0
TEXT
  5
3CF
330
17
100
AcDbEntity
  8
IP坐标表
100
AcDbText
 10
383.58000000000004
 20
-354.0
 30
0.0
 40
2.2
  1
蒲支3+987.96
 41
0.7
 72
1
 11
383.58000000000004
 21
-354.0
 31
0.0
100
AcDbText
 73
2
  0
TEXT
  5
3D0
330
17
100
AcDbEntity
  8
IP坐标表
100
AcDbText
 10
403.58000000000004
 20
-354.0
 30
0.0
 40
2.2
  1
蒲支3+987.96
 41
0.7
 72
1
 11
403.58000000000004
 21
-354.0
 31
0.0
100
AcDbText
 73
2
  0
TEXT
  5
3D1
330
17
100
AcDbEntity
  8
IP坐标表
100
AcDbText
 10
423.58000000000004
 20
-354.0
 30
0.0
 40
2.2
  1
蒲支3+987.96
 41
0.7
 72
1
 11
423.58000000000004
 21
-354.0
 31
0.0
100
AcDbText
 73
2
  0
TEXT
  5
3D2
330
17
100
AcDbEntity
  8
IP坐标表
100
AcDbText
 10
439.0400000000001
 20
-354.0
 30
0.0
 40
2.2
  1
0.002
 41
0.7
 72
1
 11
439.0400000000001
 21
-354.0
 31
0.0
100
AcDbText
 73
2
  0
TEXT
  5
3D3
330
17
100
AcDbEntity
  8
IP坐标表
100
AcDbText
 10
449.30000000000007
 20
-354.0
 30
0.0
 40
2.2
  1
0.000
 41
0.7
 72
1
 11
449.30000000000007
 21
-354.0
 31
0.0
100
AcDbText
 73
2
  0
TEXT
  5
3D4
330
17
100
AcDbEntity
  8
IP坐标表
100
AcDbText
 10
459.3500000000001
 20
-354.0
 30
0.0
 40
2.2
  1
0.000
 41
0.7
 72
1
 11
459.3500000000001
 21
-354.0
 31
0.0
100
AcDbText
 73
2
  0
TEXT
  5
3D5
330
17
100
AcDbEntity
  8
IP坐标表
100
AcDbText
 10
469.4000000000001
 20
-354.0
 30
0.0
 40
2.2
  1
0.000
 41
0.7
 72
1
 11
469.4000000000001
 21
-354.0
 31
0.0
100
AcDbText
 73
2
  0
TEXT
  5
3D6
330
17
100
AcDbEntity
  8
IP坐标表
100
AcDbText
 10
481.7000000000001
 20
-354.0
 30
0.0
 40
2.2
  1
-
 41
0.7
 72
1
 11
481.7000000000001
 21
-354.0
 31
0.0
100
AcDbText
 73
2
  0
TEXT
  5
3D7
330
17
100
AcDbEntity
  8
IP坐标表
100
AcDbText
 10
497.9500000000001
 20
-354.0
 30
0.0
 40
2.2
  1
351.078
 41
0.7
 72
1
 11
497.9500000000001
 21
-354.0
 31
0.0
100
AcDbText
 73
2
  0
TEXT
  5
3D8
330
17
100
AcDbEntity
  8
IP坐标表
100
AcDbText
 10
324.72
 20
-360.0
 30
0.0
 40
2.2
  1
蒲支IP26
 41
0.7
 72
1
 11
324.72
 21
-360.0
 31
0.0
100
AcDbText
 73
2
  0
TEXT
  5
3D9
330
17
100
AcDbEntity
  8
IP坐标表
100
AcDbText
 10
342.68
 20
-360.0
 30
0.0
 40
2.2
  1
3453295.190000
 41
0.7
 72
1
 11
342.68
 21
-360.0
 31
0.0
100
AcDbText
 73
2
  0
TEXT
  5
3DA
330
17
100
AcDbEntity
  8
IP坐标表
100
AcDbText
 10
363.5
 20
-360.0
 30
0.0
 40
2.2
  1
622239.630000
 41
0.7
 72
1
 11
363.5
 21
-360.0
 31
0.0
100
AcDbText
 73
2
  0
TEXT
  5
3DB
330
17
100
AcDbEntity
  8
IP坐标表
100
AcDbText
 10
383.58000000000004
 20
-360.0
 30
0.0
 40
2.2
  1
蒲支4+158.16
 41
0.7
 72
1
 11
383.58000000000004
 21
-360.0
 31
0.0
100
AcDbText
 73
2
  0
TEXT
  5
3DC
330
17
100
AcDbEntity
  8
IP坐标表
100
AcDbText
 10
403.58000000000004
 20
-360.0
 30
0.0
 40
2.2
  1
蒲支4+158.16
 41
0.7
 72
1
 11
403.58000000000004
 21
-360.0
 31
0.0
100
AcDbText
 73
2
  0
TEXT
  5
3DD
330
17
100
AcDbEntity
  8
IP坐标表
100
AcDbText
 10
423.58000000000004
 20
-360.0
 30
0.0
 40
2.2
  1
蒲支4+158.16
 41
0.7
 72
1
 11
423.58000000000004
 21
-360.0
 31
0.0
100
AcDbText
 73
2
  0
TEXT
  5
3DE
330
17
100
AcDbEntity
  8
IP坐标表
100
AcDbText
 10
439.0400000000001
 20
-360.0
 30
0.0
 40
2.2
  1
18.632
 41
0.7
 72
1
 11
439.0400000000001
 21
-360.0
 31
0.0
100
AcDbText
 73
2
  0
TEXT
  5
3DF
330
17
100
AcDbEntity
  8
IP坐标表
100
AcDbText
 10
449.30000000000007
 20
-360.0
 30
0.0
 40
2.2
  1
0.000
 41
0.7
 72
1
 11
449.30000000000007
 21
-360.0
 31
0.0
100
AcDbText
 73
2
  0
TEXT
  5
3E0
330
17
100
AcDbEntity
  8
IP坐标表
100
AcDbText
 10
459.3500000000001
 20
-360.0
 30
0.0
 40
2.2
  1
0.000
 41
0.7
 72
1
 11
459.3500000000001
 21
-360.0
 31
0.0
100
AcDbText
 73
2
  0
TEXT
  5
3E1
330
17
100
AcDbEntity
  8
IP坐标表
100
AcDbText
 10
469.4000000000001
 20
-360.0
 30
0.0
 40
2.2
  1
0.000
 41
0.7
 72
1
 11
469.4000000000001
 21
-360.0
 31
0.0
100
AcDbText
 73
2
  0
TEXT
  5
3E2
330
17
100
AcDbEntity
  8
IP坐标表
100
AcDbText
 10
481.7000000000001
 20
-360.0
 30
0.0
 40
2.2
  1
-
 41
0.7
 72
1
 11
481.7000000000001
 21
-360.0
 31
0.0
100
AcDbText
 73
2
  0
TEXT
  5
3E3
330
17
100
AcDbEntity
  8
IP坐标表
100
AcDbText
 10
497.9500000000001
 20
-360.0
 30
0.0
 40
2.2
  1
350.963
 41
0.7
 72
1
 11
497.9500000000001
 21
-360.0
 31
0.0
100
AcDbText
 73
2
  0
TEXT
  5
3E4
330
17
100
AcDbEntity
  8
IP坐标表
100
AcDbText
 10
324.72
 20
-366.0
 30
0.0
 40
2.2
  1
蒲支IP27
 41
0.7
 72
1
 11
324.72
 21
-366.0
 31
0.0
100
AcDbText
 73
2
  0
TEXT
  5
3E5
330
17
100
AcDbEntity
  8
IP坐标表
100
AcDbText
 10
342.68
 20
-366.0
 30
0.0
 40
2.2
  1
3453377.690000
 41
0.7
 72
1
 11
342.68
 21
-366.0
 31
0.0
100
AcDbText
 73
2
  0
TEXT
  5
3E6
330
17
100
AcDbEntity
  8
IP坐标表
100
AcDbText
 10
363.5
 20
-366.0
 30
0.0
 40
2.2
  1
622172.490000
 41
0.7
 72
1
 11
363.5
 21
-366.0
 31
0.0
100
AcDbText
 73
2
  0
TEXT
  5
3E7
330
17
100
AcDbEntity
  8
IP坐标表
100
AcDbText
 10
383.58000000000004
 20
-366.0
 30
0.0
 40
2.2
  1
蒲支4+264.53
 41
0.7
 72
1
 11
383.58000000000004
 21
-366.0
 31
0.0
100
AcDbText
 73
2
  0
TEXT
  5
3E8
330
17
100
AcDbEntity
  8
IP坐标表
100
AcDbText
 10
403.58000000000004
 20
-366.0
 30
0.0
 40
2.2
  1
蒲支4+264.53
 41
0.7
 72
1
 11
403.58000000000004
 21
-366.0
 31
0.0
100
AcDbText
 73
2
  0
TEXT
  5
3E9
330
17
100
AcDbEntity
  8
IP坐标表
100
AcDbText
 10
423.58000000000004
 20
-366.0
 30
0.0
 40
2.2
  1
蒲支4+264.53
 41
0.7
 72
1
 11
423.58000000000004
 21
-366.0
 31
0.0
100
AcDbText
 73
2
  0
TEXT
  5
3EA
330
17
100
AcDbEntity
  8
IP坐标表
100
AcDbText
 10
439.0400000000001
 20
-366.0
 30
0.0
 40
2.2
  1
20.810
 41
0.7
 72
1
 11
439.0400000000001
 21
-366.0
 31
0.0
100
AcDbText
 73
2
  0
TEXT
  5
3EB
330
17
100
AcDbEntity
  8
IP坐标表
100
AcDbText
 10
449.30000000000007
 20
-366.0
 30
0.0
 40
2.2
  1
0.000
 41
0.7
 72
1
 11
449.30000000000007
 21
-366.0
 31
0.0
100
AcDbText
 73
2
  0
TEXT
  5
3EC
330
17
100
AcDbEntity
  8
IP坐标表
100
AcDbText
 10
459.3500000000001
 20
-366.0
 30
0.0
 40
2.2
  1
0.000
 41
0.7
 72
1
 11
459.3500000000001
 21
-366.0
 31
0.0
100
AcDbText
 73
2
  0
TEXT
  5
3ED
330
17
100
AcDbEntity
  8
IP坐标表
100
AcDbText
 10
469.4000000000001
 20
-366.0
 30
0.0
 40
2.2
  1
0.000
 41
0.7
 72
1
 11
469.4000000000001
 21
-366.0
 31
0.0
100
AcDbText
 73
2
  0
TEXT
  5
3EE
330
17
100
AcDbEntity
  8
IP坐标表
100
AcDbText
 10
481.7000000000001
 20
-366.0
 30
0.0
 40
2.2
  1
-
 41
0.7
 72
1
 11
481.7000000000001
 21
-366.0
 31
0.0
100
AcDbText
 73
2
  0
TEXT
  5
3EF
330
17
100
AcDbEntity
  8
IP坐标表
100
AcDbText
 10
497.9500000000001
 20
-366.0
 30
0.0
 40
2.2
  1
350.890
 41
0.7
 72
1
 11
497.9500000000001
 21
-366.0
 31
0.0
100
AcDbText
 73
2
  0
TEXT
  5
3F0
330
17
100
AcDbEntity
  8
IP坐标表
100
AcDbText
 10
324.72
 20
-372.0
 30
0.0
 40
2.2
  1
蒲支IP28
 41
0.7
 72
1
 11
324.72
 21
-372.0
 31
0.0
100
AcDbText
 73
2
  0
TEXT
  5
3F1
330
17
100
AcDbEntity
  8
IP坐标表
100
AcDbText
 10
342.68
 20
-372.0
 30
0.0
 40
2.2
  1
3453446.940000
 41
0.7
 72
1
 11
342.68
 21
-372.0
 31
0.0
100
AcDbText
 73
2
  0
TEXT
  5
3F2
330
17
100
AcDbEntity
  8
IP坐标表
100
AcDbText
 10
363.5
 20
-372.0
 30
0.0
 40
2.2
  1
622052.790000
 41
0.7
 72
1
 11
363.5
 21
-372.0
 31
0.0
100
AcDbText
 73
2
  0
TEXT
  5
3F3
330
17
100
AcDbEntity
  8
IP坐标表
100
AcDbText
 10
383.58000000000004
 20
-372.0
 30
0.0
 40
2.2
  1
蒲支4+402.82
 41
0.7
 72
1
 11
383.58000000000004
 21
-372.0
 31
0.0
100
AcDbText
 73
2
  0
TEXT
  5
3F4
330
17
100
AcDbEntity
  8
IP坐标表
100
AcDbText
 10
403.58000000000004
 20
-372.0
 30
0.0
 40
2.2
  1
蒲支4+402.82
 41
0.7
 72
1
 11
403.58000000000004
 21
-372.0
 31
0.0
100
AcDbText
 73
2
  0
TEXT
  5
3F5
330
17
100
AcDbEntity
  8
IP坐标表
100
AcDbText
 10
423.58000000000004
 20
-372.0
 30
0.0
 40
2.2
  1
蒲支4+402.82
 41
0.7
 72
1
 11
423.58000000000004
 21
-372.0
 31
0.0
100
AcDbText
 73
2
  0
TEXT
  5
3F6
330
17
100
AcDbEntity
  8
IP坐标表
100
AcDbText
 10
439.0400000000001
 20
-372.0
 30
0.0
 40
2.2
  1
25.878
 41
0.7
 72
1
 11
439.0400000000001
 21
-372.0
 31
0.0
100
AcDbText
 73
2
  0
TEXT
  5
3F7
330
17
100
AcDbEntity
  8
IP坐标表
100
AcDbText
 10
449.30000000000007
 20
-372.0
 30
0.0
 40
2.2
  1
0.000
 41
0.7
 72
1
 11
449.30000000000007
 21
-372.0
 31
0.0
100
AcDbText
 73
2
  0
TEXT
  5
3F8
330
17
100
AcDbEntity
  8
IP坐标表
100
AcDbText
 10
459.3500000000001
 20
-372.0
 30
0.0
 40
2.2
  1
0.000
 41
0.7
 72
1
 11
459.3500000000001
 21
-372.0
 31
0.0
100
AcDbText
 73
2
  0
TEXT
  5
3F9
330
17
100
AcDbEntity
  8
IP坐标表
100
AcDbText
 10
469.4000000000001
 20
-372.0
 30
0.0
 40
2.2
  1
0.000
 41
0.7
 72
1
 11
469.4000000000001
 21
-372.0
 31
0.0
100
AcDbText
 73
2
  0
TEXT
  5
3FA
330
17
100
AcDbEntity
  8
IP坐标表
100
AcDbText
 10
481.7000000000001
 20
-372.0
 30
0.0
 40
2.2
  1
-
 41
0.7
 72
1
 11
481.7000000000001
 21
-372.0
 31
0.0
100
AcDbText
 73
2
  0
TEXT
  5
3FB
330
17
100
AcDbEntity
  8
IP坐标表
100
AcDbText
 10
497.9500000000001
 20
-372.0
 30
0.0
 40
2.2
  1
350.796
 41
0.7
 72
1
 11
497.9500000000001
 21
-372.0
 31
0.0
100
AcDbText
 73
2
  0
TEXT
  5
3FC
330
17
100
AcDbEntity
  8
IP坐标表
100
AcDbText
 10
324.72
 20
-378.0
 30
0.0
 40
2.2
  1
蒲支IP29
 41
0.7
 72
1
 11
324.72
 21
-378.0
 31
0.0
100
AcDbText
 73
2
  0
TEXT
  5
3FD
330
17
100
AcDbEntity
  8
IP坐标表
100
AcDbText
 10
342.68
 20
-378.0
 30
0.0
 40
2.2
  1
3453528.750000
 41
0.7
 72
1
 11
342.68
 21
-378.0
 31
0.0
100
AcDbText
 73
2
  0
TEXT
  5
3FE
330
17
100
AcDbEntity
  8
IP坐标表
100
AcDbText
 10
363.5
 20
-378.0
 30
0.0
 40
2.2
  1
621997.460000
 41
0.7
 72
1
 11
363.5
 21
-378.0
 31
0.0
100
AcDbText
 73
2
  0
TEXT
  5
3FF
330
17
100
AcDbEntity
  8
IP坐标表
100
AcDbText
 10
383.58000000000004
 20
-378.0
 30
0.0
 40
2.2
  1
蒲支4+501.58
 41
0.7
 72
1
 11
383.58000000000004
 21
-378.0
 31
0.0
100
AcDbText
 73
2
  0
TEXT
  5
400
330
17
100
AcDbEntity
  8
IP坐标表
100
AcDbText
 10
403.58000000000004
 20
-378.0
 30
0.0
 40
2.2
  1
蒲支4+501.58
 41
0.7
 72
1
 11
403.58000000000004
 21
-378.0
 31
0.0
100
AcDbText
 73
2
  0
TEXT
  5
401
330
17
100
AcDbEntity
  8
IP坐标表
100
AcDbText
 10
423.58000000000004
 20
-378.0
 30
0.0
 40
2.2
  1
蒲支4+501.58
 41
0.7
 72
1
 11
423.58000000000004
 21
-378.0
 31
0.0
100
AcDbText
 73
2
  0
TEXT
  5
402
330
17
100
AcDbEntity
  8
IP坐标表
100
AcDbText
 10
439.0400000000001
 20
-378.0
 30
0.0
 40
2.2
  1
14.281
 41
0.7
 72
1
 11
439.0400000000001
 21
-378.0
 31
0.0
100
AcDbText
 73
2
  0
TEXT
  5
403
330
17
100
AcDbEntity
  8
IP坐标表
100
AcDbText
 10
449.30000000000007
 20
-378.0
 30
0.0
 40
2.2
  1
0.000
 41
0.7
 72
1
 11
449.30000000000007
 21
-378.0
 31
0.0
100
AcDbText
 73
2
  0
TEXT
  5
404
330
17
100
AcDbEntity
  8
IP坐标表
100
AcDbText
 10
459.3500000000001
 20
-378.0
 30
0.0
 40
2.2
  1
0.000
 41
0.7
 72
1
 11
459.3500000000001
 21
-378.0
 31
0.0
100
AcDbText
 73
2
  0
TEXT
  5
405
330
17
100
AcDbEntity
  8
IP坐标表
100
AcDbText
 10
469.4000000000001
 20
-378.0
 30
0.0
 40
2.2
  1
0.000
 41
0.7
 72
1
 11
469.4000000000001
 21
-378.0
 31
0.0
100
AcDbText
 73
2
  0
TEXT
  5
406
330
17
100
AcDbEntity
  8
IP坐标表
100
AcDbText
 10
481.7000000000001
 20
-378.0
 30
0.0
 40
2.2
  1
-
 41
0.7
 72
1
 11
481.7000000000001
 21
-378.0
 31
0.0
100
AcDbText
 73
2
  0
TEXT
  5
407
330
17
100
AcDbEntity
  8
IP坐标表
100
AcDbText
 10
497.9500000000001
 20
-378.0
 30
0.0
 40
2.2
  1
350.729
 41
0.7
 72
1
 11
497.9500000000001
 21
-378.0
 31
0.0
100
AcDbText
 73
2
  0
TEXT
  5
408
330
17
100
AcDbEntity
  8
IP坐标表
100
AcDbText
 10
324.72
 20
-384.0
 30
0.0
 40
2.2
  1
蒲支IP30
 41
0.7
 72
1
 11
324.72
 21
-384.0
 31
0.0
100
AcDbText
 73
2
  0
TEXT
  5
409
330
17
100
AcDbEntity
  8
IP坐标表
100
AcDbText
 10
342.68
 20
-384.0
 30
0.0
 40
2.2
  1
3453540.950000
 41
0.7
 72
1
 11
342.68
 21
-384.0
 31
0.0
100
AcDbText
 73
2
  0
TEXT
  5
40A
330
17
100
AcDbEntity
  8
IP坐标表
100
AcDbText
 10
363.5
 20
-384.0
 30
0.0
 40
2.2
  1
621993.070000
 41
0.7
 72
1
 11
363.5
 21
-384.0
 31
0.0
100
AcDbText
 73
2
  0
TEXT
  5
40B
330
17
100
AcDbEntity
  8
IP坐标表
100
AcDbText
 10
383.58000000000004
 20
-384.0
 30
0.0
 40
2.2
  1
蒲支4+514.55
 41
0.7
 72
1
 11
383.58000000000004
 21
-384.0
 31
0.0
100
AcDbText
 73
2
  0
TEXT
  5
40C
330
17
100
AcDbEntity
  8
IP坐标表
100
AcDbText
 10
403.58000000000004
 20
-384.0
 30
0.0
 40
2.2
  1
蒲支4+514.55
 41
0.7
 72
1
 11
403.58000000000004
 21
-384.0
 31
0.0
100
AcDbText
 73
2
  0
TEXT
  5
40D
330
17
100
AcDbEntity
  8
IP坐标表
100
AcDbText
 10
423.58000000000004
 20
-384.0
 30
0.0
 40
2.2
  1
蒲支4+514.55
 41
0.7
 72
1
 11
423.58000000000004
 21
-384.0
 31
0.0
100
AcDbText
 73
2
  0
TEXT
  5
40E
330
17
100
AcDbEntity
  8
IP坐标表
100
AcDbText
 10
439.0400000000001
 20
-384.0
 30
0.0
 40
2.2
  1
0.008
 41
0.7
 72
1
 11
439.0400000000001
 21
-384.0
 31
0.0
100
AcDbText
 73
2
  0
TEXT
  5
40F
330
17
100
AcDbEntity
  8
IP坐标表
100
AcDbText
 10
449.30000000000007
 20
-384.0
 30
0.0
 40
2.2
  1
0.000
 41
0.7
 72
1
 11
449.30000000000007
 21
-384.0
 31
0.0
100
AcDbText
 73
2
  0
TEXT
  5
410
330
17
100
AcDbEntity
  8
IP坐标表
100
AcDbText
 10
459.3500000000001
 20
-384.0
 30
0.0
 40
2.2
  1
0.000
 41
0.7
 72
1
 11
459.3500000000001
 21
-384.0
 31
0.0
100
AcDbText
 73
2
  0
TEXT
  5
411
330
17
100
AcDbEntity
  8
IP坐标表
100
AcDbText
 10
469.4000000000001
 20
-384.0
 30
0.0
 40
2.2
  1
0.000
 41
0.7
 72
1
 11
469.4000000000001
 21
-384.0
 31
0.0
100
AcDbText
 73
2
  0
TEXT
  5
412
330
17
100
AcDbEntity
  8
IP坐标表
100
AcDbText
 10
481.7000000000001
 20
-384.0
 30
0.0
 40
2.2
  1
-
 41
0.7
 72
1
 11
481.7000000000001
 21
-384.0
 31
0.0
100
AcDbText
 73
2
  0
TEXT
  5
413
330
17
100
AcDbEntity
  8
IP坐标表
100
AcDbText
 10
497.9500000000001
 20
-384.0
 30
0.0
 40
2.2
  1
350.720
 41
0.7
 72
1
 11
497.9500000000001
 21
-384.0
 31
0.0
100
AcDbText
 73
2
  0
TEXT
  5
414
330
17
100
AcDbEntity
  8
IP坐标表
100
AcDbText
 10
324.72
 20
-390.0
 30
0.0
 40
2.2
  1
蒲支IP31
 41
0.7
 72
1
 11
324.72
 21
-390.0
 31
0.0
100
AcDbText
 73
2
  0
TEXT
  5
415
330
17
100
AcDbEntity
  8
IP坐标表
100
AcDbText
 10
342.68
 20
-390.0
 30
0.0
 40
2.2
  1
3453573.450000
 41
0.7
 72
1
 11
342.68
 21
-390.0
 31
0.0
100
AcDbText
 73
2
  0
TEXT
  5
416
330
17
100
AcDbEntity
  8
IP坐标表
100
AcDbText
 10
363.5
 20
-390.0
 30
0.0
 40
2.2
  1
621981.370000
 41
0.7
 72
1
 11
363.5
 21
-390.0
 31
0.0
100
AcDbText
 73
2
  0
TEXT
  5
417
330
17
100
AcDbEntity
  8
IP坐标表
100
AcDbText
 10
383.58000000000004
 20
-390.0
 30
0.0
 40
2.2
  1
蒲支4+549.09
 41
0.7
 72
1
 11
383.58000000000004
 21
-390.0
 31
0.0
100
AcDbText
 73
2
  0
TEXT
  5
418
330
17
100
AcDbEntity
  8
IP坐标表
100
AcDbText
 10
403.58000000000004
 20
-390.0
 30
0.0
 40
2.2
  1
蒲支4+549.09
 41
0.7
 72
1
 11
403.58000000000004
 21
-390.0
 31
0.0
100
AcDbText
 73
2
  0
TEXT
  5
419
330
17
100
AcDbEntity
  8
IP坐标表
100
AcDbText
 10
423.58000000000004
 20
-390.0
 30
0.0
 40
2.2
  1
蒲支4+549.09
 41
0.7
 72
1
 11
423.58000000000004
 21
-390.0
 31
0.0
100
AcDbText
 73
2
  0
TEXT
  5
41A
330
17
100
AcDbEntity
  8
IP坐标表
100
AcDbText
 10
439.0400000000001
 20
-390.0
 30
0.0
 40
2.2
  1
41.421
 41
0.7
 72
1
 11
439.0400000000001
 21
-390.0
 31
0.0
100
AcDbText
 73
2
  0
TEXT
  5
41B
330
17
100
AcDbEntity
  8
IP坐标表
100
AcDbText
 10
449.30000000000007
 20
-390.0
 30
0.0
 40
2.2
  1
0.000
 41
0.7
 72
1
 11
449.30000000000007
 21
-390.0
 31
0.0
100
AcDbText
 73
2
  0
TEXT
  5
41C
330
17
100
AcDbEntity
  8
IP坐标表
100
AcDbText
 10
459.3500000000001
 20
-390.0
 30
0.0
 40
2.2
  1
0.000
 41
0.7
 72
1
 11
459.3500000000001
 21
-390.0
 31
0.0
100
AcDbText
 73
2
  0
TEXT
  5
41D
330
17
100
AcDbEntity
  8
IP坐标表
100
AcDbText
 10
469.4000000000001
 20
-390.0
 30
0.0
 40
2.2
  1
0.000
 41
0.7
 72
1
 11
469.4000000000001
 21
-390.0
 31
0.0
100
AcDbText
 73
2
  0
TEXT
  5
41E
330
17
100
AcDbEntity
  8
IP坐标表
100
AcDbText
 10
481.7000000000001
 20
-390.0
 30
0.0
 40
2.2
  1
-
 41
0.7
 72
1
 11
481.7000000000001
 21
-390.0
 31
0.0
100
AcDbText
 73
2
  0
TEXT
  5
41F
330
17
100
AcDbEntity
  8
IP坐标表
100
AcDbText
 10
497.9500000000001
 20
-390.0
 30
0.0
 40
2.2
  1
350.694
 41
0.7
 72
1
 11
497.9500000000001
 21
-390.0
 31
0.0
100
AcDbText
 73
2
  0
TEXT
  5
420
330
17
100
AcDbEntity
  8
IP坐标表
100
AcDbText
 10
324.72
 20
-396.0
 30
0.0
 40
2.2
  1
蒲支IP32
 41
0.7
 72
1
 11
324.72
 21
-396.0
 31
0.0
100
AcDbText
 73
2
  0
TEXT
  5
421
330
17
100
AcDbEntity
  8
IP坐标表
100
AcDbText
 10
342.68
 20
-396.0
 30
0.0
 40
2.2
  1
3453607.380000
 41
0.7
 72
1
 11
342.68
 21
-396.0
 31
0.0
100
AcDbText
 73
2
  0
TEXT
  5
422
330
17
100
AcDbEntity
  8
IP坐标表
100
AcDbText
 10
363.5
 20
-396.0
 30
0.0
 40
2.2
  1
621919.600000
 41
0.7
 72
1
 11
363.5
 21
-396.0
 31
0.0
100
AcDbText
 73
2
  0
TEXT
  5
423
330
17
100
AcDbEntity
  8
IP坐标表
100
AcDbText
 10
383.58000000000004
 20
-396.0
 30
0.0
 40
2.2
  1
蒲支4+619.57
 41
0.7
 72
1
 11
383.58000000000004
 21
-396.0
 31
0.0
100
AcDbText
 73
2
  0
TEXT
  5
424
330
17
100
AcDbEntity
  8
IP坐标表
100
AcDbText
 10
403.58000000000004
 20
-396.0
 30
0.0
 40
2.2
  1
蒲支4+619.57
 41
0.7
 72
1
 11
403.58000000000004
 21
-396.0
 31
0.0
100
AcDbText
 73
2
  0
TEXT
  5
425
330
17
100
AcDbEntity
  8
IP坐标表
100
AcDbText
 10
423.58000000000004
 20
-396.0
 30
0.0
 40
2.2
  1
蒲支4+619.57
 41
0.7
 72
1
 11
423.58000000000004
 21
-396.0
 31
0.0
100
AcDbText
 73
2
  0
TEXT
  5
426
330
17
100
AcDbEntity
  8
IP坐标表
100
AcDbText
 10
439.0400000000001
 20
-396.0
 30
0.0
 40
2.2
  1
12.769
 41
0.7
 72
1
 11
439.0400000000001
 21
-396.0
 31
0.0
100
AcDbText
 73
2
  0
TEXT
  5
427
330
17
100
AcDbEntity
  8
IP坐标表
100
AcDbText
 10
449.30000000000007
 20
-396.0
 30
0.0
 40
2.2
  1
0.000
 41
0.7
 72
1
 11
449.30000000000007
 21
-396.0
 31
0.0
100
AcDbText
 73
2
  0
TEXT
  5
428
330
17
100
AcDbEntity
  8
IP坐标表
100
AcDbText
 10
459.3500000000001
 20
-396.0
 30
0.0
 40
2.2
  1
0.000
 41
0.7
 72
1
 11
459.3500000000001
 21
-396.0
 31
0.0
100
AcDbText
 73
2
  0
TEXT
  5
429
330
17
100
AcDbEntity
  8
IP坐标表
100
AcDbText
 10
469.4000000000001
 20
-396.0
 30
0.0
 40
2.2
  1
0.000
 41
0.7
 72
1
 11
469.4000000000001
 21
-396.0
 31
0.0
100
AcDbText
 73
2
  0
TEXT
  5
42A
330
17
100
AcDbEntity
  8
IP坐标表
100
AcDbText
 10
481.7000000000001
 20
-396.0
 30
0.0
 40
2.2
  1
-
 41
0.7
 72
1
 11
481.7000000000001
 21
-396.0
 31
0.0
100
AcDbText
 73
2
  0
TEXT
  5
42B
330
17
100
AcDbEntity
  8
IP坐标表
100
AcDbText
 10
497.9500000000001
 20
-396.0
 30
0.0
 40
2.2
  1
350.646
 41
0.7
 72
1
 11
497.9500000000001
 21
-396.0
 31
0.0
100
AcDbText
 73
2
  0
TEXT
  5
42C
330
17
100
AcDbEntity
  8
IP坐标表
100
AcDbText
 10
324.72
 20
-402.0
 30
0.0
 40
2.2
  1
蒲支IP33
 41
0.7
 72
1
 11
324.72
 21
-402.0
 31
0.0
100
AcDbText
 73
2
  0
TEXT
  5
42D
330
17
100
AcDbEntity
  8
IP坐标表
100
AcDbText
 10
342.68
 20
-402.0
 30
0.0
 40
2.2
  1
3453657.320000
 41
0.7
 72
1
 11
342.68
 21
-402.0
 31
0.0
100
AcDbText
 73
2
  0
TEXT
  5
42E
330
17
100
AcDbEntity
  8
IP坐标表
100
AcDbText
 10
363.5
 20
-402.0
 30
0.0
 40
2.2
  1
621863.250000
 41
0.7
 72
1
 11
363.5
 21
-402.0
 31
0.0
100
AcDbText
 73
2
  0
TEXT
  5
42F
330
17
100
AcDbEntity
  8
IP坐标表
100
AcDbText
 10
383.58000000000004
 20
-402.0
 30
0.0
 40
2.2
  1
蒲支4+694.86
 41
0.7
 72
1
 11
383.58000000000004
 21
-402.0
 31
0.0
100
AcDbText
 73
2
  0
TEXT
  5
430
330
17
100
AcDbEntity
  8
IP坐标表
100
AcDbText
 10
403.58000000000004
 20
-402.0
 30
0.0
 40
2.2
  1
蒲支4+694.86
 41
0.7
 72
1
 11
403.58000000000004
 21
-402.0
 31
0.0
100
AcDbText
 73
2
  0
TEXT
  5
431
330
17
100
AcDbEntity
  8
IP坐标表
100
AcDbText
 10
423.58000000000004
 20
-402.0
 30
0.0
 40
2.2
  1
蒲支4+694.86
 41
0.7
 72
1
 11
423.58000000000004
 21
-402.0
 31
0.0
100
AcDbText
 73
2
  0
TEXT
  5
432
330
17
100
AcDbEntity
  8
IP坐标表
100
AcDbText
 10
439.0400000000001
 20
-402.0
 30
0.0
 40
2.2
  1
33.171
 41
0.7
 72
1
 11
439.0400000000001
 21
-402.0
 31
0.0
100
AcDbText
 73
2
  0
TEXT
  5
433
330
17
100
AcDbEntity
  8
IP坐标表
100
AcDbText
 10
449.30000000000007
 20
-402.0
 30
0.0
 40
2.2
  1
0.000
 41
0.7
 72
1
 11
449.30000000000007
 21
-402.0
 31
0.0
100
AcDbText
 73
2
  0
TEXT
  5
434
330
17
100
AcDbEntity
  8
IP坐标表
100
AcDbText
 10
459.3500000000001
 20
-402.0
 30
0.0
 40
2.2
  1
0.000
 41
0.7
 72
1
 11
459.3500000000001
 21
-402.0
 31
0.0
100
AcDbText
 73
2
  0
TEXT
  5
435
330
17
100
AcDbEntity
  8
IP坐标表
100
AcDbText
 10
469.4000000000001
 20
-402.0
 30
0.0
 40
2.2
  1
0.000
 41
0.7
 72
1
 11
469.4000000000001
 21
-402.0
 31
0.0
100
AcDbText
 73
2
  0
TEXT
  5
436
330
17
100
AcDbEntity
  8
IP坐标表
100
AcDbText
 10
481.7000000000001
 20
-402.0
 30
0.0
 40
2.2
  1
-
 41
0.7
 72
1
 11
481.7000000000001
 21
-402.0
 31
0.0
100
AcDbText
 73
2
  0
TEXT
  5
437
330
17
100
AcDbEntity
  8
IP坐标表
100
AcDbText
 10
497.9500000000001
 20
-402.0
 30
0.0
 40
2.2
  1
350.594
 41
0.7
 72
1
 11
497.9500000000001
 21
-402.0
 31
0.0
100
AcDbText
 73
2
  0
TEXT
  5
438
330
17
100
AcDbEntity
  8
IP坐标表
100
AcDbText
 10
324.72
 20
-408.0
 30
0.0
 40
2.2
  1
蒲支IP34
 41
0.7
 72
1
 11
324.72
 21
-408.0
 31
0.0
100
AcDbText
 73
2
  0
TEXT
  5
439
330
17
100
AcDbEntity
  8
IP坐标表
100
AcDbText
 10
342.68
 20
-408.0
 30
0.0
 40
2.2
  1
3453666.940000
 41
0.7
 72
1
 11
342.68
 21
-408.0
 31
0.0
100
AcDbText
 73
2
  0
TEXT
  5
43A
330
17
100
AcDbEntity
  8
IP坐标表
100
AcDbText
 10
363.5
 20
-408.0
 30
0.0
 40
2.2
  1
621797.930000
 41
0.7
 72
1
 11
363.5
 21
-408.0
 31
0.0
100
AcDbText
 73
2
  0
TEXT
  5
43B
330
17
100
AcDbEntity
  8
IP坐标表
100
AcDbText
 10
383.58000000000004
 20
-408.0
 30
0.0
 40
2.2
  1
蒲支4+760.88
 41
0.7
 72
1
 11
383.58000000000004
 21
-408.0
 31
0.0
100
AcDbText
 73
2
  0
TEXT
  5
43C
330
17
100
AcDbEntity
  8
IP坐标表
100
AcDbText
 10
403.58000000000004
 20
-408.0
 30
0.0
 40
2.2
  1
蒲支4+760.88
 41
0.7
 72
1
 11
403.58000000000004
 21
-408.0
 31
0.0
100
AcDbText
 73
2
  0
TEXT
  5
43D
330
17
100
AcDbEntity
  8
IP坐标表
100
AcDbText
 10
423.58000000000004
 20
-408.0
 30
0.0
 40
2.2
  1
蒲支4+760.88
 41
0.7
 72
1
 11
423.58000000000004
 21
-408.0
 31
0.0
100
AcDbText
 73
2
  0
TEXT
  5
43E
330
17
100
AcDbEntity
  8
IP坐标表
100
AcDbText
 10
439.0400000000001
 20
-408.0
 30
0.0
 40
2.2
  1
0.023
 41
0.7
 72
1
 11
439.0400000000001
 21
-408.0
 31
0.0
100
AcDbText
 73
2
  0
TEXT
  5
43F
330
17
100
AcDbEntity
  8
IP坐标表
100
AcDbText
 10
449.30000000000007
 20
-408.0
 30
0.0
 40
2.2
  1
0.000
 41
0.7
 72
1
 11
449.30000000000007
 21
-408.0
 31
0.0
100
AcDbText
 73
2
  0
TEXT
  5
440
330
17
100
AcDbEntity
  8
IP坐标表
100
AcDbText
 10
459.3500000000001
 20
-408.0
 30
0.0
 40
2.2
  1
0.000
 41
0.7
 72
1
 11
459.3500000000001
 21
-408.0
 31
0.0
100
AcDbText
 73
2
  0
TEXT
  5
441
330
17
100
AcDbEntity
  8
IP坐标表
100
AcDbText
 10
469.4000000000001
 20
-408.0
 30
0.0
 40
2.2
  1
0.000
 41
0.7
 72
1
 11
469.4000000000001
 21
-408.0
 31
0.0
100
AcDbText
 73
2
  0
TEXT
  5
442
330
17
100
AcDbEntity
  8
IP坐标表
100
AcDbText
 10
481.7000000000001
 20
-408.0
 30
0.0
 40
2.2
  1
-
 41
0.7
 72
1
 11
481.7000000000001
 21
-408.0
 31
0.0
100
AcDbText
 73
2
  0
TEXT
  5
443
330
17
100
AcDbEntity
  8
IP坐标表
100
AcDbText
 10
497.9500000000001
 20
-408.0
 30
0.0
 40
2.2
  1
350.549
 41
0.7
 72
1
 11
497.9500000000001
 21
-408.0
 31
0.0
100
AcDbText
 73
2
  0
TEXT
  5
444
330
17
100
AcDbEntity
  8
IP坐标表
100
AcDbText
 10
324.72
 20
-414.0
 30
0.0
 40
2.2
  1
蒲支IP35
 41
0.7
 72
1
 11
324.72
 21
-414.0
 31
0.0
100
AcDbText
 73
2
  0
TEXT
  5
445
330
17
100
AcDbEntity
  8
IP坐标表
100
AcDbText
 10
342.68
 20
-414.0
 30
0.0
 40
2.2
  1
3453671.750000
 41
0.7
 72
1
 11
342.68
 21
-414.0
 31
0.0
100
AcDbText
 73
2
  0
TEXT
  5
446
330
17
100
AcDbEntity
  8
IP坐标表
100
AcDbText
 10
363.5
 20
-414.0
 30
0.0
 40
2.2
  1
621765.180000
 41
0.7
 72
1
 11
363.5
 21
-414.0
 31
0.0
100
AcDbText
 73
2
  0
TEXT
  5
447
330
17
100
AcDbEntity
  8
IP坐标表
100
AcDbText
 10
383.58000000000004
 20
-414.0
 30
0.0
 40
2.2
  1
蒲支4+793.99
 41
0.7
 72
1
 11
383.58000000000004
 21
-414.0
 31
0.0
100
AcDbText
 73
2
  0
TEXT
  5
448
330
17
100
AcDbEntity
  8
IP坐标表
100
AcDbText
 10
403.58000000000004
 20
-414.0
 30
0.0
 40
2.2
  1
蒲支4+793.99
 41
0.7
 72
1
 11
403.58000000000004
 21
-414.0
 31
0.0
100
AcDbText
 73
2
  0
TEXT
  5
449
330
17
100
AcDbEntity
  8
IP坐标表
100
AcDbText
 10
423.58000000000004
 20
-414.0
 30
0.0
 40
2.2
  1
蒲支4+793.99
 41
0.7
 72
1
 11
423.58000000000004
 21
-414.0
 31
0.0
100
AcDbText
 73
2
  0
TEXT
  5
44A
330
17
100
AcDbEntity
  8
IP坐标表
100
AcDbText
 10
439.0400000000001
 20
-414.0
 30
0.0
 40
2.2
  1
0.018
 41
0.7
 72
1
 11
439.0400000000001
 21
-414.0
 31
0.0
100
AcDbText
 73
2
  0
TEXT
  5
44B
330
17
100
AcDbEntity
  8
IP坐标表
100
AcDbText
 10
449.30000000000007
 20
-414.0
 30
0.0
 40
2.2
  1
0.000
 41
0.7
 72
1
 11
449.30000000000007
 21
-414.0
 31
0.0
100
AcDbText
 73
2
  0
TEXT
  5
44C
330
17
100
AcDbEntity
  8
IP坐标表
100
AcDbText
 10
459.3500000000001
 20
-414.0
 30
0.0
 40
2.2
  1
0.000
 41
0.7
 72
1
 11
459.3500000000001
 21
-414.0
 31
0.0
100
AcDbText
 73
2
  0
TEXT
  5
44D
330
17
100
AcDbEntity
  8
IP坐标表
100
AcDbText
 10
469.4000000000001
 20
-414.0
 30
0.0
 40
2.2
  1
0.000
 41
0.7
 72
1
 11
469.4000000000001
 21
-414.0
 31
0.0
100
AcDbText
 73
2
  0
TEXT
  5
44E
330
17
100
AcDbEntity
  8
IP坐标表
100
AcDbText
 10
481.7000000000001
 20
-414.0
 30
0.0
 40
2.2
  1
-
 41
0.7
 72
1
 11
481.7000000000001
 21
-414.0
 31
0.0
100
AcDbText
 73
2
  0
TEXT
  5
44F
330
17
100
AcDbEntity
  8
IP坐标表
100
AcDbText
 10
497.9500000000001
 20
-414.0
 30
0.0
 40
2.2
  1
350.526
 41
0.7
 72
1
 11
497.9500000000001
 21
-414.0
 31
0.0
100
AcDbText
 73
2
  0
TEXT
  5
450
330
17
100
AcDbEntity
  8
IP坐标表
100
AcDbText
 10
324.72
 20
-420.0
 30
0.0
 40
2.2
  1
蒲支IP36
 41
0.7
 72
1
 11
324.72
 21
-420.0
 31
0.0
100
AcDbText
 73
2
  0
TEXT
  5
451
330
17
100
AcDbEntity
  8
IP坐标表
100
AcDbText
 10
342.68
 20
-420.0
 30
0.0
 40
2.2
  1
3453687.640000
 41
0.7
 72
1
 11
342.68
 21
-420.0
 31
0.0
100
AcDbText
 73
2
  0
TEXT
  5
452
330
17
100
AcDbEntity
  8
IP坐标表
100
AcDbText
 10
363.5
 20
-420.0
 30
0.0
 40
2.2
  1
621657.220000
 41
0.7
 72
1
 11
363.5
 21
-420.0
 31
0.0
100
AcDbText
 73
2
  0
TEXT
  5
453
330
17
100
AcDbEntity
  8
IP坐标表
100
AcDbText
 10
383.58000000000004
 20
-420.0
 30
0.0
 40
2.2
  1
蒲支4+903.11
 41
0.7
 72
1
 11
383.58000000000004
 21
-420.0
 31
0.0
100
AcDbText
 73
2
  0
TEXT
  5
454
330
17
100
AcDbEntity
  8
IP坐标表
100
AcDbText
 10
403.58000000000004
 20
-420.0
 30
0.0
 40
2.2
  1
蒲支4+903.11
 41
0.7
 72
1
 11
403.58000000000004
 21
-420.0
 31
0.0
100
AcDbText
 73
2
  0
TEXT
  5
455
330
17
100
AcDbEntity
  8
IP坐标表
100
AcDbText
 10
423.58000000000004
 20
-420.0
 30
0.0
 40
2.2
  1
蒲支4+903.11
 41
0.7
 72
1
 11
423.58000000000004
 21
-420.0
 31
0.0
100
AcDbText
 73
2
  0
TEXT
  5
456
330
17
100
AcDbEntity
  8
IP坐标表
100
AcDbText
 10
439.0400000000001
 20
-420.0
 30
0.0
 40
2.2
  1
39.941
 41
0.7
 72
1
 11
439.0400000000001
 21
-420.0
 31
0.0
100
AcDbText
 73
2
  0
TEXT
  5
457
330
17
100
AcDbEntity
  8
IP坐标表
100
AcDbText
 10
449.30000000000007
 20
-420.0
 30
0.0
 40
2.2
  1
0.000
 41
0.7
 72
1
 11
449.30000000000007
 21
-420.0
 31
0.0
100
AcDbText
 73
2
  0
TEXT
  5
458
330
17
100
AcDbEntity
  8
IP坐标表
100
AcDbText
 10
459.3500000000001
 20
-420.0
 30
0.0
 40
2.2
  1
0.000
 41
0.7
 72
1
 11
459.3500000000001
 21
-420.0
 31
0.0
100
AcDbText
 73
2
  0
TEXT
  5
459
330
17
100
AcDbEntity
  8
IP坐标表
100
AcDbText
 10
469.4000000000001
 20
-420.0
 30
0.0
 40
2.2
  1
0.000
 41
0.7
 72
1
 11
469.4000000000001
 21
-420.0
 31
0.0
100
AcDbText
 73
2
  0
TEXT
  5
45A
330
17
100
AcDbEntity
  8
IP坐标表
100
AcDbText
 10
481.7000000000001
 20
-420.0
 30
0.0
 40
2.2
  1
-
 41
0.7
 72
1
 11
481.7000000000001
 21
-420.0
 31
0.0
100
AcDbText
 73
2
  0
TEXT
  5
45B
330
17
100
AcDbEntity
  8
IP坐标表
100
AcDbText
 10
497.9500000000001
 20
-420.0
 30
0.0
 40
2.2
  1
350.450
 41
0.7
 72
1
 11
497.9500000000001
 21
-420.0
 31
0.0
100
AcDbText
 73
2
  0
TEXT
  5
45C
330
17
100
AcDbEntity
  8
IP坐标表
100
AcDbText
 10
324.72
 20
-426.0
 30
0.0
 40
2.2
  1
蒲支IP37
 41
0.7
 72
1
 11
324.72
 21
-426.0
 31
0.0
100
AcDbText
 73
2
  0
TEXT
  5
45D
330
17
100
AcDbEntity
  8
IP坐标表
100
AcDbText
 10
342.68
 20
-426.0
 30
0.0
 40
2.2
  1
3453807.040000
 41
0.7
 72
1
 11
342.68
 21
-426.0
 31
0.0
100
AcDbText
 73
2
  0
TEXT
  5
45E
330
17
100
AcDbEntity
  8
IP坐标表
100
AcDbText
 10
363.5
 20
-426.0
 30
0.0
 40
2.2
  1
621550.890000
 41
0.7
 72
1
 11
363.5
 21
-426.0
 31
0.0
100
AcDbText
 73
2
  0
TEXT
  5
45F
330
17
100
AcDbEntity
  8
IP坐标表
100
AcDbText
 10
383.58000000000004
 20
-426.0
 30
0.0
 40
2.2
  1
蒲支5+062.99
 41
0.7
 72
1
 11
383.58000000000004
 21
-426.0
 31
0.0
100
AcDbText
 73
2
  0
TEXT
  5
460
330
17
100
AcDbEntity
  8
IP坐标表
100
AcDbText
 10
403.58000000000004
 20
-426.0
 30
0.0
 40
2.2
  1
蒲支5+062.99
 41
0.7
 72
1
 11
403.58000000000004
 21
-426.0
 31
0.0
100
AcDbText
 73
2
  0
TEXT
  5
461
330
17
100
AcDbEntity
  8
IP坐标表
100
AcDbText
 10
423.58000000000004
 20
-426.0
 30
0.0
 40
2.2
  1
蒲支5+062.99
 41
0.7
 72
1
 11
423.58000000000004
 21
-426.0
 31
0.0
100
AcDbText
 73
2
  0
TEXT
  5
462
330
17
100
AcDbEntity
  8
IP坐标表
100
AcDbText
 10
439.0400000000001
 20
-426.0
 30
0.0
 40
2.2
  1
16.102
 41
0.7
 72
1
 11
439.0400000000001
 21
-426.0
 31
0.0
100
AcDbText
 73
2
  0
TEXT
  5
463
330
17
100
AcDbEntity
  8
IP坐标表
100
AcDbText
 10
449.30000000000007
 20
-426.0
 30
0.0
 40
2.2
  1
0.000
 41
0.7
 72
1
 11
449.30000000000007
 21
-426.0
 31
0.0
100
AcDbText
 73
2
  0
TEXT
  5
464
330
17
100
AcDbEntity
  8
IP坐标表
100
AcDbText
 10
459.3500000000001
 20
-426.0
 30
0.0
 40
2.2
  1
0.000
 41
0.7
 72
1
 11
459.3500000000001
 21
-426.0
 31
0.0
100
AcDbText
 73
2
  0
TEXT
  5
465
330
17
100
AcDbEntity
  8
IP坐标表
100
AcDbText
 10
469.4000000000001
 20
-426.0
 30
0.0
 40
2.2
  1
0.000
 41
0.7
 72
1
 11
469.4000000000001
 21
-426.0
 31
0.0
100
AcDbText
 73
2
  0
TEXT
  5
466
330
17
100
AcDbEntity
  8
IP坐标表
100
AcDbText
 10
481.7000000000001
 20
-426.0
 30
0.0
 40
2.2
  1
-
 41
0.7
 72
1
 11
481.7000000000001
 21
-426.0
 31
0.0
100
AcDbText
 73
2
  0
TEXT
  5
467
330
17
100
AcDbEntity
  8
IP坐标表
100
AcDbText
 10
497.9500000000001
 20
-426.0
 30
0.0
 40
2.2
  1
350.342
 41
0.7
 72
1
 11
497.9500000000001
 21
-426.0
 31
0.0
100
AcDbText
 73
2
  0
TEXT
  5
468
330
17
100
AcDbEntity
  8
IP坐标表
100
AcDbText
 10
324.72
 20
-432.0
 30
0.0
 40
2.2
  1
蒲支IP38
 41
0.7
 72
1
 11
324.72
 21
-432.0
 31
0.0
100
AcDbText
 73
2
  0
TEXT
  5
469
330
17
100
AcDbEntity
  8
IP坐标表
100
AcDbText
 10
342.68
 20
-432.0
 30
0.0
 40
2.2
  1
3453865.840000
 41
0.7
 72
1
 11
342.68
 21
-432.0
 31
0.0
100
AcDbText
 73
2
  0
TEXT
  5
46A
330
17
100
AcDbEntity
  8
IP坐标表
100
AcDbText
 10
363.5
 20
-432.0
 30
0.0
 40
2.2
  1
621457.560000
 41
0.7
 72
1
 11
363.5
 21
-432.0
 31
0.0
100
AcDbText
 73
2
  0
TEXT
  5
46B
330
17
100
AcDbEntity
  8
IP坐标表
100
AcDbText
 10
383.58000000000004
 20
-432.0
 30
0.0
 40
2.2
  1
蒲支5+173.30
 41
0.7
 72
1
 11
383.58000000000004
 21
-432.0
 31
0.0
100
AcDbText
 73
2
  0
TEXT
  5
46C
330
17
100
AcDbEntity
  8
IP坐标表
100
AcDbText
 10
403.58000000000004
 20
-432.0
 30
0.0
 40
2.2
  1
蒲支5+173.30
 41
0.7
 72
1
 11
403.58000000000004
 21
-432.0
 31
0.0
100
AcDbText
 73
2
  0
TEXT
  5
46D
330
17
100
AcDbEntity
  8
IP坐标表
100
AcDbText
 10
423.58000000000004
 20
-432.0
 30
0.0
 40
2.2
  1
蒲支5+173.30
 41
0.7
 72
1
 11
423.58000000000004
 21
-432.0
 31
0.0
100
AcDbText
 73
2
  0
TEXT
  5
46E
330
17
100
AcDbEntity
  8
IP坐标表
100
AcDbText
 10
439.0400000000001
 20
-432.0
 30
0.0
 40
2.2
  1
0.052
 41
0.7
 72
1
 11
439.0400000000001
 21
-432.0
 31
0.0
100
AcDbText
 73
2
  0
TEXT
  5
46F
330
17
100
AcDbEntity
  8
IP坐标表
100
AcDbText
 10
449.30000000000007
 20
-432.0
 30
0.0
 40
2.2
  1
0.000
 41
0.7
 72
1
 11
449.30000000000007
 21
-432.0
 31
0.0
100
AcDbText
 73
2
  0
TEXT
  5
470
330
17
100
AcDbEntity
  8
IP坐标表
100
AcDbText
 10
459.3500000000001
 20
-432.0
 30
0.0
 40
2.2
  1
0.000
 41
0.7
 72
1
 11
459.3500000000001
 21
-432.0
 31
0.0
100
AcDbText
 73
2
  0
TEXT
  5
471
330
17
100
AcDbEntity
  8
IP坐标表
100
AcDbText
 10
469.4000000000001
 20
-432.0
 30
0.0
 40
2.2
  1
0.000
 41
0.7
 72
1
 11
469.4000000000001
 21
-432.0
 31
0.0
100
AcDbText
 73
2
  0
TEXT
  5
472
330
17
100
AcDbEntity
  8
IP坐标表
100
AcDbText
 10
481.7000000000001
 20
-432.0
 30
0.0
 40
2.2
  1
-
 41
0.7
 72
1
 11
481.7000000000001
 21
-432.0
 31
0.0
100
AcDbText
 73
2
  0
TEXT
  5
473
330
17
100
AcDbEntity
  8
IP坐标表
100
AcDbText
 10
497.9500000000001
 20
-432.0
 30
0.0
 40
2.2
  1
350.268
 41
0.7
 72
1
 11
497.9500000000001
 21
-432.0
 31
0.0
100
AcDbText
 73
2
  0
TEXT
  5
474
330
17
100
AcDbEntity
  8
IP坐标表
100
AcDbText
 10
324.72
 20
-438.0
 30
0.0
 40
2.2
  1
蒲支IP39
 41
0.7
 72
1
 11
324.72
 21
-438.0
 31
0.0
100
AcDbText
 73
2
  0
TEXT
  5
475
330
17
100
AcDbEntity
  8
IP坐标表
100
AcDbText
 10
342.68
 20
-438.0
 30
0.0
 40
2.2
  1
3453903.730000
 41
0.7
 72
1
 11
342.68
 21
-438.0
 31
0.0
100
AcDbText
 73
2
  0
TEXT
  5
476
330
17
100
AcDbEntity
  8
IP坐标表
100
AcDbText
 10
363.5
 20
-438.0
 30
0.0
 40
2.2
  1
621397.540000
 41
0.7
 72
1
 11
363.5
 21
-438.0
 31
0.0
100
AcDbText
 73
2
  0
TEXT
  5
477
330
17
100
AcDbEntity
  8
IP坐标表
100
AcDbText
 10
383.58000000000004
 20
-438.0
 30
0.0
 40
2.2
  1
蒲支5+244.28
 41
0.7
 72
1
 11
383.58000000000004
 21
-438.0
 31
0.0
100
AcDbText
 73
2
  0
TEXT
  5
478
330
17
100
AcDbEntity
  8
IP坐标表
100
AcDbText
 10
403.58000000000004
 20
-438.0
 30
0.0
 40
2.2
  1
蒲支5+244.28
 41
0.7
 72
1
 11
403.58000000000004
 21
-438.0
 31
0.0
100
AcDbText
 73
2
  0
TEXT
  5
479
330
17
100
AcDbEntity
  8
IP坐标表
100
AcDbText
 10
423.58000000000004
 20
-438.0
 30
0.0
 40
2.2
  1
蒲支5+244.28
 41
0.7
 72
1
 11
423.58000000000004
 21
-438.0
 31
0.0
100
AcDbText
 73
2
  0
TEXT
  5
47A
330
17
100
AcDbEntity
  8
IP坐标表
100
AcDbText
 10
439.0400000000001
 20
-438.0
 30
0.0
 40
2.2
  1
24.454
 41
0.7
 72
1
 11
439.0400000000001
 21
-438.0
 31
0.0
100
AcDbText
 73
2
  0
TEXT
  5
47B
330
17
100
AcDbEntity
  8
IP坐标表
100
AcDbText
 10
449.30000000000007
 20
-438.0
 30
0.0
 40
2.2
  1
0.000
 41
0.7
 72
1
 11
449.30000000000007
 21
-438.0
 31
0.0
100
AcDbText
 73
2
  0
TEXT
  5
47C
330
17
100
AcDbEntity
  8
IP坐标表
100
AcDbText
 10
459.3500000000001
 20
-438.0
 30
0.0
 40
2.2
  1
0.000
 41
0.7
 72
1
 11
459.3500000000001
 21
-438.0
 31
0.0
100
AcDbText
 73
2
  0
TEXT
  5
47D
330
17
100
AcDbEntity
  8
IP坐标表
100
AcDbText
 10
469.4000000000001
 20
-438.0
 30
0.0
 40
2.2
  1
0.000
 41
0.7
 72
1
 11
469.4000000000001
 21
-438.0
 31
0.0
100
AcDbText
 73
2
  0
TEXT
  5
47E
330
17
100
AcDbEntity
  8
IP坐标表
100
AcDbText
 10
481.7000000000001
 20
-438.0
 30
0.0
 40
2.2
  1
-
 41
0.7
 72
1
 11
481.7000000000001
 21
-438.0
 31
0.0
100
AcDbText
 73
2
  0
TEXT
  5
47F
330
17
100
AcDbEntity
  8
IP坐标表
100
AcDbText
 10
497.9500000000001
 20
-438.0
 30
0.0
 40
2.2
  1
350.219
 41
0.7
 72
1
 11
497.9500000000001
 21
-438.0
 31
0.0
100
AcDbText
 73
2
  0
TEXT
  5
480
330
17
100
AcDbEntity
  8
IP坐标表
100
AcDbText
 10
324.72
 20
-444.0
 30
0.0
 40
2.2
  1
蒲支IP40
 41
0.7
 72
1
 11
324.72
 21
-444.0
 31
0.0
100
AcDbText
 73
2
  0
TEXT
  5
481
330
17
100
AcDbEntity
  8
IP坐标表
100
AcDbText
 10
342.68
 20
-444.0
 30
0.0
 40
2.2
  1
3453968.290000
 41
0.7
 72
1
 11
342.68
 21
-444.0
 31
0.0
100
AcDbText
 73
2
  0
TEXT
  5
482
330
17
100
AcDbEntity
  8
IP坐标表
100
AcDbText
 10
363.5
 20
-444.0
 30
0.0
 40
2.2
  1
621355.160000
 41
0.7
 72
1
 11
363.5
 21
-444.0
 31
0.0
100
AcDbText
 73
2
  0
TEXT
  5
483
330
17
100
AcDbEntity
  8
IP坐标表
100
AcDbText
 10
383.58000000000004
 20
-444.0
 30
0.0
 40
2.2
  1
蒲支5+321.51
 41
0.7
 72
1
 11
383.58000000000004
 21
-444.0
 31
0.0
100
AcDbText
 73
2
  0
TEXT
  5
484
330
17
100
AcDbEntity
  8
IP坐标表
100
AcDbText
 10
403.58000000000004
 20
-444.0
 30
0.0
 40
2.2
  1
蒲支5+321.51
 41
0.7
 72
1
 11
403.58000000000004
 21
-444.0
 31
0.0
100
AcDbText
 73
2
  0
TEXT
  5
485
330
17
100
AcDbEntity
  8
IP坐标表
100
AcDbText
 10
423.58000000000004
 20
-444.0
 30
0.0
 40
2.2
  1
蒲支5+321.51
 41
0.7
 72
1
 11
423.58000000000004
 21
-444.0
 31
0.0
100
AcDbText
 73
2
  0
TEXT
  5
486
330
17
100
AcDbEntity
  8
IP坐标表
100
AcDbText
 10
439.0400000000001
 20
-444.0
 30
0.0
 40
2.2
  1
7.729
 41
0.7
 72
1
 11
439.0400000000001
 21
-444.0
 31
0.0
100
AcDbText
 73
2
  0
TEXT
  5
487
330
17
100
AcDbEntity
  8
IP坐标表
100
AcDbText
 10
449.30000000000007
 20
-444.0
 30
0.0
 40
2.2
  1
0.000
 41
0.7
 72
1
 11
449.30000000000007
 21
-444.0
 31
0.0
100
AcDbText
 73
2
  0
TEXT
  5
488
330
17
100
AcDbEntity
  8
IP坐标表
100
AcDbText
 10
459.3500000000001
 20
-444.0
 30
0.0
 40
2.2
  1
0.000
 41
0.7
 72
1
 11
459.3500000000001
 21
-444.0
 31
0.0
100
AcDbText
 73
2
  0
TEXT
  5
489
330
17
100
AcDbEntity
  8
IP坐标表
100
AcDbText
 10
469.4000000000001
 20
-444.0
 30
0.0
 40
2.2
  1
0.000
 41
0.7
 72
1
 11
469.4000000000001
 21
-444.0
 31
0.0
100
AcDbText
 73
2
  0
TEXT
  5
48A
330
17
100
AcDbEntity
  8
IP坐标表
100
AcDbText
 10
481.7000000000001
 20
-444.0
 30
0.0
 40
2.2
  1
-
 41
0.7
 72
1
 11
481.7000000000001
 21
-444.0
 31
0.0
100
AcDbText
 73
2
  0
TEXT
  5
48B
330
17
100
AcDbEntity
  8
IP坐标表
100
AcDbText
 10
497.9500000000001
 20
-444.0
 30
0.0
 40
2.2
  1
350.167
 41
0.7
 72
1
 11
497.9500000000001
 21
-444.0
 31
0.0
100
AcDbText
 73
2
  0
TEXT
  5
48C
330
17
100
AcDbEntity
  8
IP坐标表
100
AcDbText
 10
324.72
 20
-450.0
 30
0.0
 40
2.2
  1
蒲支IP41
 41
0.7
 72
1
 11
324.72
 21
-450.0
 31
0.0
100
AcDbText
 73
2
  0
TEXT
  5
48D
330
17
100
AcDbEntity
  8
IP坐标表
100
AcDbText
 10
342.68
 20
-450.0
 30
0.0
 40
2.2
  1
3454048.080000
 41
0.7
 72
1
 11
342.68
 21
-450.0
 31
0.0
100
AcDbText
 73
2
  0
TEXT
  5
48E
330
17
100
AcDbEntity
  8
IP坐标表
100
AcDbText
 10
363.5
 20
-450.0
 30
0.0
 40
2.2
  1
621285.770000
 41
0.7
 72
1
 11
363.5
 21
-450.0
 31
0.0
100
AcDbText
 73
2
  0
TEXT
  5
48F
330
17
100
AcDbEntity
  8
IP坐标表
100
AcDbText
 10
383.58000000000004
 20
-450.0
 30
0.0
 40
2.2
  1
蒲支5+427.25
 41
0.7
 72
1
 11
383.58000000000004
 21
-450.0
 31
0.0
100
AcDbText
 73
2
  0
TEXT
  5
490
330
17
100
AcDbEntity
  8
IP坐标表
100
AcDbText
 10
403.58000000000004
 20
-450.0
 30
0.0
 40
2.2
  1
蒲支5+427.25
 41
0.7
 72
1
 11
403.58000000000004
 21
-450.0
 31
0.0
100
AcDbText
 73
2
  0
TEXT
  5
491
330
17
100
AcDbEntity
  8
IP坐标表
100
AcDbText
 10
423.58000000000004
 20
-450.0
 30
0.0
 40
2.2
  1
蒲支5+427.25
 41
0.7
 72
1
 11
423.58000000000004
 21
-450.0
 31
0.0
100
AcDbText
 73
2
  0
TEXT
  5
492
330
17
100
AcDbEntity
  8
IP坐标表
100
AcDbText
 10
439.0400000000001
 20
-450.0
 30
0.0
 40
2.2
  1
11.169
 41
0.7
 72
1
 11
439.0400000000001
 21
-450.0
 31
0.0
100
AcDbText
 73
2
  0
TEXT
  5
493
330
17
100
AcDbEntity
  8
IP坐标表
100
AcDbText
 10
449.30000000000007
 20
-450.0
 30
0.0
 40
2.2
  1
0.000
 41
0.7
 72
1
 11
449.30000000000007
 21
-450.0
 31
0.0
100
AcDbText
 73
2
  0
TEXT
  5
494
330
17
100
AcDbEntity
  8
IP坐标表
100
AcDbText
 10
459.3500000000001
 20
-450.0
 30
0.0
 40
2.2
  1
0.000
 41
0.7
 72
1
 11
459.3500000000001
 21
-450.0
 31
0.0
100
AcDbText
 73
2
  0
TEXT
  5
495
330
17
100
AcDbEntity
  8
IP坐标表
100
AcDbText
 10
469.4000000000001
 20
-450.0
 30
0.0
 40
2.2
  1
0.000
 41
0.7
 72
1
 11
469.4000000000001
 21
-450.0
 31
0.0
100
AcDbText
 73
2
  0
TEXT
  5
496
330
17
100
AcDbEntity
  8
IP坐标表
100
AcDbText
 10
481.7000000000001
 20
-450.0
 30
0.0
 40
2.2
  1
-
 41
0.7
 72
1
 11
481.7000000000001
 21
-450.0
 31
0.0
100
AcDbText
 73
2
  0
TEXT
  5
497
330
17
100
AcDbEntity
  8
IP坐标表
100
AcDbText
 10
497.9500000000001
 20
-450.0
 30
0.0
 40
2.2
  1
350.095
 41
0.7
 72
1
 11
497.9500000000001
 21
-450.0
 31
0.0
100
AcDbText
 73
2
  0
TEXT
  5
498
330
17
100
AcDbEntity
  8
IP坐标表
100
AcDbText
 10
324.72
 20
-456.0
 30
0.0
 40
2.2
  1
蒲支IP42
 41
0.7
 72
1
 11
324.72
 21
-456.0
 31
0.0
100
AcDbText
 73
2
  0
TEXT
  5
499
330
17
100
AcDbEntity
  8
IP坐标表
100
AcDbText
 10
342.68
 20
-456.0
 30
0.0
 40
2.2
  1
3454066.740000
 41
0.7
 72
1
 11
342.68
 21
-456.0
 31
0.0
100
AcDbText
 73
2
  0
TEXT
  5
49A
330
17
100
AcDbEntity
  8
IP坐标表
100
AcDbText
 10
363.5
 20
-456.0
 30
0.0
 40
2.2
  1
621261.730000
 41
0.7
 72
1
 11
363.5
 21
-456.0
 31
0.0
100
AcDbText
 73
2
  0
TEXT
  5
49B
330
17
100
AcDbEntity
  8
IP坐标表
100
AcDbText
 10
383.58000000000004
 20
-456.0
 30
0.0
 40
2.2
  1
蒲支5+457.68
 41
0.7
 72
1
 11
383.58000000000004
 21
-456.0
 31
0.0
100
AcDbText
 73
2
  0
TEXT
  5
49C
330
17
100
AcDbEntity
  8
IP坐标表
100
AcDbText
 10
403.58000000000004
 20
-456.0
 30
0.0
 40
2.2
  1
蒲支5+457.68
 41
0.7
 72
1
 11
403.58000000000004
 21
-456.0
 31
0.0
100
AcDbText
 73
2
  0
TEXT
  5
49D
330
17
100
AcDbEntity
  8
IP坐标表
100
AcDbText
 10
423.58000000000004
 20
-456.0
 30
0.0
 40
2.2
  1
蒲支5+457.68
 41
0.7
 72
1
 11
423.58000000000004
 21
-456.0
 31
0.0
100
AcDbText
 73
2
  0
TEXT
  5
49E
330
17
100
AcDbEntity
  8
IP坐标表
100
AcDbText
 10
439.0400000000001
 20
-456.0
 30
0.0
 40
2.2
  1
0.001
 41
0.7
 72
1
 11
439.0400000000001
 21
-456.0
 31
0.0
100
AcDbText
 73
2
  0
TEXT
  5
49F
330
17
100
AcDbEntity
  8
IP坐标表
100
AcDbText
 10
449.30000000000007
 20
-456.0
 30
0.0
 40
2.2
  1
0.000
 41
0.7
 72
1
 11
449.30000000000007
 21
-456.0
 31
0.0
100
AcDbText
 73
2
  0
TEXT
  5
4A0
330
17
100
AcDbEntity
  8
IP坐标表
100
AcDbText
 10
459.3500000000001
 20
-456.0
 30
0.0
 40
2.2
  1
0.000
 41
0.7
 72
1
 11
459.3500000000001
 21
-456.0
 31
0.0
100
AcDbText
 73
2
  0
TEXT
  5
4A1
330
17
100
AcDbEntity
  8
IP坐标表
100
AcDbText
 10
469.4000000000001
 20
-456.0
 30
0.0
 40
2.2
  1
0.000
 41
0.7
 72
1
 11
469.4000000000001
 21
-456.0
 31
0.0
100
AcDbText
 73
2
  0
TEXT
  5
4A2
330
17
100
AcDbEntity
  8
IP坐标表
100
AcDbText
 10
481.7000000000001
 20
-456.0
 30
0.0
 40
2.2
  1
-
 41
0.7
 72
1
 11
481.7000000000001
 21
-456.0
 31
0.0
100
AcDbText
 73
2
  0
TEXT
  5
4A3
330
17
100
AcDbEntity
  8
IP坐标表
100
AcDbText
 10
497.9500000000001
 20
-456.0
 30
0.0
 40
2.2
  1
350.075
 41
0.7
 72
1
 11
497.9500000000001
 21
-456.0
 31
0.0
100
AcDbText
 73
2
  0
TEXT
  5
4A4
330
17
100
AcDbEntity
  8
IP坐标表
100
AcDbText
 10
324.72
 20
-462.0
 30
0.0
 40
2.2
  1
蒲支IP43
 41
0.7
 72
1
 11
324.72
 21
-462.0
 31
0.0
100
AcDbText
 73
2
  0
TEXT
  5
4A5
330
17
100
AcDbEntity
  8
IP坐标表
100
AcDbText
 10
342.68
 20
-462.0
 30
0.0
 40
2.2
  1
3454120.560000
 41
0.7
 72
1
 11
342.68
 21
-462.0
 31
0.0
100
AcDbText
 73
2
  0
TEXT
  5
4A6
330
17
100
AcDbEntity
  8
IP坐标表
100
AcDbText
 10
363.5
 20
-462.0
 30
0.0
 40
2.2
  1
621192.390000
 41
0.7
 72
1
 11
363.5
 21
-462.0
 31
0.0
100
AcDbText
 73
2
  0
TEXT
  5
4A7
330
17
100
AcDbEntity
  8
IP坐标表
100
AcDbText
 10
383.58000000000004
 20
-462.0
 30
0.0
 40
2.2
  1
蒲支5+545.46
 41
0.7
 72
1
 11
383.58000000000004
 21
-462.0
 31
0.0
100
AcDbText
 73
2
  0
TEXT
  5
4A8
330
17
100
AcDbEntity
  8
IP坐标表
100
AcDbText
 10
403.58000000000004
 20
-462.0
 30
0.0
 40
2.2
  1
蒲支5+545.46
 41
0.7
 72
1
 11
403.58000000000004
 21
-462.0
 31
0.0
100
AcDbText
 73
2
  0
TEXT
  5
4A9
330
17
100
AcDbEntity
  8
IP坐标表
100
AcDbText
 10
423.58000000000004
 20
-462.0
 30
0.0
 40
2.2
  1
蒲支5+545.46
 41
0.7
 72
1
 11
423.58000000000004
 21
-462.0
 31
0.0
100
AcDbText
 73
2
  0
TEXT
  5
4AA
330
17
100
AcDbEntity
  8
IP坐标表
100
AcDbText
 10
439.0400000000001
 20
-462.0
 30
0.0
 40
2.2
  1
5.783
 41
0.7
 72
1
 11
439.0400000000001
 21
-462.0
 31
0.0
100
AcDbText
 73
2
  0
TEXT
  5
4AB
330
17
100
AcDbEntity
  8
IP坐标表
100
AcDbText
 10
449.30000000000007
 20
-462.0
 30
0.0
 40
2.2
  1
0.000
 41
0.7
 72
1
 11
449.30000000000007
 21
-462.0
 31
0.0
100
AcDbText
 73
2
  0
TEXT
  5
4AC
330
17
100
AcDbEntity
  8
IP坐标表
100
AcDbText
 10
459.3500000000001
 20
-462.0
 30
0.0
 40
2.2
  1
0.000
 41
0.7
 72
1
 11
459.3500000000001
 21
-462.0
 31
0.0
100
AcDbText
 73
2
  0
TEXT
  5
4AD
330
17
100
AcDbEntity
  8
IP坐标表
100
AcDbText
 10
469.4000000000001
 20
-462.0
 30
0.0
 40
2.2
  1
0.000
 41
0.7
 72
1
 11
469.4000000000001
 21
-462.0
 31
0.0
100
AcDbText
 73
2
  0
TEXT
  5
4AE
330
17
100
AcDbEntity
  8
IP坐标表
100
AcDbText
 10
481.7000000000001
 20
-462.0
 30
0.0
 40
2.2
  1
-
 41
0.7
 72
1
 11
481.7000000000001
 21
-462.0
 31
0.0
100
AcDbText
 73
2
  0
TEXT
  5
4AF
330
17
100
AcDbEntity
  8
IP坐标表
100
AcDbText
 10
497.9500000000001
 20
-462.0
 30
0.0
 40
2.2
  1
350.015
 41
0.7
 72
1
 11
497.9500000000001
 21
-462.0
 31
0.0
100
AcDbText
 73
2
  0
TEXT
  5
4B0
330
17
100
AcDbEntity
  8
IP坐标表
100
AcDbText
 10
324.72
 20
-468.0
 30
0.0
 40
2.2
  1
蒲支IP44
 41
0.7
 72
1
 11
324.72
 21
-468.0
 31
0.0
100
AcDbText
 73
2
  0
TEXT
  5
4B1
330
17
100
AcDbEntity
  8
IP坐标表
100
AcDbText
 10
342.68
 20
-468.0
 30
0.0
 40
2.2
  1
3454141.440000
 41
0.7
 72
1
 11
342.68
 21
-468.0
 31
0.0
100
AcDbText
 73
2
  0
TEXT
  5
4B2
330
17
100
AcDbEntity
  8
IP坐标表
100
AcDbText
 10
363.5
 20
-468.0
 30
0.0
 40
2.2
  1
621159.020000
 41
0.7
 72
1
 11
363.5
 21
-468.0
 31
0.0
100
AcDbText
 73
2
  0
TEXT
  5
4B3
330
17
100
AcDbEntity
  8
IP坐标表
100
AcDbText
 10
383.58000000000004
 20
-468.0
 30
0.0
 40
2.2
  1
蒲支5+584.82
 41
0.7
 72
1
 11
383.58000000000004
 21
-468.0
 31
0.0
100
AcDbText
 73
2
  0
TEXT
  5
4B4
330
17
100
AcDbEntity
  8
IP坐标表
100
AcDbText
 10
403.58000000000004
 20
-468.0
 30
0.0
 40
2.2
  1
蒲支5+584.82
 41
0.7
 72
1
 11
403.58000000000004
 21
-468.0
 31
0.0
100
AcDbText
 73
2
  0
TEXT
  5
4B5
330
17
100
AcDbEntity
  8
IP坐标表
100
AcDbText
 10
423.58000000000004
 20
-468.0
 30
0.0
 40
2.2
  1
蒲支5+584.82
 41
0.7
 72
1
 11
423.58000000000004
 21
-468.0
 31
0.0
100
AcDbText
 73
2
  0
TEXT
  5
4B6
330
17
100
AcDbEntity
  8
IP坐标表
100
AcDbText
 10
439.0400000000001
 20
-468.0
 30
0.0
 40
2.2
  1
0.001
 41
0.7
 72
1
 11
439.0400000000001
 21
-468.0
 31
0.0
100
AcDbText
 73
2
  0
TEXT
  5
4B7
330
17
100
AcDbEntity
  8
IP坐标表
100
AcDbText
 10
449.30000000000007
 20
-468.0
 30
0.0
 40
2.2
  1
0.000
 41
0.7
 72
1
 11
449.30000000000007
 21
-468.0
 31
0.0
100
AcDbText
 73
2
  0
TEXT
  5
4B8
330
17
100
AcDbEntity
  8
IP坐标表
100
AcDbText
 10
459.3500000000001
 20
-468.0
 30
0.0
 40
2.2
  1
0.000
 41
0.7
 72
1
 11
459.3500000000001
 21
-468.0
 31
0.0
100
AcDbText
 73
2
  0
TEXT
  5
4B9
330
17
100
AcDbEntity
  8
IP坐标表
100
AcDbText
 10
469.4000000000001
 20
-468.0
 30
0.0
 40
2.2
  1
0.000
 41
0.7
 72
1
 11
469.4000000000001
 21
-468.0
 31
0.0
100
AcDbText
 73
2
  0
TEXT
  5
4BA
330
17
100
AcDbEntity
  8
IP坐标表
100
AcDbText
 10
481.7000000000001
 20
-468.0
 30
0.0
 40
2.2
  1
-
 41
0.7
 72
1
 11
481.7000000000001
 21
-468.0
 31
0.0
100
AcDbText
 73
2
  0
TEXT
  5
4BB
330
17
100
AcDbEntity
  8
IP坐标表
100
AcDbText
 10
497.9500000000001
 20
-468.0
 30
0.0
 40
2.2
  1
349.989
 41
0.7
 72
1
 11
497.9500000000001
 21
-468.0
 31
0.0
100
AcDbText
 73
2
  0
TEXT
  5
4BC
330
17
100
AcDbEntity
  8
IP坐标表
100
AcDbText
 10
324.72
 20
-474.0
 30
0.0
 40
2.2
  1
1#定向钻进
 41
0.7
 72
1
 11
324.72
 21
-474.0
 31
0.0
100
AcDbText
 73
2
  0
TEXT
  5
4BD
330
17
100
AcDbEntity
  8
IP坐标表
100
AcDbText
 10
342.68
 20
-474.0
 30
0.0
 40
2.2
  1
3454157.470000
 41
0.7
 72
1
 11
342.68
 21
-474.0
 31
0.0
100
AcDbText
 73
2
  0
TEXT
  5
4BE
330
17
100
AcDbEntity
  8
IP坐标表
100
AcDbText
 10
363.5
 20
-474.0
 30
0.0
 40
2.2
  1
621133.400000
 41
0.7
 72
1
 11
363.5
 21
-474.0
 31
0.0
100
AcDbText
 73
2
  0
TEXT
  5
4BF
330
17
100
AcDbEntity
  8
IP坐标表
100
AcDbText
 10
383.58000000000004
 20
-474.0
 30
0.0
 40
2.2
  1
蒲支5+615.04
 41
0.7
 72
1
 11
383.58000000000004
 21
-474.0
 31
0.0
100
AcDbText
 73
2
  0
TEXT
  5
4C0
330
17
100
AcDbEntity
  8
IP坐标表
100
AcDbText
 10
403.58000000000004
 20
-474.0
 30
0.0
 40
2.2
  1
蒲支5+615.04
 41
0.7
 72
1
 11
403.58000000000004
 21
-474.0
 31
0.0
100
AcDbText
 73
2
  0
TEXT
  5
4C1
330
17
100
AcDbEntity
  8
IP坐标表
100
AcDbText
 10
423.58000000000004
 20
-474.0
 30
0.0
 40
2.2
  1
蒲支5+615.04
 41
0.7
 72
1
 11
423.58000000000004
 21
-474.0
 31
0.0
100
AcDbText
 73
2
  0
TEXT
  5
4C2
330
17
100
AcDbEntity
  8
IP坐标表
100
AcDbText
 10
439.0400000000001
 20
-474.0
 30
0.0
 40
2.2
  1
48.218
 41
0.7
 72
1
 11
439.0400000000001
 21
-474.0
 31
0.0
100
AcDbText
 73
2
  0
TEXT
  5
4C3
330
17
100
AcDbEntity
  8
IP坐标表
100
AcDbText
 10
449.30000000000007
 20
-474.0
 30
0.0
 40
2.2
  1
0.000
 41
0.7
 72
1
 11
449.30000000000007
 21
-474.0
 31
0.0
100
AcDbText
 73
2
  0
TEXT
  5
4C4
330
17
100
AcDbEntity
  8
IP坐标表
100
AcDbText
 10
459.3500000000001
 20
-474.0
 30
0.0
 40
2.2
  1
0.000
 41
0.7
 72
1
 11
459.3500000000001
 21
-474.0
 31
0.0
100
AcDbText
 73
2
  0
TEXT
  5
4C5
330
17
100
AcDbEntity
  8
IP坐标表
100
AcDbText
 10
469.4000000000001
 20
-474.0
 30
0.0
 40
2.2
  1
0.000
 41
0.7
 72
1
 11
469.4000000000001
 21
-474.0
 31
0.0
100
AcDbText
 73
2
  0
TEXT
  5
4C6
330
17
100
AcDbEntity
  8
IP坐标表
100
AcDbText
 10
481.7000000000001
 20
-474.0
 30
0.0
 40
2.2
  1
-
 41
0.7
 72
1
 11
481.7000000000001
 21
-474.0
 31
0.0
100
AcDbText
 73
2
  0
TEXT
  5
4C7
330
17
100
AcDbEntity
  8
IP坐标表
100
AcDbText
 10
497.9500000000001
 20
-474.0
 30
0.0
 40
2.2
  1
349.963
 41
0.7
 72
1
 11
497.9500000000001
 21
-474.0
 31
0.0
100
AcDbText
 73
2
  0
TEXT
  5
4C8
330
17
100
AcDbEntity
  8
IP坐标表
100
AcDbText
 10
324.72
 20
-480.0
 30
0.0
 40
2.2
  1
1#定向钻出
 41
0.7
 72
1
 11
324.72
 21
-480.0
 31
0.0
100
AcDbText
 73
2
  0
TEXT
  5
4C9
330
17
100
AcDbEntity
  8
IP坐标表
100
AcDbText
 10
342.68
 20
-480.0
 30
0.0
 40
2.2
  1
3454019.440000
 41
0.7
 72
1
 11
342.68
 21
-480.0
 31
0.0
100
AcDbText
 73
2
  0
TEXT
  5
4CA
330
17
100
AcDbEntity
  8
IP坐标表
100
AcDbText
 10
363.5
 20
-480.0
 30
0.0
 40
2.2
  1
620657.830000
 41
0.7
 72
1
 11
363.5
 21
-480.0
 31
0.0
100
AcDbText
 73
2
  0
TEXT
  5
4CB
330
17
100
AcDbEntity
  8
IP坐标表
100
AcDbText
 10
383.58000000000004
 20
-480.0
 30
0.0
 40
2.2
  1
蒲支6+110.24
 41
0.7
 72
1
 11
383.58000000000004
 21
-480.0
 31
0.0
100
AcDbText
 73
2
  0
TEXT
  5
4CC
330
17
100
AcDbEntity
  8
IP坐标表
100
AcDbText
 10
403.58000000000004
 20
-480.0
 30
0.0
 40
2.2
  1
蒲支6+110.24
 41
0.7
 72
1
 11
403.58000000000004
 21
-480.0
 31
0.0
100
AcDbText
 73
2
  0
TEXT
  5
4CD
330
17
100
AcDbEntity
  8
IP坐标表
100
AcDbText
 10
423.58000000000004
 20
-480.0
 30
0.0
 40
2.2
  1
蒲支6+110.24
 41
0.7
 72
1
 11
423.58000000000004
 21
-480.0
 31
0.0
100
AcDbText
 73
2
  0
TEXT
  5
4CE
330
17
100
AcDbEntity
  8
IP坐标表
100
AcDbText
 10
439.0400000000001
 20
-480.0
 30
0.0
 40
2.2
  1
0.000
 41
0.7
 72
1
 11
439.0400000000001
 21
-480.0
 31
0.0
100
AcDbText
 73
2
  0
TEXT
  5
4CF
330
17
100
AcDbEntity
  8
IP坐标表
100
AcDbText
 10
449.30000000000007
 20
-480.0
 30
0.0
 40
2.2
  1
0.000
 41
0.7
 72
1
 11
449.30000000000007
 21
-480.0
 31
0.0
100
AcDbText
 73
2
  0
TEXT
  5
4D0
330
17
100
AcDbEntity
  8
IP坐标表
100
AcDbText
 10
459.3500000000001
 20
-480.0
 30
0.0
 40
2.2
  1
0.000
 41
0.7
 72
1
 11
459.3500000000001
 21
-480.0
 31
0.0
100
AcDbText
 73
2
  0
TEXT
  5
4D1
330
17
100
AcDbEntity
  8
IP坐标表
100
AcDbText
 10
469.4000000000001
 20
-480.0
 30
0.0
 40
2.2
  1
0.000
 41
0.7
 72
1
 11
469.4000000000001
 21
-480.0
 31
0.0
100
AcDbText
 73
2
  0
TEXT
  5
4D2
330
17
100
AcDbEntity
  8
IP坐标表
100
AcDbText
 10
481.7000000000001
 20
-480.0
 30
0.0
 40
2.2
  1
-
 41
0.7
 72
1
 11
481.7000000000001
 21
-480.0
 31
0.0
100
AcDbText
 73
2
  0
TEXT
  5
4D3
330
17
100
AcDbEntity
  8
IP坐标表
100
AcDbText
 10
497.9500000000001
 20
-480.0
 30
0.0
 40
2.2
  1
349.630
 41
0.7
 72
1
 11
497.9500000000001
 21
-480.0
 31
0.0
100
AcDbText
 73
2
  0
ENDSEC
  0
SECTION
  2
OBJECTS
  0
DICTIONARY
  5
A
330
0
100
AcDbDictionary
281
1
  3
ACAD_COLOR
350
B
  3
ACAD_GROUP
350
C
  3
ACAD_LAYOUT
350
D
  3
ACAD_MATERIAL
350
E
  3
ACAD_MLEADERSTYLE
350
F
  3
ACAD_MLINESTYLE
350
10
  3
ACAD_PLOTSETTINGS
350
11
  3
ACAD_PLOTSTYLENAME
350
12
  3
ACAD_SCALELIST
350
14
  3
ACAD_TABLESTYLE
350
15
  3
ACAD_VISUALSTYLE
350
16
  3
EZDXF_META
350
2D
  0
DICTIONARY
  5
B
330
A
100
AcDbDictionary
281
1
  0
DICTIONARY
  5
C
330
A
100
AcDbDictionary
281
1
  0
DICTIONARY
  5
D
330
A
100
AcDbDictionary
281
1
  3
Model
350
1A
  3
Layout1
350
1E
  0
DICTIONARY
  5
E
330
A
100
AcDbDictionary
281
1
  3
ByBlock
350
1F
  3
ByLayer
350
20
  3
Global
350
21
  0
DICTIONARY
  5
F
330
A
100
AcDbDictionary
281
1
  3
Standard
350
2C
  0
DICTIONARY
  5
10
330
A
100
AcDbDictionary
281
1
  3
Standard
350
22
  0
DICTIONARY
  5
11
330
A
100
AcDbDictionary
281
1
  0
ACDBDICTIONARYWDFLT
  5
12
330
A
100
AcDbDictionary
281
1
  3
Normal
350
13
100
AcDbDictionaryWithDefault
340
13
  0
ACDBPLACEHOLDER
  5
13
330
12
  0
DICTIONARY
  5
14
330
A
100
AcDbDictionary
281
1
  0
DICTIONARY
  5
15
330
A
100
AcDbDictionary
281
1
  0
DICTIONARY
  5
16
330
A
100
AcDbDictionary
281
1
  0
LAYOUT
  5
1A
330
D
100
AcDbPlotSettings
  1

  4
A3
  6

 40
7.5
 41
20.0
 42
7.5
 43
20.0
 44
420.0
 45
297.0
 46
0.0
 47
0.0
 48
0.0
 49
0.0
140
0.0
141
0.0
142
1.0
143
1.0
 70
1024
 72
1
 73
0
 74
5
  7

 75
16
 76
0
 77
2
 78
300
147
1.0
148
0.0
149
0.0
100
AcDbLayout
  1
Model
 70
1
 71
0
 10
0.0
 20
0.0
 11
420.0
 21
297.0
 12
0.0
 22
0.0
 32
0.0
 14
1e+20
 24
1e+20
 34
1e+20
 15
-1e+20
 25
-1e+20
 35
-1e+20
146
0.0
 13
0.0
 23
0.0
 33
0.0
 16
1.0
 26
0.0
 36
0.0
 17
0.0
 27
1.0
 37
0.0
 76
1
330
17
  0
LAYOUT
  5
1E
330
D
100
AcDbPlotSettings
  1

  4
A3
  6

 40
7.5
 41
20.0
 42
7.5
 43
20.0
 44
420.0
 45
297.0
 46
0.0
 47
0.0
 48
0.0
 49
0.0
140
0.0
141
0.0
142
1.0
143
1.0
 70
0
 72
1
 73
0
 74
5
  7

 75
16
 76
0
 77
2
 78
300
147
1.0
148
0.0
149
0.0
100
AcDbLayout
  1
Layout1
 70
1
 71
1
 10
0.0
 20
0.0
 11
420.0
 21
297.0
 12
0.0
 22
0.0
 32
0.0
 14
1e+20
 24
1e+20
 34
1e+20
 15
-1e+20
 25
-1e+20
 35
-1e+20
146
0.0
 13
0.0
 23
0.0
 33
0.0
 16
1.0
 26
0.0
 36
0.0
 17
0.0
 27
1.0
 37
0.0
 76
1
330
1B
  0
MATERIAL
  5
1F
102
{ACAD_REACTORS
330
E
102
}
330
E
100
AcDbMaterial
  1
ByBlock
  2

 70
0
 40
1.0
 71
1
 41
1.0
 91
-1023410177
 42
1.0
 72
1
  3

 73
1
 74
1
 75
1
 44
0.5
 73
0
 45
1.0
 46
1.0
 77
1
  4

 78
1
 79
1
170
1
 48
1.0
171
1
  6

172
1
173
1
174
1
140
1.0
141
1.0
175
1
  7

176
1
177
1
178
1
143
1.0
179
1
  8

270
1
271
1
272
1
145
1.0
146
1.0
273
1
  9

274
1
275
1
276
1
 42
1.0
 72
1
  3

 73
1
 74
1
 75
1
 94
63
  0
MATERIAL
  5
20
102
{ACAD_REACTORS
330
E
102
}
330
E
100
AcDbMaterial
  1
ByLayer
  2

 70
0
 40
1.0
 71
1
 41
1.0
 91
-1023410177
 42
1.0
 72
1
  3

 73
1
 74
1
 75
1
 44
0.5
 73
0
 45
1.0
 46
1.0
 77
1
  4

 78
1
 79
1
170
1
 48
1.0
171
1
  6

172
1
173
1
174
1
140
1.0
141
1.0
175
1
  7

176
1
177
1
178
1
143
1.0
179
1
  8

270
1
271
1
272
1
145
1.0
146
1.0
273
1
  9

274
1
275
1
276
1
 42
1.0
 72
1
  3

 73
1
 74
1
 75
1
 94
63
  0
MATERIAL
  5
21
102
{ACAD_REACTORS
330
E
102
}
330
E
100
AcDbMaterial
  1
Global
  2

 70
0
 40
1.0
 71
1
 41
1.0
 91
-1023410177
 42
1.0
 72
1
  3

 73
1
 74
1
 75
1
 44
0.5
 73
0
 45
1.0
 46
1.0
 77
1
  4

 78
1
 79
1
170
1
 48
1.0
171
1
  6

172
1
173
1
174
1
140
1.0
141
1.0
175
1
  7

176
1
177
1
178
1
143
1.0
179
1
  8

270
1
271
1
272
1
145
1.0
146
1.0
273
1
  9

274
1
275
1
276
1
 42
1.0
 72
1
  3

 73
1
 74
1
 75
1
 94
63
  0
MLINESTYLE
  5
22
102
{ACAD_REACTORS
330
10
102
}
330
10
100
AcDbMlineStyle
  2
Standard
 70
0
  3

 62
256
 51
90.0
 52
90.0
 71
2
 49
0.5
 62
256
  6
BYLAYER
 49
-0.5
 62
256
  6
BYLAYER
  0
MLEADERSTYLE
  5
2C
102
{ACAD_REACTORS
330
F
102
}
330
F
100
AcDbMLeaderStyle
179
2
170
2
171
1
172
0
 90
2
 40
0.0
 41
0.0
173
1
 91
-1056964608
 92
-2
290
1
 42
2.0
291
1
 43
8.0
  3
Standard
 44
4.0
300

342
29
174
1
175
1
176
0
178
1
 93
-1056964608
 45
4.0
292
0
297
0
 46
4.0
 94
-1056964608
 47
1.0
 49
1.0
140
1.0
294
1
141
0.0
177
0
142
1.0
295
0
296
0
143
3.75
271
0
272
9
273
9
  0
DICTIONARY
  5
2D
330
A
100
AcDbDictionary
280
1
281
1
  3
CREATED_BY_EZDXF
350
2E
  3
WRITTEN_BY_EZDXF
350
4D6
  0
DICTIONARYVAR
  5
2E
330
2D
100
DictionaryVariables
280
0
  1
1.4.3 @ 2026-09-18T06:46:58.902993+00:00
  0
DICTIONARYVAR
  5
4D6
330
2D
100
DictionaryVariables
280
0
  1
1.4.3 @ 2026-09-18T06:46:58.988570+00:00
  0
ENDSEC
  0
EOF
